--- When using SR data, please cite us and provide a link and/or a mention.


 
,,,Overall,Overall,Overall,Conference,Conference,Conference,Points Per Game,Points Per Game,SRS,SRS,Polls,Polls,Polls,
Rk,School,Conf,W,L,Pct,W,L,Pct,Off,Def,SRS,SOS,AP Pre,AP High,AP Rank,Notes
1,Florida State,ACC,12,0,1.000,8,0,1.000,38.2,16.9,23.50,5.58,1,1,1,
2,Georgia Tech,ACC,8,4,.667,5,3,.625,38.4,30.1,10.30,3.47,11,7,20,
3,Virginia,ACC,7,5,.583,5,3,.625,28.8,30.4,3.57,3.66,24,22,,
4,Clemson,ACC,6,6,.500,5,3,.625,26.8,21.1,7.55,5.30,,,,
5,Wake Forest,ACC,7,5,.583,3,5,.375,22.2,17.4,4.37,0.96,,,,
6,North Carolina State,ACC,6,6,.500,3,5,.375,20.3,25.2,-1.69,2.39,,20,,
7,Duke,ACC,3,8,.273,3,5,.375,19.7,33.0,-4.91,4.28,,,,
8,Maryland,ACC,5,6,.455,2,6,.250,26.5,23.6,1.40,0.94,,,,
9,North Carolina,ACC,3,8,.273,2,6,.250,16.9,24.7,-4.89,2.20,,,,
10,Nebraska,Big 12 (North),12,1,.923,7,1,.875,34.0,13.2,21.15,5.15,6,3,3,
11,Kansas State,Big 12 (North),11,1,.917,7,1,.875,38.1,13.7,15.11,-0.06,20,5,6,
12,Colorado,Big 12 (North),7,5,.583,5,3,.625,33.8,25.9,6.88,2.05,15,14,,
13,Kansas,Big 12 (North),5,7,.417,3,5,.375,24.5,29.5,-2.98,1.19,,,,
14,Iowa State,Big 12 (North),4,7,.364,1,7,.125,22.5,24.7,-0.60,1.49,,,,
15,Missouri,Big 12 (North),4,7,.364,1,7,.125,20.4,33.7,-1.89,5.02,,,,
16,Texas,Big 12 (South),9,5,.643,6,2,.750,32.1,21.1,8.72,4.15,17,6,21,
17,Texas A&M,Big 12 (South),8,4,.667,5,3,.625,26.5,19.3,9.05,3.05,7,5,23,
18,Oklahoma,Big 12 (South),7,5,.583,5,3,.625,35.8,19.1,10.14,0.64,,23,,
19,Texas Tech,Big 12 (South),6,5,.545,5,3,.625,23.0,25.6,-1.65,-1.83,,,,
20,Oklahoma State,Big 12 (South),5,6,.455,3,5,.375,24.3,24.9,0.78,2.14,,,,
21,Baylor,Big 12 (South),1,10,.091,0,8,.000,12.5,37.6,-15.97,1.21,,,,
22,Virginia Tech,Big East,11,1,.917,7,0,1.000,40.3,13.5,18.66,0.99,13,2,2,
23,Miami (FL),Big East,9,4,.692,6,1,.857,33.2,16.9,12.55,3.86,12,8,15,
24,Boston College,Big East,8,4,.667,4,3,.571,24.8,25.7,0.80,-0.70,,22,,
25,Syracuse,Big East,7,5,.583,3,4,.429,25.0,21.3,4.82,0.15,,16,,
26,West Virginia,Big East,4,7,.364,3,4,.429,26.5,26.3,-0.35,1.65,,,,
27,Pitt,Big East,5,6,.455,2,5,.286,25.5,25.3,1.27,1.09,,,,
28,Temple,Big East,2,9,.182,2,5,.286,13.9,33.3,-7.69,3.86,,,,
29,Rutgers,Big East,1,10,.091,1,6,.143,14.1,38.8,-13.99,3.65,,,,
30,Wisconsin,Big Ten,10,2,.833,7,1,.875,34.1,12.8,14.88,0.88,10,4,4,
31,Michigan,Big Ten,10,2,.833,6,2,.750,30.1,20.6,16.77,7.86,8,3,5,
32,Michigan State,Big Ten,10,2,.833,6,2,.750,31.5,20.4,14.95,7.03,,5,7,
33,Penn State,Big Ten,10,3,.769,5,3,.625,32.1,18.0,17.79,6.25,3,2,11,
34,Minnesota,Big Ten,8,4,.667,5,3,.625,30.7,16.3,11.81,1.39,,12,18,
35,Illinois,Big Ten,8,4,.667,4,4,.500,32.3,22.9,11.40,4.73,,24,24,
36,Purdue,Big Ten,7,5,.583,4,4,.500,32.0,25.4,9.76,5.68,23,11,25,
37,Ohio State,Big Ten,6,6,.500,3,5,.375,23.8,23.9,7.64,7.39,9,9,,
38,Indiana,Big Ten,4,7,.364,3,5,.375,26.5,35.1,-1.38,4.16,,,,
39,Northwestern,Big Ten,3,8,.273,1,7,.125,12.8,27.4,-5.76,6.06,,,,
40,Iowa,Big Ten,1,10,.091,0,8,.000,14.7,31.5,-5.49,7.24,,,,
41,Boise State,Big West,10,3,.769,5,1,.833,33.1,21.3,1.25,-7.14,,,,
42,Idaho,Big West,7,4,.636,4,2,.667,27.6,25.7,-5.44,-8.17,,,,
43,New Mexico State,Big West,6,5,.545,3,2,.600,28.3,24.9,-6.28,-7.10,,,,
44,Utah State,Big West,4,7,.364,3,3,.500,21.3,27.4,-7.57,-2.84,,,,
45,Arkansas State,Big West,4,7,.364,2,3,.400,22.4,30.2,-8.81,-4.63,,,,
46,Nevada,Big West,3,8,.273,2,4,.333,25.7,38.0,-12.12,-3.75,,,,
47,North Texas,Big West,2,9,.182,1,5,.167,10.7,26.5,-19.41,-6.22,,,,
48,Southern Mississippi,CUSA,9,3,.750,6,0,1.000,27.8,15.8,9.75,1.00,,14,14,
49,East Carolina,CUSA,9,3,.750,4,2,.667,27.8,18.8,6.84,-0.66,,16,,
50,Louisville,CUSA,7,5,.583,4,2,.667,36.9,30.4,4.36,-0.31,,,,
51,Memphis,CUSA,5,6,.455,4,2,.667,21.1,16.5,3.97,2.43,,,,
52,UAB,CUSA,5,6,.455,4,2,.667,22.5,25.4,-0.72,2.01,,,,
53,Houston,CUSA,7,4,.636,3,3,.500,23.1,19.2,0.90,-1.74,,,,
54,Army,CUSA,3,8,.273,1,5,.167,20.5,28.8,-8.88,-0.61,,,,
55,Tulane,CUSA,3,8,.273,1,5,.167,25.4,36.3,-7.46,-0.10,,,,
56,Cincinnati,CUSA,3,8,.273,0,6,.000,25.0,26.3,-2.52,0.57,,,,
57,Louisiana Tech,Ind,8,3,.727,,,,35.4,27.8,4.47,-1.89,,25,,
58,Louisiana-Monroe,Ind,5,6,.455,,,,16.9,29.3,-9.61,-4.52,,,,
59,Navy,Ind,5,7,.417,,,,27.2,25.5,-1.69,-3.27,,,,
60,Notre Dame,Ind,5,7,.417,,,,29.0,27.6,6.59,6.84,18,16,,
61,UCF,Ind,4,7,.364,,,,25.2,28.9,-5.49,-2.49,,,,
62,Middle Tennessee State,Ind,3,8,.273,,,,24.7,34.5,-16.80,-7.62,,,,
63,Louisiana,Ind,2,9,.182,,,,18.5,37.7,-18.07,-4.80,,,,
64,Marshall,MAC (East),13,0,1.000,8,0,1.000,35.6,10.5,9.76,-8.62,,10,10,
65,Miami (OH),MAC (East),7,4,.636,6,2,.750,30.5,24.0,-4.83,-9.46,,,,
66,Akron,MAC (East),7,4,.636,5,3,.625,28.6,28.5,-7.63,-9.63,,,,
67,Ohio,MAC (East),5,6,.455,5,3,.625,24.6,26.1,-11.25,-8.71,,,,
68,Bowling Green,MAC (East),5,6,.455,3,5,.375,26.9,28.4,-10.13,-9.13,,,,
69,Kent State,MAC (East),2,9,.182,2,6,.250,19.4,34.2,-17.05,-6.68,,,,
70,Buffalo,MAC (East),0,11,.000,0,8,.000,11.8,38.7,-29.23,-9.14,,,,
71,Western Michigan,MAC (West),7,5,.583,6,2,.750,31.1,28.5,-5.09,-7.84,,,,
72,Toledo,MAC (West),6,5,.545,5,3,.625,26.6,20.8,-5.05,-8.96,,,,
73,Northern Illinois,MAC (West),5,6,.455,5,3,.625,26.3,26.3,-12.22,-11.22,,,,
74,Eastern Michigan,MAC (West),4,7,.364,4,4,.500,21.7,30.7,-12.91,-6.64,,,,
75,Central Michigan,MAC (West),4,7,.364,3,5,.375,20.8,31.3,-17.01,-9.83,,,,
76,Ball State,MAC (West),0,11,.000,0,8,.000,14.3,32.8,-23.79,-6.97,,,,
77,Utah,MWC,9,3,.750,5,2,.714,31.7,17.5,9.07,-1.51,,,,
78,BYU,MWC,8,4,.667,5,2,.714,27.9,20.9,7.43,1.02,,15,,
79,Colorado State,MWC,8,4,.667,5,2,.714,28.8,22.4,5.85,0.35,,23,,
80,Wyoming,MWC,7,4,.636,4,3,.571,27.5,24.5,2.94,-0.70,,,,
81,San Diego State,MWC,5,6,.455,3,4,.429,24.7,20.5,1.35,0.16,,,,
82,New Mexico,MWC,4,7,.364,3,4,.429,21.8,27.1,-5.34,-1.53,,,,
83,Air Force,MWC,6,5,.545,2,5,.286,24.0,19.8,2.35,-1.56,,24,,
84,Nevada-Las Vegas,MWC,3,8,.273,1,6,.143,14.5,29.5,-14.13,-2.22,,,,
85,Stanford,Pac-10,8,4,.667,7,1,.875,34.8,30.3,7.97,2.06,,22,,
86,Oregon,Pac-10,9,3,.750,6,2,.750,34.2,23.7,8.17,1.09,,19,19,
87,Washington,Pac-10,7,5,.583,6,2,.750,27.6,25.2,5.68,3.60,,23,,
88,Arizona State,Pac-10,6,6,.500,5,3,.625,23.8,25.9,0.23,1.81,25,22,,
89,Oregon State,Pac-10,7,5,.583,4,4,.500,28.9,23.1,2.76,-0.91,,,,
90,Arizona,Pac-10,6,6,.500,3,5,.375,28.3,30.3,0.58,1.66,4,4,,
91,USC,Pac-10,6,6,.500,3,5,.375,29.0,23.2,4.62,1.95,19,16,,
92,California,Pac-10,4,7,.364,3,5,.375,16.4,23.1,-1.36,3.37,,,,record adjusted to 0-7-0 by NCAA
93,UCLA,Pac-10,4,7,.364,2,6,.250,20.9,28.3,-2.01,3.62,16,14,,
94,Washington State,Pac-10,3,9,.250,1,7,.125,20.7,27.3,-4.93,1.15,,,,
95,Florida,SEC (East),9,4,.692,7,1,.875,31.0,20.9,15.55,6.86,5,3,12,
96,Tennessee,SEC (East),9,3,.750,6,2,.750,30.8,16.2,20.23,7.14,2,2,9,
97,Georgia,SEC (East),8,4,.667,5,3,.625,28.0,25.8,7.33,4.41,14,10,16,
98,Kentucky,SEC (East),6,6,.500,4,4,.500,27.3,28.6,3.30,3.80,,,,
99,Vanderbilt,SEC (East),5,6,.455,2,6,.250,22.9,23.3,1.85,3.76,,,,
100,South Carolina,SEC (East),0,11,.000,0,8,.000,7.9,25.3,-8.29,8.52,,,,
101,Alabama,SEC (West),10,3,.769,7,1,.875,29.1,20.4,17.19,9.26,20,5,8,
102,Mississippi State,SEC (West),10,2,.833,6,2,.750,21.3,13.0,11.84,2.75,,8,13,
103,Arkansas,SEC (West),8,4,.667,4,4,.500,29.4,17.8,10.18,2.59,22,14,17,
104,Ole Miss,SEC (West),8,4,.667,4,4,.500,26.9,19.0,10.79,3.37,,16,22,
105,Auburn,SEC (West),5,6,.455,2,6,.250,21.2,21.5,3.94,5.58,,,,
106,LSU,SEC (West),3,8,.273,1,7,.125,20.3,23.5,-1.41,4.59,,,,
107,Hawaii,WAC,9,4,.692,5,2,.714,28.5,26.8,-0.37,-4.29,,,,
108,Texas Christian,WAC,8,4,.667,5,2,.714,30.2,17.8,3.67,-5.75,,,,
109,Fresno State,WAC,8,5,.615,5,2,.714,31.8,21.7,2.31,-4.38,,,,
110,Rice,WAC,5,6,.455,4,3,.571,21.5,23.7,-3.59,-0.95,,,,
111,SMU,WAC,4,6,.400,3,3,.500,19.3,23.5,-8.76,-3.86,,,,
112,UTEP,WAC,5,7,.417,3,4,.429,25.5,32.4,-7.20,-1.61,,,,
113,San Jose State,WAC,3,7,.300,1,5,.167,25.8,40.2,-11.09,-2.49,,,,
114,Tulsa,WAC,2,9,.182,1,6,.143,20.9,35.1,-13.75,-4.02,,,,