week,type,round,team,opponent,home_away,pre_rating,opp_pre_rating,expected_win_pct,points_for,points_against,ot,mov,result,mov_mult,keff,rating_change,post_rating
1,R,RS,CAR,ATL,H,1500,1482.9100342341976,0.5784967523447427,29,6,0,23,1.0,1.8068305082139833,22.44,17.089965765802354,1517.0899657658024
1,R,RS,ATL,CAR,A,1500,1517.0899657658024,0.42150324765525726,6,29,0,-23,0.0,1.8068305082139833,22.44,-17.089965765802354,1482.9100342341976
1,R,RS,STL,CIN,H,1500,1491.251686469638,0.5784967523447427,26,16,0,10,1.0,1.0377516162719296,20,8.748313530362212,1508.748313530362
1,R,RS,CIN,STL,A,1500,1508.748313530362,0.42150324765525726,16,26,0,-10,0.0,1.0377516162719296,20,-8.748313530362212,1491.251686469638
1,R,RS,IND,ARI,H,1500,1492.9079848045244,0.5784967523447427,20,13,0,7,1.0,0.8412764593069244,20,7.092015195475691,1507.0920151954756
1,R,RS,ARI,IND,A,1500,1507.0920151954756,0.42150324765525726,13,20,0,-7,0.0,0.8412764593069244,20,-7.092015195475691,1492.9079848045244
1,R,RS,MIN,DET,H,1500,1494.0180752376923,0.5784967523447427,17,13,0,4,1.0,0.6324368525071156,22.44,5.981924762307792,1505.9819247623077
1,R,RS,DET,MIN,A,1500,1505.9819247623077,0.42150324765525726,13,17,0,-4,0.0,0.6324368525071156,22.44,-5.981924762307792,1494.0180752376923
1,R,RS,JAX,PIT,H,1500,1487.2655404438165,0.5784967523447427,24,9,0,15,1.0,1.3463461745354397,22.44,12.734459556183598,1512.7344595561835
1,R,RS,PIT,JAX,A,1500,1512.7344595561835,0.42150324765525726,9,24,0,-15,0.0,1.3463461745354397,22.44,-12.734459556183598,1487.2655404438165
1,R,RS,TEN,KC,H,1500,1504.7699938849355,0.5784967523447427,19,20,0,-1,0.0,0.40419108440277285,20.4,-4.769993884935559,1495.2300061150645
1,R,RS,KC,TEN,A,1500,1495.2300061150645,0.42150324765525726,20,19,0,1,1.0,0.40419108440277285,20.4,4.769993884935559,1504.7699938849355
1,R,RS,WAS,PHI,H,1500,1507.2574410133807,0.5784967523447427,14,17,0,-3,0.0,0.5590616950172634,22.44,-7.2574410133805936,1492.7425589866193
1,R,RS,PHI,WAS,A,1500,1492.7425589866193,0.42150324765525726,17,14,0,3,1.0,0.5590616950172634,22.44,7.2574410133805936,1507.2574410133807
1,R,RS,BAL,OAK,H,1500,1493.9487956576904,0.5784967523447427,19,14,0,5,1.0,0.7037375524122104,20.4,6.051204342309653,1506.0512043423096
1,R,RS,OAK,BAL,A,1500,1506.0512043423096,0.42150324765525726,14,19,0,-5,0.0,0.7037375524122104,20.4,-6.051204342309653,1493.9487956576904
1,R,RS,DEN,NYJ,H,1500,1483.5147227966388,0.5784967523447427,31,6,0,25,1.0,1.9171900292334567,20.4,16.485277203361264,1516.4852772033612
1,R,RS,NYJ,DEN,A,1500,1516.4852772033612,0.42150324765525726,6,31,0,-25,0.0,1.9171900292334567,20.4,-16.485277203361264,1483.5147227966388
1,R,RS,TB,GB,H,1500,1529.0700412487845,0.5784967523447427,3,34,0,-31,0.0,2.2393494490417982,22.44,-29.070041248784417,1470.9299587512155
1,R,RS,GB,TB,A,1500,1470.9299587512155,0.42150324765525726,34,3,0,31,1.0,2.2393494490417982,22.44,29.070041248784417,1529.0700412487845
1,R,RS,MIA,NE,H,1500,1487.834732822688,0.5784967523447427,24,10,0,14,1.0,1.2861685141889152,22.44,12.16526717731195,1512.165267177312
1,R,RS,NE,MIA,A,1500,1512.165267177312,0.42150324765525726,10,24,0,-14,0.0,1.2861685141889152,22.44,-12.16526717731195,1487.834732822688
1,R,RS,SF,NO,H,1500,1486.7026409629145,0.5784967523447427,27,11,0,16,1.0,1.4058585204984977,22.44,13.297359037085432,1513.2973590370855
1,R,RS,NO,SF,A,1500,1513.2973590370855,0.42150324765525726,11,27,0,-16,0.0,1.4058585204984977,22.44,-13.297359037085432,1486.7026409629145
1,R,RS,SD,SEA,H,1500,1483.437933605789,0.5784967523447427,29,7,0,22,1.0,1.7510185362691784,22.44,16.562066394210785,1516.562066394211
1,R,RS,SEA,SD,A,1500,1516.562066394211,0.42150324765525726,7,29,0,-22,0.0,1.7510185362691784,22.44,-16.562066394210785,1483.437933605789
1,R,RS,NYG,BUF,H,1500,1504.5278152489898,0.5784967523447427,20,23,1,-3,0.0,0.3913431865120844,20,-4.5278152489896755,1495.4721847510102
1,R,RS,BUF,NYG,A,1500,1495.4721847510102,0.42150324765525726,23,20,1,3,1.0,0.3913431865120844,20,4.5278152489896755,1504.5278152489898
1,R,RS,CHI,DAL,H,1500,1487.911491784468,0.5784967523447427,22,6,0,16,1.0,1.4058585204984977,20.4,12.088508215532208,1512.088508215532
1,R,RS,DAL,CHI,A,1500,1512.088508215532,0.42150324765525726,6,22,0,-16,0.0,1.4058585204984977,20.4,-12.088508215532208,1487.911491784468
2,R,RS,ATL,MIN,H,1482.9100342341976,1514.4360545603115,0.5458193347509535,17,23,0,-6,0.0,0.7592587894348286,20.4,-8.454129798003901,1474.4559044361938
2,R,RS,MIN,ATL,A,1505.9819247623077,1474.4559044361938,0.45418066524904654,23,17,0,6,1.0,0.7592587894348286,20.4,8.454129798003901,1514.4360545603115
2,R,RS,BUF,NE,H,1504.5278152489898,1480.4152676426038,0.601734765375728,17,10,0,7,1.0,0.8301897189802007,22.44,7.419465180084193,1511.947280429074
2,R,RS,NE,BUF,A,1487.834732822688,1511.947280429074,0.39826523462427194,10,17,0,-7,0.0,0.8301897189802007,22.44,-7.419465180084192,1480.4152676426038
2,R,RS,DET,TB,H,1494.0180752376923,1459.3764762562844,0.6105230425702717,21,6,0,15,1.0,1.3219294849864198,22.44,11.553482494931119,1505.5715577326234
2,R,RS,TB,DET,A,1470.9299587512155,1505.5715577326234,0.3894769574297283,6,21,0,-15,0.0,1.3219294849864198,22.44,-11.553482494931119,1459.3764762562844
2,R,RS,JAX,TEN,H,1512.7344595561835,1506.4536513118665,0.602853547673472,27,34,0,-7,0.0,0.82965828741564,22.44,-11.22364519680184,1501.5108143593816
2,R,RS,TEN,JAX,A,1495.2300061150645,1501.5108143593816,0.39714645232652795,34,27,0,7,1.0,0.82965828741564,22.44,11.22364519680184,1506.4536513118665
2,R,RS,KC,OAK,H,1504.7699938849355,1481.238165547659,0.5936071114693552,19,3,0,16,1.0,1.393792516412299,22.44,12.710630110031353,1517.480623994967
2,R,RS,OAK,KC,A,1493.9487956576904,1517.480623994967,0.40639288853064476,3,19,0,-16,0.0,1.393792516412299,22.44,-12.710630110031351,1481.238165547659
2,R,RS,NO,CAR,H,1486.7026409629145,1522.7569663431038,0.5353613536747633,20,22,0,-2,0.0,0.47171901920985343,22.44,-5.667000577301475,1481.035640385613
2,R,RS,CAR,NO,A,1517.0899657658024,1481.035640385613,0.4646386463252367,22,20,0,2,1.0,0.47171901920985343,22.44,5.667000577301474,1522.7569663431038
2,R,RS,NYJ,IND,H,1483.5147227966388,1522.5331790994458,0.5450980152213754,7,21,0,-14,0.0,1.2623581248908362,22.44,-15.441163903970274,1468.0735588926686
2,R,RS,IND,NYJ,A,1507.0920151954756,1468.0735588926686,0.4549019847786247,21,7,0,14,1.0,1.2623581248908362,22.44,15.441163903970274,1522.5331790994458
2,R,RS,PIT,BAL,H,1487.2655404438165,1493.3106123108473,0.5519286941685153,31,17,0,14,1.0,1.2671254794889975,22.44,12.74059203146226,1500.0061324752787
2,R,RS,BAL,PIT,A,1506.0512043423096,1500.0061324752787,0.4480713058314847,17,31,0,-14,0.0,1.2671254794889975,22.44,-12.74059203146226,1493.3106123108473
2,R,RS,WAS,CHI,H,1492.7425589866193,1504.5024078585718,0.5511309430496891,10,3,0,7,1.0,0.8284546657847425,20.4,7.586100356960398,1500.3286593435796
2,R,RS,CHI,WAS,A,1512.088508215532,1500.3286593435796,0.4488690569503108,3,10,0,-7,0.0,0.8284546657847425,20.4,-7.586100356960397,1504.5024078585718
2,R,RS,DAL,NYG,H,1487.911491784468,1475.9434256167153,0.5678495224227609,27,0,0,27,1.0,2.0138021446794445,22.44,19.528759134294877,1507.4402509187628
2,R,RS,NYG,DAL,A,1495.4721847510102,1507.4402509187628,0.4321504775772391,0,27,0,-27,0.0,2.0138021446794445,22.44,-19.528759134294877,1475.9434256167153
2,R,RS,SD,CIN,H,1516.562066394211,1481.7840738887824,0.6135605374762506,27,14,0,13,1.0,1.2009608255155098,20.4,9.467612580855555,1526.0296789750664
2,R,RS,CIN,SD,A,1491.251686469638,1526.0296789750664,0.3864394625237494,14,27,0,-13,0.0,1.2009608255155098,20.4,-9.467612580855555,1481.7840738887824
2,R,RS,SEA,DEN,H,1483.437933605789,1528.5447433179538,0.5315504367844708,20,30,0,-10,0.0,1.0110223342988156,22.44,-12.059466114592567,1471.3784674911965
2,R,RS,DEN,SEA,A,1516.4852772033612,1471.3784674911965,0.4684495632155293,30,20,0,10,1.0,1.0110223342988156,22.44,12.059466114592567,1528.5447433179538
2,R,RS,SF,STL,H,1513.2973590370855,1486.5085080498488,0.5848685395964477,34,0,0,34,1.0,2.3873851300953284,22.44,22.239805480513333,1535.5371645175987
2,R,RS,STL,SF,A,1508.748313530362,1535.5371645175987,0.4151314604035523,0,34,0,-34,0.0,2.3873851300953284,22.44,-22.239805480513333,1486.5085080498488
2,R,RS,ARI,MIA,H,1492.9079848045244,1534.7478034791034,0.5512572072193413,10,38,0,-28,0.0,2.048275832592059,20,-22.582536301791393,1470.325448502733
2,R,RS,MIA,ARI,A,1512.165267177312,1470.325448502733,0.44874279278065865,38,10,0,28,1.0,2.048275832592059,20,22.582536301791393,1534.7478034791034
2,R,RS,GB,PHI,H,1529.0700412487845,1491.7906575418583,0.6087757076860355,39,13,0,26,1.0,1.9379565003092807,20.4,15.46678347152241,1544.5368247203069
2,R,RS,PHI,GB,A,1507.2574410133807,1544.5368247203069,0.39122429231396444,13,39,0,-26,0.0,1.9379565003092807,20.4,-15.466783471522406,1491.7906575418583
3,R,RS,CHI,MIN,H,1504.5024078585718,1524.1540696471695,0.5644943938506106,14,20,0,-6,0.0,0.7671761326449437,22.44,-9.718015086857978,1494.7843927717138
3,R,RS,MIN,CHI,A,1514.4360545603115,1494.7843927717138,0.4355056061493893,20,14,0,6,1.0,0.7671761326449437,22.44,9.718015086857978,1524.1540696471695
3,R,RS,CIN,NO,H,1481.7840738887824,1469.7209074293125,0.579546931145469,30,15,0,15,1.0,1.3455405364415636,20,11.314732956300547,1493.098806845083
3,R,RS,NO,CIN,A,1481.035640385613,1493.098806845083,0.42045306885453104,15,30,0,-15,0.0,1.3455405364415636,20,-11.314732956300547,1469.7209074293125
3,R,RS,GB,SD,H,1544.5368247203069,1508.1533628052644,0.6042346534214357,42,10,0,32,1.0,2.2584488920448376,20,17.876316169801996,1562.413140890109
3,R,RS,SD,GB,A,1526.0296789750664,1562.413140890109,0.3957653465785643,10,42,0,-32,0.0,2.2584488920448376,20,-17.876316169801996,1508.1533628052644
3,R,RS,MIA,NYJ,H,1534.7478034791034,1461.1947900664836,0.6682793896339064,36,27,0,9,1.0,0.9240924160163733,22.44,6.878768826185124,1541.6265723052884
3,R,RS,NYJ,MIA,A,1468.0735588926686,1541.6265723052884,0.3317206103660936,27,36,0,-9,0.0,0.9240924160163733,22.44,-6.878768826185125,1461.1947900664836
3,R,RS,NE,ARI,H,1480.4152676426038,1452.2249337139906,0.5925910640477398,31,0,0,31,1.0,2.221418480480189,20,18.100514788742412,1498.5157824313462
3,R,RS,ARI,NE,A,1470.325448502733,1498.5157824313462,0.40740893595226024,0,31,0,-31,0.0,2.221418480480189,20,-18.100514788742412,1452.2249337139906
3,R,RS,TEN,BAL,H,1506.4536513118665,1480.723878532606,0.5968273189631341,29,13,0,16,1.0,1.3912305228811892,22.44,12.586733778241403,1519.0403850901077
3,R,RS,BAL,TEN,A,1493.3106123108473,1519.0403850901077,0.4031726810368659,13,29,0,-16,0.0,1.3912305228811892,22.44,-12.586733778241403,1480.723878532606
3,R,RS,PHI,DET,H,1491.7906575418583,1498.0863466047892,0.5590423057350228,24,17,0,7,1.0,0.8321027592479989,20.4,7.48521112783427,1499.2758686696925
3,R,RS,DET,PHI,A,1505.5715577326234,1499.2758686696925,0.4409576942649772,17,24,0,-7,0.0,0.8321027592479989,20.4,-7.48521112783427,1498.0863466047892
3,R,RS,DAL,IND,H,1507.4402509187628,1526.9835843402038,0.5571796523854793,24,25,0,-1,0.0,0.3993689666972092,20,-4.450405240757982,1502.9898456780047
3,R,RS,IND,DAL,A,1522.5331790994458,1502.9898456780047,0.4428203476145206,25,24,0,1,1.0,0.3993689666972092,20,4.450405240757983,1526.9835843402038
3,R,RS,NYG,WAS,H,1475.9434256167153,1520.619239533729,0.5439445134346936,10,31,0,-21,0.0,1.6623291184113533,22.44,-20.29058019014925,1455.652845426566
3,R,RS,WAS,NYG,A,1500.3286593435796,1455.652845426566,0.4560554865653063,31,10,0,21,1.0,1.6623291184113533,22.44,20.29058019014925,1520.619239533729
3,R,RS,OAK,JAX,H,1481.238165547659,1489.887336886917,0.5498109046299698,17,3,0,14,1.0,1.2656421786614693,20.4,11.623477472464723,1492.8616430201237
3,R,RS,JAX,OAK,A,1501.5108143593816,1492.8616430201237,0.4501890953700301,3,17,0,-14,0.0,1.2656421786614693,20.4,-11.623477472464721,1489.887336886917
3,R,RS,SEA,KC,H,1471.3784674911965,1534.3833872107302,0.5128022273577567,17,35,0,-18,0.0,1.4688753818962854,22.44,-16.90276321576345,1454.4757042754331
3,R,RS,KC,SEA,A,1517.480623994967,1454.4757042754331,0.4871977726422434,35,17,0,18,1.0,1.4688753818962854,22.44,16.902763215763446,1534.3833872107302
3,R,RS,DEN,TB,H,1528.5447433179538,1455.4386842596932,0.6714542978575663,27,23,0,4,1.0,0.5992761388922475,20,3.937791996591202,1532.482535314545
3,R,RS,TB,DEN,A,1459.3764762562844,1532.482535314545,0.3285457021424338,23,27,0,-4,0.0,0.5992761388922475,20,-3.9377919965912027,1455.4386842596932
3,R,RS,PIT,BUF,H,1500.0061324752787,1498.4565667017116,0.5616513479540279,24,6,0,18,1.0,1.5086381430687614,20.4,13.49071372736233,1513.496846202641
3,R,RS,BUF,PIT,A,1511.947280429074,1513.496846202641,0.43834865204597206,6,24,0,-18,0.0,1.5086381430687614,20.4,-13.49071372736233,1498.4565667017116
4,R,RS,CAR,SF,H,1522.7569663431038,1521.8111870342925,0.5604618638833638,23,7,0,16,1.0,1.3916302719693818,22.44,13.725977483306172,1536.48294382641
4,R,RS,SF,CAR,A,1535.5371645175987,1536.48294382641,0.4395381361166362,7,23,0,-16,0.0,1.3916302719693818,22.44,-13.725977483306174,1521.8111870342925
4,R,RS,KC,DEN,H,1534.3833872107302,1527.2360535810087,0.5811625589026637,17,14,0,3,1.0,0.558212831082513,22.44,5.246481733536239,1539.6298689442665
4,R,RS,DEN,KC,A,1532.482535314545,1539.6298689442665,0.4188374410973363,14,17,0,-3,0.0,0.558212831082513,22.44,-5.246481733536238,1527.2360535810087
4,R,RS,MIN,GB,H,1524.1540696471695,1552.3263440824505,0.5240735053328849,30,21,0,9,1.0,0.9444751532876738,22.44,10.086796807658486,1534.240866454828
4,R,RS,GB,MIN,A,1562.413140890109,1534.240866454828,0.4759264946671152,21,30,0,-9,0.0,0.9444751532876738,22.44,-10.086796807658487,1552.3263440824505
4,R,RS,NO,ARI,H,1469.7209074293125,1467.8238658027,0.6028418606963171,14,28,0,-14,0.0,1.2684147926904845,20.4,-15.598932088709406,1454.121975340603
4,R,RS,ARI,NO,A,1452.2249337139906,1454.121975340603,0.397158139303683,28,14,0,14,1.0,1.2684147926904845,20.4,15.598932088709406,1467.8238658027
4,R,RS,NE,JAX,H,1498.5157824313462,1486.6410100244887,0.5905585271132503,28,25,1,3,1.0,0.3886603587196915,20.4,3.2463268624284125,1501.7621092937745
4,R,RS,JAX,NE,A,1489.887336886917,1501.7621092937745,0.4094414728867497,25,28,1,-3,0.0,0.3886603587196915,20.4,-3.2463268624284125,1486.6410100244887
4,R,RS,NYJ,NYG,H,1461.1947900664836,1465.4733661783282,0.5862555922319356,6,13,0,-7,0.0,0.8375630767439214,20,-9.820520751762194,1451.3742693147215
4,R,RS,NYG,NYJ,A,1455.652845426566,1451.3742693147215,0.4137444077680644,13,6,0,7,1.0,0.8375630767439214,20,9.820520751762194,1465.4733661783282
4,R,RS,STL,WAS,H,1486.5085080498488,1529.4739330887392,0.5300259023036461,10,17,0,-7,0.0,0.8189290443188362,20.4,-8.854693555010176,1477.6538144948386
4,R,RS,WAS,STL,A,1520.619239533729,1477.6538144948386,0.4699740976963539,17,10,0,7,1.0,0.8189290443188362,20.4,8.854693555010176,1529.4739330887392
4,R,RS,BUF,DAL,H,1498.4565667017116,1498.222917628936,0.5721209355359205,10,7,0,3,1.0,0.5570415153449151,20,4.766928049068709,1503.2234947507802
4,R,RS,DAL,BUF,A,1502.9898456780047,1503.2234947507802,0.42787906446407953,7,10,0,-3,0.0,0.5570415153449151,20,-4.766928049068709,1498.222917628936
4,R,RS,DET,CHI,H,1498.0863466047892,1480.0354659462948,0.583124482105753,35,16,0,19,1.0,1.5766350517234122,22.44,14.748926825418916,1512.8352734302082
4,R,RS,CHI,DET,A,1494.7843927717138,1512.8352734302082,0.41687551789424704,16,35,0,-19,0.0,1.5766350517234122,22.44,-14.748926825418916,1480.0354659462948
4,R,RS,OAK,SD,H,1492.8616430201237,1517.6999918903093,0.5568972912475121,34,40,0,-6,0.0,0.7639274068987177,22.44,-9.546629085045021,1483.3150139350787
4,R,RS,SD,OAK,A,1508.1533628052644,1483.3150139350787,0.4431027087524879,40,34,0,6,1.0,0.7639274068987177,22.44,9.546629085045021,1517.6999918903093
4,R,RS,TB,SEA,H,1455.4386842596932,1461.8044012704556,0.5798478438409383,13,17,0,-4,0.0,0.6319500083398482,20,-7.328696995022479,1448.1099872646707
4,R,RS,SEA,TB,A,1454.4757042754331,1448.1099872646707,0.4201521561590616,17,13,0,4,1.0,0.6319500083398482,20,7.32869699502248,1461.8044012704556
4,R,RS,ATL,PHI,H,1474.4559044361938,1513.9079691599106,0.5433236506391036,18,33,0,-15,0.0,1.32013363877713,20.4,-14.632100490218228,1459.8238039459757
4,R,RS,PHI,ATL,A,1499.2758686696925,1459.8238039459757,0.4566763493608964,33,18,0,15,1.0,1.32013363877713,20.4,14.632100490218228,1513.9079691599106
4,R,RS,IND,MIA,H,1526.9835843402038,1535.423846845689,0.557818605173495,10,6,0,4,1.0,0.6251140228167862,22.44,6.202725459599435,1533.1863097998032
4,R,RS,MIA,IND,A,1541.6265723052884,1533.1863097998032,0.4421813948265049,6,10,0,-4,0.0,0.6251140228167862,22.44,-6.202725459599434,1535.423846845689
5,R,RS,CHI,OAK,H,1480.0354659462948,1479.2079463307555,0.5738867336933485,19,17,0,2,1.0,0.4819220532514041,20,4.107067604323276,1484.142533550618
5,R,RS,OAK,CHI,A,1483.3150139350787,1484.142533550618,0.4261132663066515,17,19,0,-2,0.0,0.4819220532514041,20,-4.107067604323276,1479.2079463307555
5,R,RS,CIN,DEN,H,1493.098806845083,1533.892031080407,0.5299878812223803,10,14,0,-4,0.0,0.6156242782018337,20.4,-6.655977499398239,1486.4428293456847
5,R,RS,DEN,CIN,A,1527.2360535810087,1486.4428293456847,0.4700121187776197,14,10,0,4,1.0,0.6156242782018337,20.4,6.655977499398239,1533.892031080407
5,R,RS,JAX,CAR,H,1486.6410100244887,1526.6514967384828,0.5074225086441548,24,14,0,10,1.0,0.99795943384112,20,9.831447087927168,1496.472457112416
5,R,RS,CAR,JAX,A,1536.48294382641,1496.472457112416,0.49257749135584517,14,24,0,-10,0.0,0.99795943384112,20,-9.831447087927168,1526.6514967384828
5,R,RS,NYG,MIN,H,1465.4733661783282,1527.1675812487883,0.48019733822098615,15,10,0,5,1.0,0.6670409608447481,20.4,7.073285206039713,1472.5466513843678
5,R,RS,MIN,NYG,A,1534.240866454828,1472.5466513843678,0.5198026617790138,10,15,0,-5,0.0,0.6670409608447481,20.4,-7.073285206039711,1527.1675812487883
5,R,RS,PIT,TEN,H,1513.496846202641,1506.7047027213869,0.5706967103524762,30,16,0,14,1.0,1.2804897583724826,22.44,12.335682368720812,1525.832528571362
5,R,RS,TEN,PIT,A,1519.0403850901077,1525.832528571362,0.42930328964752384,16,30,0,-14,0.0,1.2804897583724826,22.44,-12.335682368720812,1506.7047027213869
5,R,RS,BAL,NO,H,1480.723878532606,1447.7844338785494,0.6153218171024992,17,10,0,7,1.0,0.8237458925168889,20,6.337541462053537,1487.0614199946594
5,R,RS,NO,BAL,A,1454.121975340603,1487.0614199946594,0.3846781828975008,10,17,0,-7,0.0,0.8237458925168889,20,-6.337541462053537,1447.7844338785494
5,R,RS,TB,DET,H,1448.1099872646707,1533.842894126902,0.4860078423951874,0,27,0,-27,0.0,1.9262415100775099,22.44,-21.00762069669372,1427.102366567977
5,R,RS,DET,TB,A,1512.8352734302082,1427.102366567977,0.5139921576048125,27,0,0,27,1.0,1.9262415100775099,22.44,21.007620696693724,1533.842894126902
5,R,RS,ARI,STL,H,1467.8238658027,1474.2052891852875,0.5646411386668069,31,28,1,3,1.0,0.3882896923096126,20.4,3.4485253095511084,1471.2723911122512
5,R,RS,STL,ARI,A,1477.6538144948386,1471.2723911122512,0.43535886133319307,28,31,1,-3,0.0,0.3882896923096126,20.4,-3.448525309551108,1474.2052891852875
5,R,RS,SD,KC,H,1517.6999918903093,1534.050341510923,0.547448526206042,22,19,0,3,1.0,0.5494226776009083,22.44,5.579527433343512,1523.2795193236527
5,R,RS,KC,SD,A,1539.6298689442665,1523.2795193236527,0.45255147379395794,19,22,0,-3,0.0,0.5494226776009083,22.44,-5.579527433343511,1534.050341510923
5,R,RS,SEA,GB,H,1461.8044012704556,1566.5193855078767,0.44905719472817746,10,31,0,-21,0.0,1.580315558023456,20,-14.193041425426149,1447.6113598450295
5,R,RS,GB,SEA,A,1552.3263440824505,1447.6113598450295,0.5509428052718225,31,10,0,21,1.0,1.580315558023456,20,14.19304142542615,1566.5193855078767
5,R,RS,SF,ATL,H,1521.8111870342925,1447.1804704478843,0.6622715528920877,39,17,0,22,1.0,1.6682882766633549,22.44,12.643333498091273,1534.4545205323839
5,R,RS,ATL,SF,A,1459.8238039459757,1534.4545205323839,0.3377284471079123,17,39,0,-22,0.0,1.6682882766633549,22.44,-12.643333498091273,1447.1804704478843
5,R,RS,WAS,NYJ,H,1529.4739330887392,1443.3326512967155,0.6826946772557099,31,16,0,15,1.0,1.2671735142127543,20,8.041618018005886,1537.515551106745
5,R,RS,NYJ,WAS,A,1451.3742693147215,1537.515551106745,0.31730532274429013,16,31,0,-15,0.0,1.2671735142127543,20,-8.041618018005886,1443.3326512967155
5,R,RS,PHI,DAL,H,1513.9079691599106,1506.637335482852,0.6003433324445925,19,23,0,-4,0.0,0.6245993540633578,22.44,-8.414417853915895,1505.4935513059947
5,R,RS,DAL,PHI,A,1498.222917628936,1505.4935513059947,0.3996566675554074,23,19,0,4,1.0,0.6245993540633578,22.44,8.414417853915896,1506.637335482852
6,R,RS,CHI,GB,H,1484.142533550618,1588.237880753708,0.46068288205219415,6,37,0,-31,0.0,2.100897210267687,22.44,-21.718495245831193,1462.4240383047868
6,R,RS,GB,CHI,A,1566.5193855078767,1462.4240383047868,0.5393171179478058,37,6,0,31,1.0,2.100897210267687,22.44,21.718495245831196,1588.237880753708
6,R,RS,DET,ATL,H,1533.842894126902,1443.4797609354616,0.693274850575916,28,24,0,4,1.0,0.5914328491841662,20.4,3.700709512422632,1537.5436036393246
6,R,RS,ATL,DET,A,1447.1804704478843,1537.5436036393246,0.306725149424084,24,28,0,-4,0.0,0.5914328491841662,20.4,-3.700709512422632,1443.4797609354616
6,R,RS,MIA,SEA,H,1535.423846845689,1458.7509440050578,0.6946808183233225,15,22,0,-7,0.0,0.7860560312838052,20.4,-11.139584160028427,1524.2842626856607
6,R,RS,SEA,MIA,A,1447.6113598450295,1524.2842626856607,0.30531918167667743,22,15,0,7,1.0,0.7860560312838052,20.4,11.139584160028429,1458.7509440050578
6,R,RS,MIN,CAR,H,1527.1675812487883,1522.5055882357308,0.5792209828057546,14,12,0,2,1.0,0.4829870327507722,20.4,4.145908502752069,1531.3134897515404
6,R,RS,CAR,MIN,A,1526.6514967384828,1531.3134897515404,0.42077901719424543,12,14,0,-2,0.0,0.4829870327507722,20.4,-4.145908502752069,1522.5055882357308
6,R,RS,NYJ,OAK,H,1443.3326512967155,1496.9362557061645,0.5274948987227799,13,34,0,-21,0.0,1.6474752180704624,20.4,-17.72830937540911,1425.6043419213065
6,R,RS,OAK,NYJ,A,1479.2079463307555,1425.6043419213065,0.4725051012772202,34,13,0,21,1.0,1.6474752180704624,20.4,17.72830937540911,1496.9362557061645
6,R,RS,BAL,NE,H,1487.0614199946594,1511.972315500507,0.5577366750992052,38,46,0,-8,0.0,0.8973774302408333,20.4,-10.210206206732462,1476.851213787927
6,R,RS,NE,BAL,A,1501.7621092937745,1476.851213787927,0.44226332490079484,46,38,0,8,1.0,0.8973774302408333,20.4,10.210206206732462,1511.972315500507
6,R,RS,BUF,IND,H,1503.2234947507802,1529.2067033027035,0.5359691638622494,16,13,1,3,1.0,0.38218218325457354,22.44,3.979606497099689,1507.2031012478799
6,R,RS,IND,BUF,A,1533.1863097998032,1507.2031012478799,0.46403083613775065,13,16,1,-3,0.0,0.38218218325457354,22.44,-3.979606497099689,1529.2067033027035
6,R,RS,DEN,SD,H,1533.892031080407,1513.3151885475359,0.5933172810448353,28,17,0,11,1.0,1.091866559042875,22.44,9.9643307761169,1543.8563618565238
6,R,RS,SD,DEN,A,1523.2795193236527,1543.8563618565238,0.4066827189551648,17,28,0,-11,0.0,1.091866559042875,22.44,-9.964330776116903,1513.3151885475359
6,R,RS,NO,JAX,H,1447.7844338785494,1490.4957674013274,0.5090826655274043,17,13,0,4,1.0,0.6087266930092676,20,5.976689711088554,1453.761123589638
6,R,RS,JAX,NO,A,1496.472457112416,1453.761123589638,0.4909173344725956,13,17,0,-4,0.0,0.6087266930092676,20,-5.976689711088554,1490.4957674013274
6,R,RS,STL,SF,H,1474.2052891852875,1549.896415162373,0.4924463235866026,11,28,0,-17,0.0,1.3973938660212804,22.44,-15.441894629989125,1458.7633945552984
6,R,RS,SF,STL,A,1534.4545205323839,1458.7633945552984,0.5075536764133974,28,11,0,17,1.0,1.3973938660212804,22.44,15.441894629989125,1549.896415162373
6,R,RS,CIN,TEN,H,1486.4428293456847,1511.4561165341115,0.5498262577812185,27,30,1,-3,0.0,0.3851008940700704,22.44,-4.751413812724552,1481.69141553296
6,R,RS,TEN,CIN,A,1506.7047027213869,1481.69141553296,0.45017374221878154,30,27,1,3,1.0,0.3851008940700704,22.44,4.751413812724552,1511.4561165341115
6,R,RS,KC,PIT,H,1534.050341510923,1538.2410517361877,0.5899868422723715,7,17,0,-10,0.0,1.0309737368200993,20.4,-12.408523164825644,1521.6418183460974
6,R,RS,PIT,KC,A,1525.832528571362,1521.6418183460974,0.4100131577276285,17,7,0,10,1.0,1.0309737368200993,20.4,12.408523164825644,1538.2410517361877
7,R,RS,ATL,TEN,H,1443.4797609354616,1520.9309706076754,0.481334201591158,13,23,0,-10,0.0,0.9842282183815838,20,-9.47485407356375,1434.0049068618978
7,R,RS,TEN,ATL,A,1511.4561165341115,1434.0049068618978,0.518665798408842,23,13,0,10,1.0,0.9842282183815838,20,9.474854073563751,1520.9309706076754
7,R,RS,BUF,MIA,H,1507.2031012478799,1540.0681312870865,0.5543539565385279,7,21,0,-14,0.0,1.2688300415672225,22.44,-15.783868601425967,1491.419232646454
7,R,RS,MIA,BUF,A,1524.2842626856607,1491.419232646454,0.44564604346147213,21,7,0,14,1.0,1.2688300415672225,22.44,15.783868601425963,1540.0681312870865
7,R,RS,CAR,STL,H,1522.5055882357308,1442.3471739756237,0.664527218379936,45,13,0,32,1.0,2.180685504081613,22.44,16.41622057967466,1538.9218088154055
7,R,RS,STL,CAR,A,1458.7633945552984,1538.9218088154055,0.33547278162006405,13,45,0,-32,0.0,2.180685504081613,22.44,-16.41622057967466,1442.3471739756237
7,R,RS,DAL,ARI,H,1506.637335482852,1460.8085449421071,0.6271904246329042,17,3,0,14,1.0,1.2507814607651253,22.44,10.463846170143956,1517.101181652996
7,R,RS,ARI,DAL,A,1471.2723911122512,1517.101181652996,0.3728095753670957,3,17,0,-14,0.0,1.2507814607651253,22.44,-10.463846170143952,1460.8085449421071
7,R,RS,JAX,NYJ,H,1490.4957674013274,1421.5078378684711,0.6660004104438818,21,17,0,4,1.0,0.6012253561888532,20.4,4.096504052835281,1494.5922714541628
7,R,RS,NYJ,JAX,A,1425.6043419213065,1494.5922714541628,0.3339995895561182,17,21,0,-4,0.0,0.6012253561888532,20.4,-4.096504052835281,1421.5078378684711
7,R,RS,NO,CHI,H,1453.761123589638,1457.5117022125187,0.5662918415707111,27,24,0,3,1.0,0.5552138786338459,20.4,4.912336092268027,1458.673459681906
7,R,RS,CHI,NO,A,1462.4240383047868,1458.673459681906,0.43370815842928884,24,27,0,-3,0.0,0.5552138786338459,20.4,-4.912336092268026,1457.5117022125187
7,R,RS,NE,WAS,H,1511.972315500507,1544.9953078606854,0.5422904091882336,22,27,0,-5,0.0,0.689644941825256,20,-7.479756753940272,1504.4925587465666
7,R,RS,WAS,NE,A,1537.515551106745,1504.4925587465666,0.45770959081176643,27,22,0,5,1.0,0.689644941825256,20,7.479756753940272,1544.9953078606854
7,R,RS,PIT,CIN,H,1538.2410517361877,1474.0103153848718,0.6552350901862548,20,10,0,10,1.0,0.9928360043859369,22.44,7.681100148088308,1545.922151884276
7,R,RS,CIN,PIT,A,1481.69141553296,1545.922151884276,0.34476490981374525,10,20,0,-10,0.0,0.9928360043859369,22.44,-7.6811001480883085,1474.0103153848718
7,R,RS,TB,MIN,H,1427.102366567977,1518.3049183166534,0.4296493351978663,24,13,0,11,1.0,1.0164003396032282,22.44,13.008571434886985,1440.110938002864
7,R,RS,MIN,TB,A,1531.3134897515404,1440.110938002864,0.5703506648021337,13,24,0,-11,0.0,1.0164003396032282,22.44,-13.008571434886985,1518.3049183166534
7,R,RS,NYG,PHI,H,1472.5466513843678,1516.8089539047517,0.5316944086654424,10,19,0,-9,0.0,0.9483858481288193,22.44,-11.315402598756899,1461.231248785611
7,R,RS,PHI,NYG,A,1505.4935513059947,1461.231248785611,0.46830559133455757,19,10,0,9,1.0,0.9483858481288193,22.44,11.3154025987569,1516.8089539047517
7,R,RS,OAK,DET,H,1496.9362557061645,1524.491090164207,0.5207008513485374,37,21,0,16,1.0,1.3616249383961612,20,13.052513475117607,1509.9887691812821
7,R,RS,DET,OAK,A,1537.5436036393246,1509.9887691812821,0.47929914865146256,21,37,0,-16,0.0,1.3616249383961612,20,-13.052513475117605,1524.491090164207
7,R,RS,IND,BAL,H,1529.2067033027035,1472.025226940649,0.6497607838383975,26,21,0,5,1.0,0.6754468711480655,20.4,4.8259868472779885,1534.0326901499816
7,R,RS,BAL,IND,A,1476.851213787927,1534.0326901499816,0.3502392161616026,21,26,0,-5,0.0,0.6754468711480655,20.4,-4.82598684727799,1472.025226940649
7,R,RS,GB,SF,H,1588.237880753708,1547.0396665024166,0.6311879858561641,23,20,1,3,1.0,0.37969668461736383,20.4,2.856748659956322,1591.0946294136643
7,R,RS,SF,GB,A,1549.896415162373,1591.0946294136643,0.36881201414383596,20,23,1,-3,0.0,0.37969668461736383,20.4,-2.8567486599563225,1547.0396665024166
8,R,RS,KC,SEA,H,1521.6418183460974,1447.7990597061769,0.6634338470173001,34,16,0,18,1.0,1.4500919972245432,22.44,10.951884298880838,1532.5937026449783
8,R,RS,SEA,KC,A,1458.7509440050578,1532.5937026449783,0.3365661529827,16,34,0,-18,0.0,1.4500919972245432,22.44,-10.951884298880842,1447.7990597061769
8,R,RS,CAR,NO,H,1538.9218088154055,1450.9535039050709,0.6853679704679904,19,7,0,12,1.0,1.0934250727160637,22.44,7.719955776835217,1546.6417645922406
8,R,RS,NO,CAR,A,1458.673459681906,1546.6417645922406,0.3146320295320097,7,19,0,-12,0.0,1.0934250727160637,22.44,-7.719955776835219,1450.9535039050709
8,R,RS,IND,NE,H,1534.0326901499816,1525.1704590081786,0.6193174398676603,9,27,0,-18,0.0,1.4878881118194787,22.44,-20.677900261611956,1513.3547898883696
8,R,RS,NE,IND,A,1504.4925587465666,1513.3547898883696,0.38068256013233975,27,9,0,18,1.0,1.4878881118194787,22.44,20.677900261611953,1525.1704590081786
8,R,RS,DAL,ATL,H,1517.101181652996,1430.2412803942873,0.6888923575477567,32,28,0,4,1.0,0.5930149836760862,20.4,3.7636264676105835,1520.8648081206065
8,R,RS,ATL,DAL,A,1434.0049068618978,1520.8648081206065,0.31110764245224326,28,32,0,-4,0.0,0.5930149836760862,20.4,-3.7636264676105826,1430.2412803942873
8,R,RS,PHI,MIA,H,1516.8089539047517,1532.5614829396875,0.5455520575206882,35,28,0,7,1.0,0.8259084975107798,20,7.506648347399072,1524.3156022521507
8,R,RS,MIA,PHI,A,1540.0681312870865,1524.3156022521507,0.4544479424793118,28,35,0,-7,0.0,0.8259084975107798,20,-7.506648347399073,1532.5614829396875
8,R,RS,WAS,NYG,H,1544.9953078606854,1454.459401003526,0.6897156197368621,31,21,0,10,1.0,0.9725779544842991,22.44,6.771847782085014,1551.7671556427704
8,R,RS,NYG,WAS,A,1461.231248785611,1551.7671556427704,0.31028438026313787,21,31,0,-10,0.0,0.9725779544842991,22.44,-6.771847782085014,1454.459401003526
8,R,RS,ARI,TB,H,1460.8085449421071,1435.12627535802,0.6072459843010901,13,9,0,4,1.0,0.6221354800046408,20.4,4.984662644844067,1465.7932075869512
8,R,RS,TB,ARI,A,1440.110938002864,1465.7932075869512,0.3927540156989099,9,13,0,-4,0.0,0.6221354800046408,20.4,-4.984662644844067,1435.12627535802
8,R,RS,DEN,BAL,H,1543.8563618565238,1465.1177421464129,0.6748269315650492,45,34,0,11,1.0,1.0412983997277705,20.4,6.907484794236013,1550.76384665076
8,R,RS,BAL,DEN,A,1472.025226940649,1550.76384665076,0.3251730684349507,34,45,0,-11,0.0,1.0412983997277705,20.4,-6.907484794236012,1465.1177421464129
8,R,RS,NYJ,BUF,H,1421.5078378684711,1497.1048643526215,0.47855394412826135,22,25,0,-3,0.0,0.5294500233397306,22.44,-5.685631706167351,1415.8222061623037
8,R,RS,BUF,NYJ,A,1491.419232646454,1415.8222061623037,0.5214460558717386,25,22,0,3,1.0,0.5294500233397306,22.44,5.685631706167351,1497.1048643526215
8,R,RS,TEN,PIT,H,1520.9309706076754,1535.4903306253711,0.5430790890034627,23,13,0,10,1.0,1.0174105824332722,22.44,10.431821258904913,1531.3627918665802
8,R,RS,PIT,TEN,A,1545.922151884276,1531.3627918665802,0.4569209109965372,13,23,0,-10,0.0,1.0174105824332722,22.44,-10.43182125890491,1535.4903306253711
8,R,RS,STL,JAX,H,1442.3471739756237,1489.2684958952298,0.5039645403369969,17,14,0,3,1.0,0.536632558743878,20,5.323775558933061,1447.6709495345567
8,R,RS,JAX,STL,A,1494.5922714541628,1447.6709495345567,0.496035459663003,14,17,0,-3,0.0,0.536632558743878,20,-5.323775558933059,1489.2684958952298
8,R,RS,SF,CIN,H,1547.0396665024166,1468.8651409995364,0.6763386564257369,28,21,0,7,1.0,0.7948391872375221,20,5.145174385335434,1552.184840887752
8,R,RS,CIN,SF,A,1474.0103153848718,1552.184840887752,0.3236613435742631,21,28,0,-7,0.0,0.7948391872375221,20,-5.145174385335434,1468.8651409995364
8,R,RS,SD,OAK,H,1513.3151885475359,1522.6927309067726,0.5831587173131714,14,23,0,-9,0.0,0.9707995179752552,22.44,-12.703961725490393,1500.6112268220454
8,R,RS,OAK,SD,A,1509.9887691812821,1500.6112268220454,0.4168412826868287,23,14,0,9,1.0,0.9707995179752552,22.44,12.703961725490393,1522.6927309067726
9,R,RS,ATL,PIT,H,1430.2412803942873,1539.9061664973526,0.42818582813437056,17,20,0,-3,0.0,0.5156447950673141,20,-4.415835871981514,1425.8254445223058
9,R,RS,PIT,ATL,A,1535.4903306253711,1425.8254445223058,0.5718141718656294,20,17,0,3,1.0,0.5156447950673141,20,4.415835871981514,1539.9061664973526
9,R,RS,CIN,JAX,H,1468.8651409995364,1480.9027519061951,0.5496246632945216,28,21,0,7,1.0,0.8277651110422303,22.44,8.365743989034652,1477.230884988571
9,R,RS,JAX,CIN,A,1489.2684958952298,1477.230884988571,0.45037533670547836,21,28,0,-7,0.0,0.8277651110422303,22.44,-8.365743989034652,1480.9027519061951
9,R,RS,DET,NYG,H,1524.491090164207,1481.4808338486082,0.6725498177719279,7,35,0,-28,0.0,1.9694898525342872,20.4,-27.021432845082156,1497.4696573191247
9,R,RS,NYG,DET,A,1454.459401003526,1497.4696573191247,0.3274501822280721,35,7,0,28,1.0,1.9694898525342872,20.4,27.021432845082156,1481.4808338486082
9,R,RS,GB,TB,H,1591.0946294136643,1431.5946892126813,0.7710821068602302,13,7,0,6,1.0,0.6874913078076482,22.44,3.5315861453386024,1594.626215559003
9,R,RS,TB,GB,A,1435.12627535802,1594.626215559003,0.22891789313976987,7,13,0,-6,0.0,0.6874913078076482,22.44,-3.531586145338603,1431.5946892126813
9,R,RS,TEN,SF,H,1531.3627918665802,1556.550365826683,0.5490279783031442,9,10,0,-1,0.0,0.39756853124528124,20,-4.365524938930943,1526.9972669276492
9,R,RS,SF,TEN,A,1552.184840887752,1526.9972669276492,0.45097202169685574,10,9,0,1,1.0,0.39756853124528124,20,4.365524938930943,1556.550365826683
9,R,RS,PHI,CAR,H,1524.3156022521507,1536.6419267811061,0.5468833007128702,20,9,0,11,1.0,1.0818143069279502,20.4,9.99983781113445,1534.3154400632852
9,R,RS,CAR,PHI,A,1546.6417645922406,1534.3154400632852,0.45311669928712983,9,20,0,-11,0.0,1.0818143069279502,20.4,-9.99983781113445,1536.6419267811061
9,R,RS,BAL,STL,H,1465.1177421464129,1443.429848287869,0.6027740757155735,37,31,1,6,1.0,0.5338399368480028,20,4.241101246687755,1469.3588433931006
9,R,RS,STL,BAL,A,1447.6709495345567,1469.3588433931006,0.3972259242844265,31,37,1,-6,0.0,0.5338399368480028,20,-4.241101246687755,1443.429848287869
9,R,RS,WAS,IND,H,1551.7671556427704,1503.7223781538405,0.6312829901986458,31,16,0,15,1.0,1.3062065864168388,20,9.632411734529022,1561.3995673772995
9,R,RS,IND,WAS,A,1513.3547898883696,1561.3995673772995,0.36871700980135425,16,31,0,-15,0.0,1.3062065864168388,20,-9.632411734529022,1503.7223781538405
9,R,RS,ARI,NYJ,H,1465.7932075869512,1428.7271489138811,0.646630700026772,21,31,0,-10,0.0,0.997860351437311,20,-12.904942751577382,1452.8882648353738
9,R,RS,NYJ,ARI,A,1415.8222061623037,1452.8882648353738,0.353369299973228,31,21,0,10,1.0,0.997860351437311,20,12.90494275157738,1428.7271489138811
9,R,RS,DEN,KC,H,1550.76384665076,1514.8380058261444,0.6037706524134373,34,7,0,27,1.0,1.996954771826773,22.44,17.75569681883385,1568.5195434695938
9,R,RS,KC,DEN,A,1532.5937026449783,1568.5195434695938,0.3962293475865627,7,34,0,-27,0.0,1.996954771826773,22.44,-17.75569681883385,1514.8380058261444
9,R,RS,MIA,DAL,H,1532.5614829396875,1539.4963657973035,0.5948222888675487,10,29,0,-19,0.0,1.5661448827151818,20,-18.631557676696865,1513.9299252629905
9,R,RS,DAL,MIA,A,1520.8648081206065,1513.9299252629905,0.40517771113245127,29,10,0,19,1.0,1.5661448827151818,20,18.631557676696865,1539.4963657973035
9,R,RS,SEA,SD,H,1447.7990597061769,1483.7008010009845,0.5031485029994996,32,13,0,19,1.0,1.5167188645321612,22.44,16.910425821061022,1464.7094855272378
9,R,RS,SD,SEA,A,1500.6112268220454,1464.7094855272378,0.4968514970005004,13,32,0,-19,0.0,1.5167188645321612,22.44,-16.910425821061025,1483.7008010009845
9,R,RS,NE,BUF,H,1525.1704590081786,1492.4093652187253,0.6173142364775748,28,25,0,3,1.0,0.5467850176812838,22.44,4.695499133896221,1529.8659581420748
9,R,RS,BUF,NE,A,1497.1048643526215,1529.8659581420748,0.38268576352242517,25,28,0,-3,0.0,0.5467850176812838,22.44,-4.69549913389622,1492.4093652187253
9,R,RS,MIN,CHI,H,1518.3049183166534,1464.3435623089283,0.6607323087560377,13,15,0,-2,0.0,0.4607767614634676,22.44,-6.831860096409585,1511.4730582202437
9,R,RS,CHI,MIN,A,1457.5117022125187,1511.4730582202437,0.3392676912439623,15,13,0,2,1.0,0.4607767614634676,22.44,6.831860096409585,1464.3435623089283
10,R,RS,ATL,CAR,H,1425.8254445223058,1529.9622850039552,0.42035762049151354,20,17,0,3,1.0,0.5135351664844666,22.44,6.679641777150976,1432.5050862994567
10,R,RS,CAR,ATL,A,1536.6419267811061,1432.5050862994567,0.5796423795084865,17,20,0,-3,0.0,0.5135351664844666,22.44,-6.679641777150977,1529.9622850039552
10,R,RS,CHI,TB,H,1464.3435623089283,1426.9939414144405,0.6236625254181064,13,10,0,3,1.0,0.5447887216496077,22.44,4.600747798240831,1468.944310107169
10,R,RS,TB,CHI,A,1431.5946892126813,1468.944310107169,0.37633747458189354,10,13,0,-3,0.0,0.5447887216496077,22.44,-4.60074779824083,1426.9939414144405
10,R,RS,IND,SD,H,1503.7223781538405,1493.9424031503352,0.6063174722218062,19,26,0,-7,0.0,0.8280139432679013,20.4,-10.24160214935072,1493.4807760044898
10,R,RS,SD,IND,A,1483.7008010009845,1493.4807760044898,0.39368252777819374,26,19,0,7,1.0,0.8280139432679013,20.4,10.241602149350722,1493.9424031503352
10,R,RS,DAL,PHI,H,1539.4963657973035,1547.8996160763793,0.5857514158716147,21,31,0,-10,0.0,1.033468158848357,22.44,-13.584176013094039,1525.9121897842094
10,R,RS,PHI,DAL,A,1534.3154400632852,1525.9121897842094,0.4142485841283853,31,21,0,10,1.0,1.033468158848357,22.44,13.584176013094039,1547.8996160763793
10,R,RS,GB,DET,H,1594.626215559003,1491.1163169561128,0.7059684673135558,28,18,0,10,1.0,0.9629092568385291,22.44,6.353340363011877,1600.979555922015
10,R,RS,DET,GB,A,1497.4696573191247,1600.979555922015,0.2940315326864442,18,28,0,-10,0.0,0.9629092568385291,22.44,-6.353340363011877,1491.1163169561128
10,R,RS,NYG,ARI,H,1481.4808338486082,1445.2800610520385,0.6180306090009156,16,8,0,8,1.0,0.8876274444977656,22.44,7.608203783335383,1489.0890376319435
10,R,RS,ARI,NYG,A,1452.8882648353738,1489.0890376319435,0.38196939099908434,8,16,0,-8,0.0,0.8876274444977656,22.44,-7.608203783335381,1445.2800610520385
10,R,RS,PIT,STL,H,1539.9061664973526,1429.7486071463707,0.705154987182573,42,6,0,36,1.0,2.3200733515492686,20,13.6812411414983,1553.587407638851
10,R,RS,STL,PIT,A,1443.429848287869,1553.587407638851,0.29484501281742703,6,42,0,-36,0.0,2.3200733515492686,20,-13.6812411414983,1429.7486071463707
10,R,RS,BAL,CIN,H,1469.3588433931006,1484.3046863172324,0.5674096531591604,21,24,0,-3,0.0,0.555562963213011,22.44,-7.073801328661438,1462.2850420644393
10,R,RS,CIN,BAL,A,1477.230884988571,1462.2850420644393,0.4325903468408396,24,21,0,3,1.0,0.555562963213011,22.44,7.073801328661438,1484.3046863172324
10,R,RS,BUF,WAS,H,1492.4093652187253,1542.4992384231218,0.4798773553375566,38,13,0,25,1.0,1.8169107948033913,20,18.900328954177642,1511.309694172903
10,R,RS,WAS,BUF,A,1561.3995673772995,1511.309694172903,0.5201226446624433,13,38,0,-25,0.0,1.8169107948033913,20,-18.900328954177635,1542.4992384231218
10,R,RS,MIN,KC,H,1511.4730582202437,1530.2462943608077,0.5737665131661582,6,21,0,-15,0.0,1.3427315973563265,20,-15.408288534663308,1496.0647696855804
10,R,RS,KC,MIN,A,1514.8380058261444,1496.0647696855804,0.4262334868338417,21,6,0,15,1.0,1.3427315973563265,20,15.408288534663308,1530.2462943608077
10,R,RS,NE,MIA,H,1529.8659581420748,1499.9434509548798,0.600689926306958,42,23,0,19,1.0,1.5609001872809491,22.44,13.986474308110736,1543.8524324501855
10,R,RS,MIA,NE,A,1513.9299252629905,1543.8524324501855,0.39931007369304206,23,42,0,-19,0.0,1.5609001872809491,22.44,-13.98647430811074,1499.9434509548798
10,R,RS,SEA,TEN,H,1464.7094855272378,1518.6521192297623,0.48951357741751045,23,16,0,7,1.0,0.8013452453328815,20.4,8.345147697886791,1473.0546332251247
10,R,RS,TEN,SEA,A,1526.9972669276492,1473.0546332251247,0.5104864225824897,16,23,0,-7,0.0,0.8013452453328815,20.4,-8.345147697886793,1518.6521192297623
10,R,RS,NO,SF,H,1450.9535039050709,1563.9955580371247,0.4276956832306426,17,24,0,-7,0.0,0.7757435884315763,22.44,-7.445192210441792,1443.5083116946291
10,R,RS,SF,NO,A,1556.550365826683,1443.5083116946291,0.5723043167693574,24,17,0,7,1.0,0.7757435884315763,22.44,7.445192210441791,1563.9955580371247
10,R,RS,OAK,DEN,H,1522.6927309067726,1573.0096616035444,0.5131982112454184,21,22,0,-1,0.0,0.38989689872540145,22.44,-4.490118133950511,1518.202612772822
10,R,RS,DEN,OAK,A,1568.5195434695938,1518.202612772822,0.4868017887545816,22,21,0,1,1.0,0.38989689872540145,22.44,4.490118133950511,1573.0096616035444
11,R,RS,CIN,PIT,H,1484.3046863172324,1542.102038675679,0.4794570825985728,34,24,0,10,1.0,0.9832536266680016,22.44,11.485368963171869,1495.7900552804042
11,R,RS,PIT,CIN,A,1553.587407638851,1495.7900552804042,0.5205429174014272,24,34,0,-10,0.0,0.9832536266680016,22.44,-11.485368963171869,1542.102038675679
11,R,RS,KC,GB,H,1530.2462943608077,1592.6570315997196,0.4773734806908528,27,20,0,7,1.0,0.796221012023722,20,8.32252432229529,1538.568818683103
11,R,RS,GB,KC,A,1600.979555922015,1538.568818683103,0.5226265193091473,20,27,0,-7,0.0,0.796221012023722,20,-8.32252432229529,1592.6570315997196
11,R,RS,MIA,IND,H,1499.9434509548798,1476.3335362127298,0.5875406059288962,37,13,0,24,1.0,1.8526362997332562,22.44,17.147239791760164,1517.09069074664
11,R,RS,IND,MIA,A,1493.4807760044898,1517.09069074664,0.4124593940711037,13,37,0,-24,0.0,1.8526362997332562,22.44,-17.14723979176016,1476.3335362127298
11,R,RS,NO,TEN,H,1443.5083116946291,1531.668805604979,0.4710431696236238,14,31,0,-17,0.0,1.381687201368133,20,-13.016686375216791,1430.4916253194124
11,R,RS,TEN,NO,A,1518.6521192297623,1430.4916253194124,0.5289568303763762,31,14,0,17,1.0,1.381687201368133,20,13.016686375216791,1531.668805604979
11,R,RS,NYJ,NE,H,1428.7271489138811,1549.2366181773625,0.4143263065416986,27,31,0,-4,0.0,0.5791014752770642,22.44,-5.38418572717702,1423.342963186704
11,R,RS,NE,NYJ,A,1543.8524324501855,1423.342963186704,0.5856736934583014,31,27,0,4,1.0,0.5791014752770642,22.44,5.3841857271770195,1549.2366181773625
11,R,RS,PHI,BUF,H,1547.8996160763793,1521.5893175804001,0.6288377491482261,17,24,0,-7,0.0,0.8173510115622912,20,-10.279623407497139,1537.619992668882
11,R,RS,BUF,PHI,A,1511.309694172903,1537.619992668882,0.3711622508517739,24,17,0,7,1.0,0.8173510115622912,20,10.279623407497139,1521.5893175804001
11,R,RS,STL,ATL,H,1429.7486071463707,1405.3416112800921,0.5746228879827763,59,16,0,43,1.0,2.8456950432686976,22.44,27.16347501936452,1456.9120821657352
11,R,RS,ATL,STL,A,1432.5050862994567,1456.9120821657352,0.4253771120172237,16,59,0,-43,0.0,2.8456950432686976,22.44,-27.16347501936452,1405.3416112800921
11,R,RS,TB,OAK,H,1426.9939414144405,1514.1765730035008,0.44807937013304877,20,17,1,3,1.0,0.36472995857137064,20,4.026039769321158,1431.0199811837617
11,R,RS,OAK,TB,A,1518.202612772822,1431.0199811837617,0.5519206298669512,17,20,1,-3,0.0,0.36472995857137064,20,-4.026039769321158,1514.1765730035008
11,R,RS,WAS,ARI,H,1542.4992384231218,1451.0329198392153,0.7060432859344702,34,37,1,-3,0.0,0.3631027462767212,22.44,-5.752858787176762,1536.746379635945
11,R,RS,ARI,WAS,A,1445.2800610520385,1536.746379635945,0.29395671406552987,37,34,1,3,1.0,0.3631027462767212,22.44,5.752858787176761,1451.0329198392153
11,R,RS,DEN,CHI,H,1573.0096616035444,1465.230320876782,0.7141557039006915,17,12,0,5,1.0,0.6496524998170428,20,3.7139892303871744,1576.7236508339315
11,R,RS,CHI,DEN,A,1468.944310107169,1576.7236508339315,0.2858442960993085,12,17,0,-5,0.0,0.6496524998170428,20,-3.7139892303871744,1465.230320876782
11,R,RS,JAX,BAL,H,1480.9027519061951,1457.3947751996968,0.6043868428151312,30,27,0,3,1.0,0.5508571363541419,22.44,4.8902668647424985,1485.7930187709376
11,R,RS,BAL,JAX,A,1462.2850420644393,1485.7930187709376,0.3956131571848687,27,30,0,-3,0.0,0.5508571363541419,22.44,-4.890266864742498,1457.3947751996968
11,R,RS,SEA,MIN,H,1473.0546332251247,1481.967682132225,0.5459074582526686,42,23,0,19,1.0,1.5522262817960257,20,14.097087553355335,1487.15172077848
11,R,RS,MIN,SEA,A,1496.0647696855804,1487.15172077848,0.4540925417473314,23,42,0,-19,0.0,1.5522262817960257,20,-14.097087553355335,1481.967682132225
11,R,RS,SF,DAL,H,1563.9955580371247,1530.7995530858013,0.6308420563685515,17,20,1,-3,0.0,0.3797727656429573,20.4,-4.887363301591893,1559.1081947355328
11,R,RS,DAL,SF,A,1525.9121897842094,1559.1081947355328,0.3691579436314484,20,17,1,3,1.0,0.3797727656429573,20.4,4.887363301591894,1530.7995530858013
11,R,RS,CAR,NYG,H,1529.9622850039552,1481.5978744151498,0.6345741540284043,27,17,0,10,1.0,1.0048930233706206,20.4,7.491163216793735,1537.453448220749
11,R,RS,NYG,CAR,A,1489.0890376319435,1537.453448220749,0.36542584597159566,17,27,0,-10,0.0,1.0048930233706206,20.4,-7.491163216793735,1481.5978744151498
11,R,RS,SD,DET,H,1493.9424031503352,1484.673412590433,0.5824584300614445,27,21,0,6,1.0,0.771528493154343,20,6.4429043656798495,1500.385307516015
11,R,RS,DET,SD,A,1491.1163169561128,1500.385307516015,0.41754156993855557,21,27,0,-6,0.0,0.771528493154343,20,-6.44290436567985,1484.673412590433
12,R,RS,ATL,NO,H,1405.3416112800921,1425.6326693737374,0.5428521981554872,17,15,0,2,1.0,0.4736564689761451,22.44,4.858955945674952,1410.2005672257671
12,R,RS,NO,ATL,A,1430.4916253194124,1410.2005672257671,0.45714780184451287,15,17,0,-2,0.0,0.4736564689761451,22.44,-4.8589559456749525,1425.6326693737374
12,R,RS,BUF,CIN,H,1521.5893175804001,1485.872905515227,0.6142275898103583,31,17,0,14,1.0,1.2601595644739456,20.4,9.91714976517712,1531.5064673455772
12,R,RS,CIN,BUF,A,1495.7900552804042,1531.5064673455772,0.38577241018964165,17,31,0,-14,0.0,1.2601595644739456,20.4,-9.917149765177118,1485.872905515227
12,R,RS,IND,NYJ,H,1476.3335362127298,1418.049562135467,0.6505922921755809,34,29,0,5,1.0,0.6751176552815263,22.44,5.293401051236953,1481.6269372639667
12,R,RS,NYJ,IND,A,1423.342963186704,1481.6269372639667,0.34940770782441916,29,34,0,-5,0.0,0.6751176552815263,22.44,-5.293401051236954,1418.049562135467
12,R,RS,DET,SEA,H,1484.673412590433,1483.7230096332225,0.5750142444806292,17,16,0,1,1.0,0.4033913020293279,20,3.4287111452575325,1488.1021237356904
12,R,RS,SEA,DET,A,1487.15172077848,1488.1021237356904,0.4249857555193708,16,17,0,-1,0.0,0.4033913020293279,20,-3.4287111452575325,1483.7230096332225
12,R,RS,KC,CHI,H,1538.568818683103,1461.3679480514475,0.6767280949942079,14,10,0,4,1.0,0.5973876426510458,20,3.8623728253344587,1542.4311915084375
12,R,RS,CHI,KC,A,1465.230320876782,1542.4311915084375,0.32327190500579206,10,14,0,-4,0.0,0.5973876426510458,20,-3.8623728253344587,1461.3679480514475
12,R,RS,NE,DEN,H,1549.2366181773625,1597.9581367815715,0.5395117864986931,8,34,0,-26,0.0,1.929348347807494,20.4,-21.234485947640028,1528.0021322297225
12,R,RS,DEN,NE,A,1576.7236508339315,1528.0021322297225,0.46048821350130686,34,8,0,26,1.0,1.929348347807494,20.4,21.234485947640028,1597.9581367815715
12,R,RS,PHI,WAS,H,1537.619992668882,1545.8948887238917,0.5797225092022588,21,26,0,-5,0.0,0.7032460604731775,22.44,-9.148509087946715,1528.4714835809355
12,R,RS,WAS,PHI,A,1536.746379635945,1528.4714835809355,0.4202774907977412,26,21,0,5,1.0,0.7032460604731775,22.44,9.148509087946717,1545.8948887238917
12,R,RS,PIT,JAX,H,1542.102038675679,1471.5871036642402,0.6549221262726065,28,3,0,25,1.0,1.8345487170536245,22.44,14.205915106697294,1556.3079537823764
12,R,RS,JAX,PIT,A,1485.7930187709376,1556.3079537823764,0.3450778737273935,3,28,0,-25,0.0,1.8345487170536245,22.44,-14.205915106697294,1471.5871036642402
12,R,RS,STL,CAR,H,1456.9120821657352,1547.589497790843,0.4633090919951979,10,20,0,-10,0.0,0.9749336273444935,22.44,-10.13604957009421,1446.776032595641
12,R,RS,CAR,STL,A,1537.453448220749,1446.776032595641,0.5366909080048022,20,10,0,10,1.0,0.9749336273444935,22.44,10.136049570094206,1547.589497790843
12,R,RS,ARI,NYG,H,1451.0329198392153,1472.3522307508779,0.5351069932915408,31,23,0,8,1.0,0.8862602795208329,22.44,9.245643664271826,1460.2785635034872
12,R,RS,NYG,ARI,A,1481.5978744151498,1460.2785635034872,0.4648930067084592,23,31,0,-8,0.0,0.8862602795208329,22.44,-9.245643664271826,1472.3522307508779
12,R,RS,TEN,MIA,H,1531.668805604979,1523.841344676149,0.5988135082318938,20,23,0,-3,0.0,0.5526168060008404,20.4,-6.750653929509049,1524.91815167547
12,R,RS,MIA,TEN,A,1517.09069074664,1524.91815167547,0.4011864917681062,23,20,0,3,1.0,0.5526168060008404,20.4,6.750653929509048,1523.841344676149
12,R,RS,SD,TB,H,1500.385307516015,1442.5759425391134,0.6717044938284812,17,25,0,-8,0.0,0.860196817315212,20,-11.555961355351698,1488.8293461606634
12,R,RS,TB,SD,A,1431.0199811837617,1488.8293461606634,0.32829550617151876,25,17,0,8,1.0,0.860196817315212,20,11.555961355351702,1442.5759425391134
12,R,RS,SF,BAL,H,1559.1081947355328,1449.2647843039038,0.711383933415441,38,20,0,18,1.0,1.4084439220591771,20,8.129990895792977,1567.238185631326
12,R,RS,BAL,SF,A,1457.3947751996968,1567.238185631326,0.28861606658455896,20,38,0,-18,0.0,1.4084439220591771,20,-8.129990895792977,1449.2647843039038
12,R,RS,OAK,MIN,H,1514.1765730035008,1486.7208168011703,0.6229326833410281,13,16,1,-3,0.0,0.3815127056307515,20,-4.753134668945196,1509.4234383345556
12,R,RS,MIN,OAK,A,1481.967682132225,1509.4234383345556,0.37706731665897186,16,13,1,3,1.0,0.3815127056307515,20,4.753134668945196,1486.7208168011703
12,R,RS,DAL,GB,H,1530.7995530858013,1579.3136000947377,0.49013257642609537,21,6,0,15,1.0,1.2828624646602145,20.4,13.343431504981845,1544.1429845907833
12,R,RS,GB,DAL,A,1592.6570315997196,1544.1429845907833,0.5098674235739046,6,21,0,-15,0.0,1.2828624646602145,20.4,-13.343431504981842,1579.3136000947377
13,R,RS,BUF,NYJ,H,1531.5064673455772,1407.2055495712318,0.7250628663884512,35,10,0,25,1.0,1.7576555059307282,22.44,10.84401256423527,1542.3504799098125
13,R,RS,NYJ,BUF,A,1418.049562135467,1542.3504799098125,0.27493713361154876,10,35,0,-25,0.0,1.7576555059307282,22.44,-10.844012564235268,1407.2055495712318
13,R,RS,CHI,DET,H,1461.3679480514475,1473.3179457463514,0.5405882829183664,31,14,0,17,1.0,1.4340763126061642,22.44,14.78417798933912,1476.1521260407865
13,R,RS,DET,CHI,A,1488.1021237356904,1476.1521260407865,0.45941171708163353,14,31,0,-17,0.0,1.4340763126061642,22.44,-14.784177989339117,1473.3179457463514
13,R,RS,CIN,ATL,H,1485.872905515227,1403.931423937868,0.6796601533073078,41,31,0,10,1.0,0.9785144359379936,20,6.2691432878992615,1492.1420488031263
13,R,RS,ATL,CIN,A,1410.2005672257671,1492.1420488031263,0.32033984669269217,31,41,0,-10,0.0,0.9785144359379936,20,-6.269143287899261,1403.931423937868
13,R,RS,KC,SD,H,1542.4311915084375,1506.8565360596172,0.6513917605795997,14,28,0,-14,0.0,1.2332834971610829,22.44,-18.02718989895371,1524.4040016094837
13,R,RS,SD,KC,A,1488.8293461606634,1524.4040016094837,0.3486082394204003,28,14,0,14,1.0,1.2332834971610829,22.44,18.02718989895371,1506.8565360596172
13,R,RS,MIN,DEN,H,1486.7208168011703,1602.8337821106763,0.41976746640589396,17,21,0,-4,0.0,0.5807555038567973,20,-4.875645329104923,1481.8451714720654
13,R,RS,DEN,MIN,A,1597.9581367815715,1481.8451714720654,0.580232533594106,21,17,0,4,1.0,0.5807555038567973,20,4.875645329104924,1602.8337821106763
13,R,RS,NE,IND,H,1528.0021322297225,1471.6609474664115,0.6418867322349274,27,13,0,14,1.0,1.240158442539941,22.44,9.965989797555213,1537.9681220272778
13,R,RS,IND,NE,A,1481.6269372639667,1537.9681220272778,0.3581132677650727,13,27,0,-14,0.0,1.240158442539941,22.44,-9.965989797555217,1471.6609474664115
13,R,RS,TEN,CAR,H,1524.91815167547,1568.1669846300424,0.5463908632111124,6,31,0,-25,0.0,1.8830372380557776,20,-20.577486839199306,1504.3406648362707
13,R,RS,CAR,TEN,A,1547.589497790843,1504.3406648362707,0.45360913678888753,31,6,0,25,1.0,1.8830372380557776,20,20.57748683919931,1568.1669846300424
13,R,RS,BAL,JAX,H,1449.2647843039038,1476.3054792960475,0.5468887825745572,25,28,1,-3,0.0,0.3844772473896721,22.44,-4.718375631807326,1444.5464086720965
13,R,RS,JAX,BAL,A,1471.5871036642402,1444.5464086720965,0.45311121742544275,28,25,1,3,1.0,0.3844772473896721,22.44,4.718375631807326,1476.3054792960475
13,R,RS,TB,NO,H,1442.5759425391134,1419.4395183146753,0.6020798620115515,13,7,0,6,1.0,0.7629315715540415,20.4,6.193151059061972,1448.7690935981755
13,R,RS,NO,TB,A,1425.6326693737374,1448.7690935981755,0.3979201379884485,7,13,0,-6,0.0,0.7629315715540415,20.4,-6.193151059061972,1419.4395183146753
13,R,RS,WAS,SF,H,1545.8948887238917,1571.5418801960911,0.5482849460804661,16,19,1,-3,0.0,0.384773321517518,20.4,-4.303694564765257,1541.5911941591264
13,R,RS,SF,WAS,A,1567.238185631326,1541.5911941591264,0.45171505391953387,19,16,1,3,1.0,0.384773321517518,20.4,4.303694564765258,1571.5418801960911
13,R,RS,ARI,PHI,H,1460.2785635034872,1519.9319379916794,0.48102298188182413,36,30,0,6,1.0,0.7332697723858895,22.44,8.539545589256065,1468.8181090927433
13,R,RS,PHI,ARI,A,1528.4714835809355,1468.8181090927433,0.5189770181181759,30,36,0,-6,0.0,0.7332697723858895,22.44,-8.539545589256065,1519.9319379916794
13,R,RS,NYG,DAL,H,1472.3522307508779,1529.8369420429265,0.47585495732307337,20,6,0,14,1.0,1.2163125200154556,22.44,14.306042547856858,1486.6582732987347
13,R,RS,DAL,NYG,A,1544.1429845907833,1486.6582732987347,0.5241450426769266,6,20,0,-14,0.0,1.2163125200154556,22.44,-14.306042547856858,1529.8369420429265
13,R,RS,SEA,OAK,H,1483.7230096332225,1518.6399996324787,0.5420657999116825,21,27,0,-6,0.0,0.757694362029708,22.44,-9.216561297923093,1474.5064483352994
13,R,RS,OAK,SEA,A,1509.4234383345556,1474.5064483352994,0.45793420008831753,27,21,0,6,1.0,0.757694362029708,22.44,9.216561297923093,1518.6399996324787
13,R,RS,STL,GB,H,1446.776032595641,1589.0039963638387,0.3902308114894768,9,24,0,-15,0.0,1.2172781107233088,20.4,-9.690396269101052,1437.08563632654
13,R,RS,GB,STL,A,1579.3136000947377,1437.08563632654,0.6097691885105232,24,9,0,15,1.0,1.2172781107233088,20.4,9.690396269101052,1589.0039963638387
13,R,RS,MIA,PIT,H,1523.841344676149,1565.2134236349712,0.5323827646367066,17,24,0,-7,0.0,0.8199789114716447,20.4,-8.90546985259466,1514.9358748235543
13,R,RS,PIT,MIA,A,1556.3079537823764,1514.9358748235543,0.4676172353632934,24,17,0,7,1.0,0.8199789114716447,20.4,8.905469852594658,1565.2134236349712
14,R,RS,DET,KC,H,1473.3179457463514,1530.5484943118572,0.505632380132125,24,28,0,-4,0.0,0.6076047484110889,20,-6.144492702373597,1467.1734530439778
14,R,RS,KC,DET,A,1524.4040016094837,1467.1734530439778,0.4943676198678751,28,24,0,4,1.0,0.6076047484110889,20,6.144492702373597,1530.5484943118572
14,R,RS,DAL,WAS,H,1529.8369420429265,1530.8672031416627,0.561916205871906,21,10,0,11,1.0,1.0908785472208444,22.44,10.723991017463673,1540.5609330603902
14,R,RS,WAS,DAL,A,1541.5911941591264,1540.5609330603902,0.43808379412809406,10,21,0,-11,0.0,1.0908785472208444,22.44,-10.723991017463675,1530.8672031416627
14,R,RS,CAR,TB,H,1568.1669846300424,1439.4697062810994,0.7318276099162351,24,0,0,24,1.0,1.6998480690802167,20.4,9.299387317076095,1577.4663719471184
14,R,RS,TB,CAR,A,1448.7690935981755,1577.4663719471184,0.2681723900837649,0,24,0,-24,0.0,1.6998480690802167,20.4,-9.299387317076095,1439.4697062810994
14,R,RS,IND,BUF,H,1471.6609474664115,1538.007086594061,0.47743628343447525,13,10,1,3,1.0,0.37039665350801865,22.44,4.343393315751486,1476.004340782163
14,R,RS,BUF,IND,A,1542.3504799098125,1476.004340782163,0.5225637165655247,10,13,1,-3,0.0,0.37039665350801865,22.44,-4.343393315751485,1538.007086594061
14,R,RS,GB,CHI,H,1589.0039963638387,1469.9053638610142,0.724368025606722,28,17,0,11,1.0,1.0099561628601461,22.44,6.246762179772338,1595.250758543611
14,R,RS,CHI,GB,A,1476.1521260407865,1595.250758543611,0.275631974393278,17,28,0,-11,0.0,1.0099561628601461,22.44,-6.246762179772338,1469.9053638610142
14,R,RS,JAX,CIN,H,1476.3054792960475,1486.64312875208,0.5561232054605616,30,27,0,3,1.0,0.5520674118647916,22.44,5.498920051046228,1481.8043993470937
14,R,RS,CIN,JAX,A,1492.1420488031263,1481.8043993470937,0.44387679453943846,27,30,0,-3,0.0,0.5520674118647916,22.44,-5.498920051046229,1486.64312875208
14,R,RS,MIN,ARI,H,1481.8451714720654,1453.6538432049995,0.5966666640538679,41,17,0,24,1.0,1.8430075096632776,20.4,15.164265887743765,1497.0094373598092
14,R,RS,ARI,MIN,A,1468.8181090927433,1497.0094373598092,0.403333335946132,17,41,0,-24,0.0,1.8430075096632776,20.4,-15.164265887743763,1453.6538432049995
14,R,RS,PHI,NYG,H,1519.9319379916794,1471.3684628690683,0.6243712983808003,24,0,0,24,1.0,1.813929814752348,22.44,15.289810429666423,1535.2217484213459
14,R,RS,NYG,PHI,A,1486.6582732987347,1535.2217484213459,0.37562870161919976,0,24,0,-24,0.0,1.813929814752348,22.44,-15.289810429666424,1471.3684628690683
14,R,RS,BAL,PIT,H,1444.5464086720965,1549.5948566638156,0.40660701688687345,31,17,0,14,1.0,1.1729403459670253,22.44,15.618566971155683,1460.164975643252
14,R,RS,PIT,BAL,A,1565.2134236349712,1460.164975643252,0.5933929831131266,17,31,0,-14,0.0,1.1729403459670253,22.44,-15.618566971155683,1549.5948566638156
14,R,RS,DEN,SEA,H,1602.8337821106763,1463.8605683220271,0.7417945945410495,34,7,0,27,1.0,1.837356307535365,22.44,10.645880013272322,1613.4796621239486
14,R,RS,SEA,DEN,A,1474.5064483352994,1613.4796621239486,0.25820540545895054,7,34,0,-27,0.0,1.837356307535365,22.44,-10.645880013272322,1463.8605683220271
14,R,RS,NO,STL,H,1419.4395183146753,1454.3056546638238,0.5535503853377228,10,26,0,-16,0.0,1.38628843306778,22.44,-17.220018337283864,1402.2194999773915
14,R,RS,STL,NO,A,1437.08563632654,1402.2194999773915,0.4464496146622771,26,10,0,16,1.0,1.38628843306778,22.44,17.220018337283864,1454.3056546638238
14,R,RS,NYJ,TEN,H,1407.2055495712318,1520.2961271936736,0.43965823130650444,10,35,0,-25,0.0,1.778951130726282,20.4,-15.955462357402793,1391.250087213829
14,R,RS,TEN,NYJ,A,1504.3406648362707,1391.250087213829,0.5603417686934955,35,10,0,25,1.0,1.778951130726282,20.4,15.955462357402794,1520.2961271936736
14,R,RS,OAK,MIA,H,1518.6399996324787,1506.148515960706,0.583687147657407,17,7,0,10,1.0,1.0346855327907731,20.4,8.787358862848341,1527.427358495327
14,R,RS,MIA,OAK,A,1514.9358748235543,1527.427358495327,0.416312852342593,7,17,0,-10,0.0,1.0346855327907731,20.4,-8.787358862848343,1506.148515960706
14,R,RS,SD,NE,H,1506.8565360596172,1565.632685560121,0.5343241199103708,7,45,0,-38,0.0,2.5379839782621123,20.4,-27.664563532843104,1479.191972526774
14,R,RS,NE,SD,A,1537.9681220272778,1479.191972526774,0.4656758800896293,45,7,0,38,1.0,2.5379839782621123,20.4,27.664563532843104,1565.632685560121
14,R,RS,ATL,SF,H,1403.931423937868,1584.1947552119495,0.343386733509141,10,34,0,-24,0.0,1.6420366755879992,22.44,-12.652875015858429,1391.2785489220096
14,R,RS,SF,ATL,A,1571.5418801960911,1391.2785489220096,0.6566132664908589,34,10,0,24,1.0,1.6420366755879992,22.44,12.65287501585843,1584.1947552119495
15,R,RS,IND,PHI,H,1476.004340782163,1515.6435039816063,0.49393096060719294,37,10,0,27,1.0,1.9343452094234115,20,19.578244439739684,1495.5825852219025
15,R,RS,PHI,IND,A,1535.2217484213459,1495.5825852219025,0.5060690393928069,10,37,0,-27,0.0,1.9343452094234115,20,-19.578244439739677,1515.6435039816063
15,R,RS,CHI,STL,H,1469.9053638610142,1438.4232562586649,0.600225455636497,35,9,0,26,1.0,1.9474700238078413,20.4,15.882398405158945,1485.787762266173
15,R,RS,STL,CHI,A,1454.3056546638238,1485.787762266173,0.3997745443635029,9,35,0,-26,0.0,1.9474700238078413,20.4,-15.88239840515894,1438.4232562586649
15,R,RS,CIN,BAL,H,1486.64312875208,1453.050447345982,0.6151531863696249,21,14,0,7,1.0,0.8238257517941244,22.44,7.114528297270007,1493.75765704935
15,R,RS,BAL,CIN,A,1460.164975643252,1493.75765704935,0.38484681363037515,14,21,0,-7,0.0,0.8238257517941244,22.44,-7.114528297270008,1453.050447345982
15,R,RS,GB,DEN,H,1595.250758543611,1591.8979285353273,0.5527211616176879,41,6,0,35,1.0,2.4125592065429045,20,21.58173358862126,1616.8324921322323
15,R,RS,DEN,GB,A,1613.4796621239486,1616.8324921322323,0.447278838382312,6,41,0,-35,0.0,2.4125592065429045,20,-21.581733588621255,1591.8979285353273
15,R,RS,MIA,NYG,H,1506.148515960706,1484.0175257837607,0.6264028296666917,7,17,0,-10,0.0,1.0096588262079667,20,-12.649062914692417,1493.4994530460135
15,R,RS,NYG,MIA,A,1471.3684628690683,1493.4994530460135,0.37359717033330836,17,7,0,10,1.0,1.0096588262079667,20,12.649062914692417,1484.0175257837607
15,R,RS,NO,ATL,H,1402.2194999773915,1409.8480600609157,0.5937733985965016,15,31,0,-16,0.0,1.3936601465376142,22.44,-18.569511138906208,1383.6499888384853
15,R,RS,ATL,NO,A,1391.2785489220096,1383.6499888384853,0.40622660140349837,31,15,0,16,1.0,1.3936601465376142,22.44,18.56951113890621,1409.8480600609157
15,R,RS,TEN,JAX,H,1520.2961271936736,1492.4331252477468,0.6313893212265788,17,23,0,-6,0.0,0.7501724703202542,22.44,-10.628725900653048,1509.6674012930205
15,R,RS,JAX,TEN,A,1481.8043993470937,1509.6674012930205,0.3686106787734213,23,17,0,6,1.0,0.7501724703202542,22.44,10.628725900653047,1492.4331252477468
15,R,RS,PIT,SD,H,1549.5948566638156,1471.4546742533796,0.6730202176748304,16,3,0,13,1.0,1.1599473350618283,20.4,7.737298273394413,1557.33215493721
15,R,RS,SD,PIT,A,1479.191972526774,1557.33215493721,0.32697978232516955,3,16,0,-13,0.0,1.1599473350618283,20.4,-7.737298273394413,1471.4546742533796
15,R,RS,TB,WAS,H,1439.4697062810994,1517.3661188500212,0.44781057378090655,24,10,0,14,1.0,1.1985341008156536,20.4,13.50108429164162,1452.970790572741
15,R,RS,WAS,TB,A,1530.8672031416627,1452.970790572741,0.5521894262190935,10,24,0,-14,0.0,1.1985341008156536,20.4,-13.501084291641622,1517.3661188500212
15,R,RS,ARI,DAL,H,1453.6538432049995,1546.588001615086,0.4542106610491395,6,10,0,-4,0.0,0.5913246115849423,22.44,-6.027068554695645,1447.6267746503038
15,R,RS,DAL,ARI,A,1540.5609330603902,1447.6267746503038,0.5457893389508605,10,6,0,4,1.0,0.5913246115849423,22.44,6.027068554695646,1546.588001615086
15,R,RS,NE,NYJ,H,1565.632685560121,1383.5215723118056,0.7892536341025389,34,10,0,24,1.0,1.6342297101744843,22.44,7.728514902023351,1573.3612004621443
15,R,RS,NYJ,NE,A,1391.250087213829,1573.3612004621443,0.21074636589746115,10,34,0,-24,0.0,1.6342297101744843,22.44,-7.7285149020233535,1383.5215723118056
15,R,RS,SEA,BUF,H,1463.8605683220271,1528.7834740204926,0.472473804439623,26,18,0,8,1.0,0.8570908422340409,20.4,9.223612573568602,1473.0841808955956
15,R,RS,BUF,SEA,A,1538.007086594061,1473.0841808955956,0.527526195560377,18,26,0,-8,0.0,0.8570908422340409,20.4,-9.223612573568603,1528.7834740204926
15,R,RS,SF,CAR,H,1584.1947552119495,1587.6133316218263,0.5879112198228631,24,30,0,-6,0.0,0.7691328017552947,22.44,-10.146959674707821,1574.0477955372417
15,R,RS,CAR,SF,A,1577.4663719471184,1574.0477955372417,0.41208878017713696,30,24,0,6,1.0,0.7691328017552947,22.44,10.146959674707821,1587.6133316218263
15,R,RS,DET,MIN,H,1467.1734530439778,1502.6872387589633,0.5361507385984424,22,24,0,-2,0.0,0.4719222310252674,22.44,-5.677801399153981,1461.4956516448237
15,R,RS,MIN,DET,A,1497.0094373598092,1461.4956516448237,0.46384926140155763,24,22,0,2,1.0,0.4719222310252674,22.44,5.677801399153979,1502.6872387589633
15,R,RS,OAK,KC,H,1527.427358495327,1515.4784535701235,0.5741097138401752,26,7,0,19,1.0,1.5768625508970515,22.44,15.0700407417336,1542.4973992370608
15,R,RS,KC,OAK,A,1530.5484943118572,1542.4973992370608,0.4258902861598248,7,26,0,-19,0.0,1.5768625508970515,22.44,-15.0700407417336,1515.4784535701235
16,R,RS,NYJ,PHI,H,1383.5215723118056,1518.5006684847071,0.3908002798190315,20,21,0,-1,0.0,0.3655530267818451,20,-2.8571645031007793,1380.6644078087047
16,R,RS,PHI,NYJ,A,1515.6435039816063,1380.6644078087047,0.6091997201809686,21,20,0,1,1.0,0.3655530267818451,20,2.857164503100779,1518.5006684847071
16,R,RS,CHI,SD,H,1485.787762266173,1461.7266142891094,0.5984746112362357,27,14,0,13,1.0,1.2113879017988776,20,9.728059964270301,1495.5158222304435
16,R,RS,SD,CHI,A,1471.4546742533796,1495.5158222304435,0.40152538876376426,14,27,0,-13,0.0,1.2113879017988776,20,-9.7280599642703,1461.7266142891094
16,R,RS,ATL,STL,H,1409.8480600609157,1448.3519343640864,0.5379551923093914,27,34,0,-7,0.0,0.8224745617316136,22.44,-9.92867810542148,1399.9193819554941
16,R,RS,STL,ATL,A,1438.4232562586649,1399.9193819554941,0.4620448076906086,34,27,0,7,1.0,0.8224745617316136,22.44,9.92867810542148,1448.3519343640864
16,R,RS,CAR,BAL,H,1587.6133316218263,1448.0522108942102,0.7486098199488753,27,16,0,11,1.0,0.9941192712371028,20,4.998236451771762,1592.6115680735982
16,R,RS,BAL,CAR,A,1453.050447345982,1592.6115680735982,0.2513901800511246,16,27,0,-11,0.0,0.9941192712371028,20,-4.998236451771761,1448.0522108942102
16,R,RS,DAL,NE,H,1546.588001615086,1566.4043318942188,0.5405324936306114,12,6,0,6,1.0,0.7570577322101724,20,6.9568685679254445,1553.5448701830114
16,R,RS,NE,DAL,A,1573.3612004621443,1553.5448701830114,0.4594675063693886,6,12,0,-6,0.0,0.7570577322101724,20,-6.9568685679254445,1566.4043318942188
16,R,RS,DET,GB,H,1461.4956516448237,1631.7558109773165,0.35948840908584256,3,31,0,-28,0.0,1.8499401296019384,22.44,-14.923318845084133,1446.5723327997396
16,R,RS,GB,DET,A,1616.8324921322323,1446.5723327997396,0.6405115909141574,31,3,0,28,1.0,1.8499401296019384,22.44,14.923318845084133,1631.7558109773165
16,R,RS,MIN,TB,H,1502.6872387589633,1444.5652503610727,0.6462958019100196,21,10,0,11,1.0,1.0590161011034853,22.44,8.405540211668374,1511.0927789706316
16,R,RS,TB,MIN,A,1452.970790572741,1511.0927789706316,0.35370419808998044,10,21,0,-11,0.0,1.0590161011034853,22.44,-8.405540211668374,1444.5652503610727
16,R,RS,NYG,NO,H,1484.0175257837607,1400.8891579621456,0.7097906351591536,3,17,0,-14,0.0,1.1905726394852587,20.4,-17.239169123660375,1466.7783566601004
16,R,RS,NO,NYG,A,1383.6499888384853,1466.7783566601004,0.29020936484084636,17,3,0,14,1.0,1.1905726394852587,20.4,17.239169123660375,1400.8891579621456
16,R,RS,TEN,CIN,H,1509.6674012930205,1505.8415567486547,0.6006536276151998,13,21,0,-8,0.0,0.8965203560109375,22.44,-12.08389969930477,1497.5835015937157
16,R,RS,CIN,TEN,A,1493.75765704935,1497.5835015937157,0.39934637238480014,21,13,0,8,1.0,0.8965203560109375,22.44,12.083899699304773,1505.8415567486547
16,R,RS,PIT,SF,H,1557.33215493721,1585.4122460150336,0.554873707400568,15,25,0,-10,0.0,1.0240573959641368,20,-11.364450477791841,1545.967704459418
16,R,RS,SF,PIT,A,1574.0477955372417,1545.967704459418,0.445126292599432,25,15,0,10,1.0,1.0240573959641368,20,11.364450477791843,1585.4122460150336
16,R,RS,ARI,WAS,H,1447.6267746503038,1512.888625740688,0.47880109452384906,27,26,0,1,1.0,0.3828323052760393,22.44,4.47749310933318,1452.104267759637
16,R,RS,WAS,ARI,A,1517.3661188500212,1452.104267759637,0.521198905476151,26,27,0,-1,0.0,0.3828323052760393,22.44,-4.47749310933318,1512.888625740688
16,R,RS,DEN,OAK,H,1591.8979285353273,1537.117786101491,0.6458799695544368,24,19,0,5,1.0,0.6769829014848289,22.44,5.379613135569904,1597.277541670897
16,R,RS,OAK,DEN,A,1542.4973992370608,1597.277541670897,0.3541200304455633,19,24,0,-5,0.0,0.6769829014848289,22.44,-5.3796131355699055,1537.117786101491
16,R,RS,KC,IND,H,1515.4784535701235,1504.1482116444943,0.6061447290008933,19,24,0,-5,0.0,0.6927118690916523,20.4,-8.565626422591741,1506.9128271475317
16,R,RS,IND,KC,A,1495.5825852219025,1506.9128271475317,0.39385527099910667,24,19,0,5,1.0,0.6927118690916523,20.4,8.565626422591741,1504.1482116444943
16,R,RS,JAX,SEA,H,1492.4331252477468,1466.4151485055509,0.605392862961667,20,13,0,7,1.0,0.8284527109843446,20.4,6.6690323900448245,1499.1021576377916
16,R,RS,SEA,JAX,A,1473.0841808955956,1499.1021576377916,0.39460713703833294,13,20,0,-7,0.0,0.8284527109843446,20.4,-6.6690323900448245,1466.4151485055509
16,R,RS,MIA,BUF,H,1493.4994530460135,1523.8098307021382,0.5283431572402508,16,14,0,2,1.0,0.4699218563433297,22.44,4.9736433183542434,1498.4730963643678
16,R,RS,BUF,MIA,A,1528.7834740204926,1498.4730963643678,0.4716568427597492,14,16,0,-2,0.0,0.4699218563433297,22.44,-4.9736433183542434,1523.8098307021382
17,R,RS,NYG,NE,H,1466.7783566601004,1569.6696702848005,0.43612891821896915,22,23,0,-1,0.0,0.3743547210669406,20,-3.265338390581775,1463.5130182695186
17,R,RS,NE,NYG,A,1566.4043318942188,1463.5130182695186,0.5638710817810308,23,22,0,1,1.0,0.3743547210669406,20,3.265338390581775,1569.6696702848005
17,R,RS,STL,NO,H,1448.3519343640864,1397.7724372703356,0.6433245679412567,14,13,0,1,1.0,0.38940527982203027,22.44,3.116720691810177,1451.4686550558965
17,R,RS,NO,STL,A,1400.8891579621456,1451.4686550558965,0.3566754320587434,13,14,0,-1,0.0,0.38940527982203027,22.44,-3.116720691810178,1397.7724372703356
17,R,RS,BUF,KC,H,1523.8098307021382,1498.0920754597164,0.6020160483934316,20,9,0,11,1.0,1.0864503125639573,20.4,8.82075168781526,1532.6305823899536
17,R,RS,KC,BUF,A,1506.9128271475317,1532.6305823899536,0.3979839516065684,9,20,0,-11,0.0,1.0864503125639573,20.4,-8.82075168781526,1498.0920754597164
17,R,RS,CAR,PIT,H,1592.6115680735982,1541.6053030674575,0.6422421639040153,18,14,0,4,1.0,0.6096863509077798,20,4.362401391960489,1596.9739694655586
17,R,RS,PIT,CAR,A,1545.967704459418,1596.9739694655586,0.3577578360959847,14,18,0,-4,0.0,0.6096863509077798,20,-4.36240139196049,1541.6053030674575
17,R,RS,CIN,IND,H,1505.8415567486547,1496.964847477459,0.5808717731034334,31,24,0,7,1.0,0.84013834398564,20.4,7.183364167035388,1513.02492091569
17,R,RS,IND,CIN,A,1504.1482116444943,1513.02492091569,0.4191282268965667,24,31,0,-7,0.0,0.84013834398564,20.4,-7.18336416703539,1496.964847477459
17,R,RS,GB,MIN,H,1631.7558109773165,1499.7393407838497,0.7332544750880723,38,10,0,28,1.0,1.8967382617881652,22.44,11.35343818678181,1643.1092491640984
17,R,RS,MIN,GB,A,1511.0927789706316,1643.1092491640984,0.2667455249119278,10,38,0,-28,0.0,1.8967382617881652,22.44,-11.353438186781815,1499.7393407838497
17,R,RS,JAX,ATL,H,1499.1021576377916,1397.3084495294022,0.708383783296638,19,17,0,2,1.0,0.4476658492466338,20,2.610932426092019,1501.7130900638836
17,R,RS,ATL,JAX,A,1399.9193819554941,1501.7130900638836,0.2916162167033621,17,19,0,-2,0.0,0.4476658492466338,20,-2.6109324260920195,1397.3084495294022
17,R,RS,NYJ,MIA,H,1380.6644078087047,1503.1803564204117,0.41058298473657734,28,31,0,-3,0.0,0.5109099866221098,22.44,-4.7072600560438485,1375.9571477526608
17,R,RS,MIA,NYJ,A,1498.4730963643678,1375.9571477526608,0.5894170152634226,31,28,0,3,1.0,0.5109099866221098,22.44,4.707260056043849,1503.1803564204117
17,R,RS,PHI,ARI,H,1518.5006684847071,1444.7612238730105,0.6679247364704245,29,19,0,10,1.0,0.9854095009872565,22.44,7.343043886626548,1525.8437123713336
17,R,RS,ARI,PHI,A,1452.104267759637,1525.8437123713336,0.33207526352957545,19,29,0,-10,0.0,0.9854095009872565,22.44,-7.343043886626546,1444.7612238730105
17,R,RS,BAL,TEN,H,1448.0522108942102,1503.712054723452,0.507869455434547,21,24,0,-3,0.0,0.5377532066930208,22.44,-6.128553129736251,1441.923657764474
17,R,RS,TEN,BAL,A,1497.5835015937157,1441.923657764474,0.4921305445654531,24,21,0,3,1.0,0.5377532066930208,22.44,6.128553129736249,1503.712054723452
17,R,RS,TB,CHI,H,1444.5652503610727,1481.170591703108,0.5058273316645157,34,19,0,15,1.0,1.2936177242699147,22.44,14.345230527335652,1458.9104808884083
17,R,RS,CHI,TB,A,1495.5158222304435,1458.9104808884083,0.49417266833548434,19,34,0,-15,0.0,1.2936177242699147,22.44,-14.345230527335652,1481.170591703108
17,R,RS,OAK,SEA,H,1537.117786101491,1478.4471965884543,0.673399829003715,21,28,0,-7,0.0,0.7962394745026503,22.44,-12.03204808290352,1525.0857380185876
17,R,RS,SEA,OAK,A,1466.4151485055509,1525.0857380185876,0.326600170996285,28,21,0,7,1.0,0.7962394745026503,22.44,12.03204808290352,1478.4471965884543
17,R,RS,WAS,DAL,H,1512.888625740688,1532.437782054531,0.5206306038239048,37,10,0,27,1.0,1.9621633811990302,22.44,21.1070881284804,1533.9957138691684
17,R,RS,DAL,WAS,A,1553.5448701830114,1533.9957138691684,0.4793693961760952,10,37,0,-27,0.0,1.9621633811990302,22.44,-21.1070881284804,1532.437782054531
17,R,RS,SD,DEN,H,1461.7266142891094,1587.6673327419403,0.3861111956942421,16,10,0,6,1.0,0.6976221540210034,22.44,9.610208928956773,1471.3368232180662
17,R,RS,DEN,SD,A,1597.277541670897,1471.3368232180662,0.6138888043057579,10,16,0,-6,0.0,0.6976221540210034,22.44,-9.610208928956773,1587.6673327419403
17,R,RS,SF,DET,H,1585.4122460150336,1441.8701394395573,0.753214821014839,24,14,0,10,1.0,0.9340093901368351,20.4,4.702193360182293,1590.1144393752159
17,R,RS,DET,SF,A,1446.5723327997396,1590.1144393752159,0.246785178985161,14,24,0,-10,0.0,0.9340093901368351,20.4,-4.702193360182294,1441.8701394395573
18,P,WC,BUF,JAX,H,1532.6305823899536,1509.3179703648175,0.6211849665227853,27,30,0,-3,0.0,0.5455676286398047,22.44,-7.6048803009340284,1525.0257020890197
18,P,WC,JAX,BUF,A,1501.7130900638836,1525.0257020890197,0.3788150334772146,30,27,0,3,1.0,0.5455676286398047,22.44,7.6048803009340284,1509.3179703648175
18,P,WC,DAL,MIN,H,1532.437782054531,1483.9585212508591,0.6235943852672883,40,15,0,25,1.0,1.868317181525367,22.44,15.780819532990556,1548.2186015875216
18,P,WC,MIN,DAL,A,1499.7393407838497,1548.2186015875216,0.37640561473271167,15,40,0,-25,0.0,1.868317181525367,22.44,-15.780819532990552,1483.9585212508591
18,P,WC,PIT,IND,H,1541.6053030674575,1480.7239143512372,0.6395880395820442,42,14,0,28,1.0,2.008116620796366,22.44,16.240933126221783,1557.8462361936793
18,P,WC,IND,PIT,A,1496.964847477459,1557.8462361936793,0.36041196041795587,14,42,0,-28,0.0,2.008116620796366,22.44,-16.240933126221787,1480.7239143512372
18,P,WC,SF,PHI,H,1590.1144393752159,1516.6535182649434,0.6652051415220221,14,0,0,14,1.0,1.2232720471536418,22.44,9.190194106390157,1599.304633481606
18,P,WC,PHI,SF,A,1525.8437123713336,1599.304633481606,0.33479485847797785,0,14,0,-14,0.0,1.2232720471536418,22.44,-9.190194106390157,1516.6535182649434
19,P,DV,GB,SF,H,1643.1092491640984,1584.8137461832969,0.6384781768423424,35,14,0,21,1.0,1.6373783617862012,24.479999999999997,14.490887298309191,1657.6001364624076
19,P,DV,SF,GB,A,1599.304633481606,1657.6001364624076,0.3615218231576576,14,35,0,-21,0.0,1.6373783617862012,24.479999999999997,-14.490887298309191,1584.8137461832969
19,P,DV,DEN,JAX,H,1587.6673327419403,1518.1141349763136,0.6830059646814927,27,30,0,-3,0.0,0.5260868402277894,24.479999999999997,-8.79616461149616,1578.8711681304442
19,P,DV,JAX,DEN,A,1509.3179703648175,1578.8711681304442,0.31699403531850734,30,27,0,3,1.0,0.5260868402277894,24.479999999999997,8.79616461149616,1518.1141349763136
19,P,DV,NE,PIT,H,1569.6696702848005,1539.0164659770542,0.5949981371566059,28,3,0,25,1.0,1.8992257330107256,24.479999999999997,18.829770216625043,1588.4994405014256
19,P,DV,PIT,NE,A,1557.8462361936793,1588.4994405014256,0.4050018628433942,3,28,0,-25,0.0,1.8992257330107256,24.479999999999997,-18.829770216625047,1539.0164659770542
19,P,DV,CAR,DAL,H,1596.9739694655586,1540.077759059099,0.6450300824290992,26,17,0,9,1.0,0.936842082719824,24.479999999999997,8.14084252842257,1605.1148119939812
19,P,DV,DAL,CAR,A,1548.2186015875216,1605.1148119939812,0.3549699175709008,17,26,0,-9,0.0,0.936842082719824,24.479999999999997,-8.14084252842257,1540.077759059099
20,P,CC,GB,CAR,H,1657.6001364624076,1591.562366043192,0.6499308496300239,30,13,0,17,1.0,1.4057235075495191,27.54,13.552445950789197,1671.1525824131968
20,P,CC,CAR,GB,A,1605.1148119939812,1671.1525824131968,0.35006915036997616,13,30,0,-17,0.0,1.4057235075495191,27.54,-13.552445950789199,1591.562366043192
20,P,CC,NE,JAX,H,1588.4994405014256,1507.148807229983,0.6729979488709525,20,6,0,14,1.0,1.2176071908773354,27.54,10.965327746330528,1599.4647682477562
20,P,CC,JAX,NE,A,1518.1141349763136,1599.4647682477562,0.3270020511290475,6,20,0,-14,0.0,1.2176071908773354,27.54,-10.96532774633053,1507.148807229983
21,P,SB,NE,GB,N,1599.4647682477562,1685.6864292254977,0.3982725024048955,21,35,0,-14,0.0,1.2164072525336158,30.0,-14.533846812300803,1584.9309214354553
21,P,SB,GB,NE,N,1671.1525824131968,1584.9309214354553,0.6017274975951046,35,21,0,14,1.0,1.2164072525336158,30.0,14.533846812300801,1685.6864292254977
