season,week,round,date,home_team,home_score,away_team,away_score,winner
1996,1,Week 1,1996-09-01,49ers,27,Saints,11,49ers
1996,1,Week 1,1996-09-01,Broncos,31,Jets,6,Broncos
1996,1,Week 1,1996-09-01,Buccaneers,3,Packers,34,Packers
1996,1,Week 1,1996-09-01,Chargers,29,Seahawks,7,Chargers
1996,1,Week 1,1996-09-01,Colts,20,Cardinals,13,Colts
1996,1,Week 1,1996-09-01,Dolphins,24,Patriots,10,Dolphins
1996,1,Week 1,1996-09-01,Giants,20,Bills,23,Bills
1996,1,Week 1,1996-09-01,Jaguars,24,Steelers,9,Jaguars
1996,1,Week 1,1996-09-01,Oilers,19,Chiefs,20,Chiefs
1996,1,Week 1,1996-09-01,Panthers,29,Falcons,6,Panthers
1996,1,Week 1,1996-09-01,Rams,26,Bengals,16,Rams
1996,1,Week 1,1996-09-01,Ravens,19,Raiders,14,Ravens
1996,1,Week 1,1996-09-01,Redskins,14,Eagles,17,Eagles
1996,1,Week 1,1996-09-01,Vikings,17,Lions,13,Vikings
1996,1,Week 1,1996-09-02,Bears,22,Cowboys,6,Bears
1996,2,Week 2,1996-09-08,49ers,34,Rams,0,49ers
1996,2,Week 2,1996-09-08,Bills,17,Patriots,10,Bills
1996,2,Week 2,1996-09-08,Cardinals,10,Dolphins,38,Dolphins
1996,2,Week 2,1996-09-08,Chargers,27,Bengals,14,Chargers
1996,2,Week 2,1996-09-08,Chiefs,19,Raiders,3,Chiefs
1996,2,Week 2,1996-09-08,Cowboys,27,Giants,0,Cowboys
1996,2,Week 2,1996-09-08,Falcons,17,Vikings,23,Vikings
1996,2,Week 2,1996-09-08,Jaguars,27,Oilers,34,Oilers
1996,2,Week 2,1996-09-08,Jets,7,Colts,21,Colts
1996,2,Week 2,1996-09-08,Lions,21,Buccaneers,6,Lions
1996,2,Week 2,1996-09-08,Redskins,10,Bears,3,Redskins
1996,2,Week 2,1996-09-08,Saints,20,Panthers,22,Panthers
1996,2,Week 2,1996-09-08,Seahawks,20,Broncos,30,Broncos
1996,2,Week 2,1996-09-08,Steelers,31,Ravens,17,Steelers
1996,2,Week 2,1996-09-09,Packers,39,Eagles,13,Packers
1996,3,Week 3,1996-09-15,Bears,14,Vikings,20,Vikings
1996,3,Week 3,1996-09-15,Bengals,30,Saints,15,Bengals
1996,3,Week 3,1996-09-15,Broncos,27,Buccaneers,23,Broncos
1996,3,Week 3,1996-09-15,Cowboys,24,Colts,25,Colts
1996,3,Week 3,1996-09-15,Dolphins,36,Jets,27,Dolphins
1996,3,Week 3,1996-09-15,Eagles,24,Lions,17,Eagles
1996,3,Week 3,1996-09-15,Giants,10,Redskins,31,Redskins
1996,3,Week 3,1996-09-15,Oilers,29,Ravens,13,Oilers
1996,3,Week 3,1996-09-15,Packers,42,Chargers,10,Packers
1996,3,Week 3,1996-09-15,Patriots,31,Cardinals,0,Patriots
1996,3,Week 3,1996-09-15,Raiders,17,Jaguars,3,Raiders
1996,3,Week 3,1996-09-15,Seahawks,17,Chiefs,35,Chiefs
1996,3,Week 3,1996-09-16,Steelers,24,Bills,6,Steelers
1996,4,Week 4,1996-09-22,Bills,10,Cowboys,7,Bills
1996,4,Week 4,1996-09-22,Buccaneers,13,Seahawks,17,Seahawks
1996,4,Week 4,1996-09-22,Chiefs,17,Broncos,14,Chiefs
1996,4,Week 4,1996-09-22,Falcons,18,Eagles,33,Eagles
1996,4,Week 4,1996-09-22,Jets,6,Giants,13,Giants
1996,4,Week 4,1996-09-22,Lions,35,Bears,16,Lions
1996,4,Week 4,1996-09-22,Panthers,23,49ers,7,Panthers
1996,4,Week 4,1996-09-22,Patriots,28,Jaguars,25,Patriots
1996,4,Week 4,1996-09-22,Raiders,34,Chargers,40,Chargers
1996,4,Week 4,1996-09-22,Rams,10,Redskins,17,Redskins
1996,4,Week 4,1996-09-22,Saints,14,Cardinals,28,Cardinals
1996,4,Week 4,1996-09-22,Vikings,30,Packers,21,Vikings
1996,4,Week 4,1996-09-23,Colts,10,Dolphins,6,Colts
1996,5,Week 5,1996-09-29,49ers,39,Falcons,17,49ers
1996,5,Week 5,1996-09-29,Bears,19,Raiders,17,Bears
1996,5,Week 5,1996-09-29,Bengals,10,Broncos,14,Broncos
1996,5,Week 5,1996-09-29,Buccaneers,0,Lions,27,Lions
1996,5,Week 5,1996-09-29,Cardinals,31,Rams,28,Cardinals
1996,5,Week 5,1996-09-29,Chargers,22,Chiefs,19,Chargers
1996,5,Week 5,1996-09-29,Giants,15,Vikings,10,Giants
1996,5,Week 5,1996-09-29,Jaguars,24,Panthers,14,Jaguars
1996,5,Week 5,1996-09-29,Ravens,17,Saints,10,Ravens
1996,5,Week 5,1996-09-29,Redskins,31,Jets,16,Redskins
1996,5,Week 5,1996-09-29,Seahawks,10,Packers,31,Packers
1996,5,Week 5,1996-09-29,Steelers,30,Oilers,16,Steelers
1996,5,Week 5,1996-09-30,Eagles,19,Cowboys,23,Cowboys
1996,6,Week 6,1996-10-06,Bears,6,Packers,37,Packers
1996,6,Week 6,1996-10-06,Bengals,27,Oilers,30,Oilers
1996,6,Week 6,1996-10-06,Bills,16,Colts,13,Bills
1996,6,Week 6,1996-10-06,Broncos,28,Chargers,17,Broncos
1996,6,Week 6,1996-10-06,Dolphins,15,Seahawks,22,Seahawks
1996,6,Week 6,1996-10-06,Jets,13,Raiders,34,Raiders
1996,6,Week 6,1996-10-06,Lions,28,Falcons,24,Lions
1996,6,Week 6,1996-10-06,Rams,11,49ers,28,49ers
1996,6,Week 6,1996-10-06,Ravens,38,Patriots,46,Patriots
1996,6,Week 6,1996-10-06,Saints,17,Jaguars,13,Saints
1996,6,Week 6,1996-10-06,Vikings,14,Panthers,12,Vikings
1996,6,Week 6,1996-10-07,Chiefs,7,Steelers,17,Steelers
1996,7,Week 7,1996-10-13,Bills,7,Dolphins,21,Dolphins
1996,7,Week 7,1996-10-13,Buccaneers,24,Vikings,13,Buccaneers
1996,7,Week 7,1996-10-13,Colts,26,Ravens,21,Colts
1996,7,Week 7,1996-10-13,Cowboys,17,Cardinals,3,Cowboys
1996,7,Week 7,1996-10-13,Falcons,13,Oilers,23,Oilers
1996,7,Week 7,1996-10-13,Giants,10,Eagles,19,Eagles
1996,7,Week 7,1996-10-13,Jaguars,21,Jets,17,Jaguars
1996,7,Week 7,1996-10-13,Panthers,45,Rams,13,Panthers
1996,7,Week 7,1996-10-13,Patriots,22,Redskins,27,Redskins
1996,7,Week 7,1996-10-13,Raiders,37,Lions,21,Raiders
1996,7,Week 7,1996-10-13,Saints,27,Bears,24,Saints
1996,7,Week 7,1996-10-13,Steelers,20,Bengals,10,Steelers
1996,7,Week 7,1996-10-14,Packers,23,49ers,20,Packers
1996,8,Week 8,1996-10-17,Chiefs,34,Seahawks,16,Chiefs
1996,8,Week 8,1996-10-20,49ers,28,Bengals,21,49ers
1996,8,Week 8,1996-10-20,Broncos,45,Ravens,34,Broncos
1996,8,Week 8,1996-10-20,Cardinals,13,Buccaneers,9,Cardinals
1996,8,Week 8,1996-10-20,Colts,9,Patriots,27,Patriots
1996,8,Week 8,1996-10-20,Cowboys,32,Falcons,28,Cowboys
1996,8,Week 8,1996-10-20,Eagles,35,Dolphins,28,Eagles
1996,8,Week 8,1996-10-20,Jets,22,Bills,25,Bills
1996,8,Week 8,1996-10-20,Oilers,23,Steelers,13,Oilers
1996,8,Week 8,1996-10-20,Panthers,19,Saints,7,Panthers
1996,8,Week 8,1996-10-20,Rams,17,Jaguars,14,Rams
1996,8,Week 8,1996-10-20,Redskins,31,Giants,21,Redskins
1996,8,Week 8,1996-10-21,Chargers,14,Raiders,23,Raiders
1996,9,Week 9,1996-10-27,Bengals,28,Jaguars,21,Bengals
1996,9,Week 9,1996-10-27,Broncos,34,Chiefs,7,Broncos
1996,9,Week 9,1996-10-27,Cardinals,21,Jets,31,Jets
1996,9,Week 9,1996-10-27,Dolphins,10,Cowboys,29,Cowboys
1996,9,Week 9,1996-10-27,Eagles,20,Panthers,9,Eagles
1996,9,Week 9,1996-10-27,Falcons,17,Steelers,20,Steelers
1996,9,Week 9,1996-10-27,Lions,7,Giants,35,Giants
1996,9,Week 9,1996-10-27,Oilers,9,49ers,10,49ers
1996,9,Week 9,1996-10-27,Packers,13,Buccaneers,7,Packers
1996,9,Week 9,1996-10-27,Patriots,28,Bills,25,Patriots
1996,9,Week 9,1996-10-27,Ravens,37,Rams,31,Ravens
1996,9,Week 9,1996-10-27,Redskins,31,Colts,16,Redskins
1996,9,Week 9,1996-10-27,Seahawks,32,Chargers,13,Seahawks
1996,9,Week 9,1996-10-28,Vikings,13,Bears,15,Bears
1996,10,Week 10,1996-11-03,Bears,13,Buccaneers,10,Bears
1996,10,Week 10,1996-11-03,Bills,38,Redskins,13,Bills
1996,10,Week 10,1996-11-03,Colts,19,Chargers,26,Chargers
1996,10,Week 10,1996-11-03,Cowboys,21,Eagles,31,Eagles
1996,10,Week 10,1996-11-03,Falcons,20,Panthers,17,Falcons
1996,10,Week 10,1996-11-03,Giants,16,Cardinals,8,Giants
1996,10,Week 10,1996-11-03,Packers,28,Lions,18,Packers
1996,10,Week 10,1996-11-03,Patriots,42,Dolphins,23,Patriots
1996,10,Week 10,1996-11-03,Ravens,21,Bengals,24,Bengals
1996,10,Week 10,1996-11-03,Saints,17,49ers,24,49ers
1996,10,Week 10,1996-11-03,Seahawks,23,Oilers,16,Seahawks
1996,10,Week 10,1996-11-03,Steelers,42,Rams,6,Steelers
1996,10,Week 10,1996-11-03,Vikings,6,Chiefs,21,Chiefs
1996,10,Week 10,1996-11-04,Raiders,21,Broncos,22,Broncos
1996,11,Week 11,1996-11-10,49ers,17,Cowboys,20,Cowboys
1996,11,Week 11,1996-11-10,Bengals,34,Steelers,24,Bengals
1996,11,Week 11,1996-11-10,Broncos,17,Bears,12,Broncos
1996,11,Week 11,1996-11-10,Buccaneers,20,Raiders,17,Buccaneers
1996,11,Week 11,1996-11-10,Chiefs,27,Packers,20,Chiefs
1996,11,Week 11,1996-11-10,Dolphins,37,Colts,13,Dolphins
1996,11,Week 11,1996-11-10,Eagles,17,Bills,24,Bills
1996,11,Week 11,1996-11-10,Jaguars,30,Ravens,27,Jaguars
1996,11,Week 11,1996-11-10,Jets,27,Patriots,31,Patriots
1996,11,Week 11,1996-11-10,Panthers,27,Giants,17,Panthers
1996,11,Week 11,1996-11-10,Rams,59,Falcons,16,Rams
1996,11,Week 11,1996-11-10,Redskins,34,Cardinals,37,Cardinals
1996,11,Week 11,1996-11-10,Saints,14,Oilers,31,Oilers
1996,11,Week 11,1996-11-10,Seahawks,42,Vikings,23,Seahawks
1996,11,Week 11,1996-11-11,Chargers,27,Lions,21,Chargers
1996,12,Week 12,1996-11-17,49ers,38,Ravens,20,49ers
1996,12,Week 12,1996-11-17,Bills,31,Bengals,17,Bills
1996,12,Week 12,1996-11-17,Cardinals,31,Giants,23,Cardinals
1996,12,Week 12,1996-11-17,Chargers,17,Buccaneers,25,Buccaneers
1996,12,Week 12,1996-11-17,Chiefs,14,Bears,10,Chiefs
1996,12,Week 12,1996-11-17,Colts,34,Jets,29,Colts
1996,12,Week 12,1996-11-17,Eagles,21,Redskins,26,Redskins
1996,12,Week 12,1996-11-17,Falcons,17,Saints,15,Falcons
1996,12,Week 12,1996-11-17,Lions,17,Seahawks,16,Lions
1996,12,Week 12,1996-11-17,Oilers,20,Dolphins,23,Dolphins
1996,12,Week 12,1996-11-17,Patriots,8,Broncos,34,Broncos
1996,12,Week 12,1996-11-17,Raiders,13,Vikings,16,Vikings
1996,12,Week 12,1996-11-17,Rams,10,Panthers,20,Panthers
1996,12,Week 12,1996-11-17,Steelers,28,Jaguars,3,Steelers
1996,12,Week 12,1996-11-18,Cowboys,21,Packers,6,Cowboys
1996,13,Week 13,1996-11-24,Bears,31,Lions,14,Bears
1996,13,Week 13,1996-11-24,Bengals,41,Falcons,31,Bengals
1996,13,Week 13,1996-11-24,Bills,35,Jets,10,Bills
1996,13,Week 13,1996-11-24,Buccaneers,13,Saints,7,Buccaneers
1996,13,Week 13,1996-11-24,Cardinals,36,Eagles,30,Cardinals
1996,13,Week 13,1996-11-24,Chiefs,14,Chargers,28,Chargers
1996,13,Week 13,1996-11-24,Giants,20,Cowboys,6,Giants
1996,13,Week 13,1996-11-24,Oilers,6,Panthers,31,Panthers
1996,13,Week 13,1996-11-24,Patriots,27,Colts,13,Patriots
1996,13,Week 13,1996-11-24,Rams,9,Packers,24,Packers
1996,13,Week 13,1996-11-24,Ravens,25,Jaguars,28,Jaguars
1996,13,Week 13,1996-11-24,Redskins,16,49ers,19,49ers
1996,13,Week 13,1996-11-24,Seahawks,21,Raiders,27,Raiders
1996,13,Week 13,1996-11-24,Vikings,17,Broncos,21,Broncos
1996,13,Week 13,1996-11-25,Dolphins,17,Steelers,24,Steelers
1996,14,Week 14,1996-11-28,Cowboys,21,Redskins,10,Cowboys
1996,14,Week 14,1996-11-28,Lions,24,Chiefs,28,Chiefs
1996,14,Week 14,1996-12-01,Broncos,34,Seahawks,7,Broncos
1996,14,Week 14,1996-12-01,Chargers,7,Patriots,45,Patriots
1996,14,Week 14,1996-12-01,Colts,13,Bills,10,Colts
1996,14,Week 14,1996-12-01,Eagles,24,Giants,0,Eagles
1996,14,Week 14,1996-12-01,Jaguars,30,Bengals,27,Jaguars
1996,14,Week 14,1996-12-01,Jets,10,Oilers,35,Oilers
1996,14,Week 14,1996-12-01,Packers,28,Bears,17,Packers
1996,14,Week 14,1996-12-01,Panthers,24,Buccaneers,0,Panthers
1996,14,Week 14,1996-12-01,Raiders,17,Dolphins,7,Raiders
1996,14,Week 14,1996-12-01,Ravens,31,Steelers,17,Ravens
1996,14,Week 14,1996-12-01,Saints,10,Rams,26,Rams
1996,14,Week 14,1996-12-01,Vikings,41,Cardinals,17,Vikings
1996,14,Week 14,1996-12-02,Falcons,10,49ers,34,49ers
1996,15,Week 15,1996-12-05,Colts,37,Eagles,10,Colts
1996,15,Week 15,1996-12-08,49ers,24,Panthers,30,Panthers
1996,15,Week 15,1996-12-08,Bears,35,Rams,9,Bears
1996,15,Week 15,1996-12-08,Bengals,21,Ravens,14,Bengals
1996,15,Week 15,1996-12-08,Buccaneers,24,Redskins,10,Buccaneers
1996,15,Week 15,1996-12-08,Cardinals,6,Cowboys,10,Cowboys
1996,15,Week 15,1996-12-08,Dolphins,7,Giants,17,Giants
1996,15,Week 15,1996-12-08,Lions,22,Vikings,24,Vikings
1996,15,Week 15,1996-12-08,Oilers,17,Jaguars,23,Jaguars
1996,15,Week 15,1996-12-08,Packers,41,Broncos,6,Packers
1996,15,Week 15,1996-12-08,Patriots,34,Jets,10,Patriots
1996,15,Week 15,1996-12-08,Saints,15,Falcons,31,Falcons
1996,15,Week 15,1996-12-08,Seahawks,26,Bills,18,Seahawks
1996,15,Week 15,1996-12-08,Steelers,16,Chargers,3,Steelers
1996,15,Week 15,1996-12-09,Raiders,26,Chiefs,7,Raiders
1996,16,Week 16,1996-12-14,Bears,27,Chargers,14,Bears
1996,16,Week 16,1996-12-14,Jets,20,Eagles,21,Eagles
1996,16,Week 16,1996-12-15,Broncos,24,Raiders,19,Broncos
1996,16,Week 16,1996-12-15,Cardinals,27,Redskins,26,Cardinals
1996,16,Week 16,1996-12-15,Chiefs,19,Colts,24,Colts
1996,16,Week 16,1996-12-15,Cowboys,12,Patriots,6,Cowboys
1996,16,Week 16,1996-12-15,Falcons,27,Rams,34,Rams
1996,16,Week 16,1996-12-15,Giants,3,Saints,17,Saints
1996,16,Week 16,1996-12-15,Jaguars,20,Seahawks,13,Jaguars
1996,16,Week 16,1996-12-15,Lions,3,Packers,31,Packers
1996,16,Week 16,1996-12-15,Oilers,13,Bengals,21,Bengals
1996,16,Week 16,1996-12-15,Panthers,27,Ravens,16,Panthers
1996,16,Week 16,1996-12-15,Steelers,15,49ers,25,49ers
1996,16,Week 16,1996-12-15,Vikings,21,Buccaneers,10,Vikings
1996,16,Week 16,1996-12-16,Dolphins,16,Bills,14,Dolphins
1996,17,Week 17,1996-12-21,Giants,22,Patriots,23,Patriots
1996,17,Week 17,1996-12-21,Rams,14,Saints,13,Rams
1996,17,Week 17,1996-12-22,Bengals,31,Colts,24,Bengals
1996,17,Week 17,1996-12-22,Bills,20,Chiefs,9,Bills
1996,17,Week 17,1996-12-22,Buccaneers,34,Bears,19,Buccaneers
1996,17,Week 17,1996-12-22,Chargers,16,Broncos,10,Chargers
1996,17,Week 17,1996-12-22,Eagles,29,Cardinals,19,Eagles
1996,17,Week 17,1996-12-22,Jaguars,19,Falcons,17,Jaguars
1996,17,Week 17,1996-12-22,Jets,28,Dolphins,31,Dolphins
1996,17,Week 17,1996-12-22,Packers,38,Vikings,10,Packers
1996,17,Week 17,1996-12-22,Panthers,18,Steelers,14,Panthers
1996,17,Week 17,1996-12-22,Raiders,21,Seahawks,28,Seahawks
1996,17,Week 17,1996-12-22,Ravens,21,Oilers,24,Oilers
1996,17,Week 17,1996-12-22,Redskins,37,Cowboys,10,Redskins
1996,17,Week 17,1996-12-23,49ers,24,Lions,14,49ers
1996,18,Wild Card,1996-12-28,Bills,27,Jaguars,30,Jaguars
1996,18,Wild Card,1996-12-28,Cowboys,40,Vikings,15,Cowboys
1996,18,Wild Card,1996-12-29,49ers,14,Eagles,0,49ers
1996,18,Wild Card,1996-12-29,Steelers,42,Colts,14,Steelers
1996,19,Divisional,1997-01-04,Broncos,27,Jaguars,30,Jaguars
1996,19,Divisional,1997-01-04,Packers,35,49ers,14,Packers
1996,19,Divisional,1997-01-05,Panthers,26,Cowboys,17,Panthers
1996,19,Divisional,1997-01-05,Patriots,28,Steelers,3,Patriots
1996,20,Conference Championship,1997-01-12,Packers,30,Panthers,13,Packers
1996,20,Conference Championship,1997-01-12,Patriots,20,Jaguars,6,Patriots
1996,22,Super Bowl,1997-01-26,Packers,35,Patriots,21,Packers
