Date,Season,Type,Round,Team,Opp,HomeAway,PointsFor,PointsAgainst,OT,TeamAPRank,OppAPRank,Notes
2026-08-29,2026,R,,eastern-michigan,sacramento-state,H,28.0,17.0,0,,,
2026-08-29,2026,R,,sacramento-state,eastern-michigan,A,17.0,28.0,0,,,
2026-08-29,2026,R,,florida-state,new-mexico-state,H,34.0,17.0,0,,,
2026-08-29,2026,R,,new-mexico-state,florida-state,A,17.0,34.0,0,,,
2026-08-29,2026,R,,memphis,nevada-las-vegas,A,27.0,21.0,0,,,
2026-08-29,2026,R,,nevada-las-vegas,memphis,H,21.0,27.0,0,,,
2026-08-29,2026,R,,north-carolina,texas-christian,N,15.0,10.0,0,,,
2026-08-29,2026,R,,texas-christian,north-carolina,N,10.0,15.0,0,,,
2026-08-29,2026,R,,north-dakota-state,jacksonville-state,H,33.0,7.0,0,,,
2026-08-29,2026,R,,jacksonville-state,north-dakota-state,A,7.0,33.0,0,,,
2026-08-29,2026,R,,southern-california,san-jose-state,H,42.0,26.0,0,14.0,,
2026-08-29,2026,R,,san-jose-state,southern-california,A,26.0,42.0,0,,14.0,
2026-08-29,2026,R,,stanford,hawaii,H,37.0,27.0,0,,,
2026-08-29,2026,R,,hawaii,stanford,A,27.0,37.0,0,,,
2026-08-29,2026,R,,virginia,north-carolina-state,H,34.0,8.0,0,,,
2026-08-29,2026,R,,north-carolina-state,virginia,A,8.0,34.0,0,,,
2026-09-03,2026,R,,buffalo,albany,H,21.0,17.0,0,,,
2026-09-03,2026,R,,albany,buffalo,A,17.0,21.0,0,,,
2026-09-03,2026,R,,central-florida,bethune-cookman,H,73.0,6.0,0,,,
2026-09-03,2026,R,,bethune-cookman,central-florida,A,6.0,73.0,0,,,
2026-09-03,2026,R,,colorado,georgia-tech,A,14.0,13.0,0,,,
2026-09-03,2026,R,,georgia-tech,colorado,H,13.0,14.0,0,,,
2026-09-03,2026,R,,delaware,merrimack,H,42.0,7.0,0,,,
2026-09-03,2026,R,,merrimack,delaware,A,7.0,42.0,0,,,
2026-09-03,2026,R,,illinois,alabama-birmingham,H,42.0,23.0,0,,,
2026-09-03,2026,R,,alabama-birmingham,illinois,A,23.0,42.0,0,,,
2026-09-03,2026,R,,kennesaw-state,west-georgia,H,47.0,0.0,0,,,
2026-09-03,2026,R,,west-georgia,kennesaw-state,A,0.0,47.0,0,,,
2026-09-03,2026,R,,massachusetts,rutgers,A,37.0,21.0,0,,,
2026-09-03,2026,R,,rutgers,massachusetts,H,21.0,37.0,0,,,
2026-09-03,2026,R,,minnesota,eastern-illinois,H,59.0,7.0,0,,,
2026-09-03,2026,R,,eastern-illinois,minnesota,A,7.0,59.0,0,,,
2026-09-03,2026,R,,missouri,arkansas-pine-bluff,H,54.0,14.0,0,25.0,,
2026-09-03,2026,R,,arkansas-pine-bluff,missouri,A,14.0,54.0,0,,25.0,
2026-09-03,2026,R,,utah,idaho,H,66.0,14.0,0,21.0,,
2026-09-03,2026,R,,idaho,utah,A,14.0,66.0,0,,21.0,
2026-09-03,2026,R,,wake-forest,akron,H,38.0,16.0,0,,,
2026-09-03,2026,R,,akron,wake-forest,A,16.0,38.0,0,,,
2026-09-04,2026,R,,georgia-state,north-carolina-a-t,H,59.0,10.0,0,,,
2026-09-04,2026,R,,north-carolina-a-t,georgia-state,A,10.0,59.0,0,,,
2026-09-04,2026,R,,kansas,long-island,H,51.0,6.0,0,,,
2026-09-04,2026,R,,long-island,kansas,A,6.0,51.0,0,,,
2026-09-04,2026,R,,miami-fl,stanford,A,45.0,6.0,0,7.0,,
2026-09-04,2026,R,,stanford,miami-fl,H,6.0,45.0,0,,7.0,
2026-09-04,2026,R,,michigan-state,toledo,H,30.0,20.0,0,,,
2026-09-04,2026,R,,toledo,michigan-state,A,20.0,30.0,0,,,
2026-09-04,2026,R,,oklahoma,texas-el-paso,H,51.0,0.0,0,10.0,,
2026-09-04,2026,R,,texas-el-paso,oklahoma,A,0.0,51.0,0,,10.0,
2026-09-04,2026,R,,purdue,indiana-state,H,44.0,19.0,0,,,
2026-09-04,2026,R,,indiana-state,purdue,A,19.0,44.0,0,,,
2026-09-04,2026,R,,san-jose-state,eastern-michigan,A,27.0,21.0,0,,,
2026-09-04,2026,R,,eastern-michigan,san-jose-state,H,21.0,27.0,0,,,
2026-09-04,2026,R,,southern-california,fresno-state,H,39.0,0.0,0,14.0,,
2026-09-04,2026,R,,fresno-state,southern-california,A,0.0,39.0,0,,14.0,
2026-09-05,2026,R,,air-force,duquesne,H,34.0,0.0,0,,,
2026-09-05,2026,R,,duquesne,air-force,A,0.0,34.0,0,,,
2026-09-05,2026,R,,alabama,east-carolina,H,48.0,10.0,0,13.0,,
2026-09-05,2026,R,,east-carolina,alabama,A,10.0,48.0,0,,13.0,
2026-09-05,2026,R,,appalachian-state,maine,H,55.0,3.0,0,,,
2026-09-05,2026,R,,maine,appalachian-state,A,3.0,55.0,0,,,
2026-09-05,2026,R,,arizona,northern-arizona,H,35.0,7.0,0,,,
2026-09-05,2026,R,,northern-arizona,arizona,A,7.0,35.0,0,,,
2026-09-05,2026,R,,arizona-state,morgan-state,H,70.0,7.0,0,,,
2026-09-05,2026,R,,morgan-state,arizona-state,A,7.0,70.0,0,,,
2026-09-05,2026,R,,arkansas,north-alabama,H,31.0,14.0,0,,,
2026-09-05,2026,R,,north-alabama,arkansas,A,14.0,31.0,0,,,
2026-09-05,2026,R,,army,bryant,H,59.0,3.0,0,,,
2026-09-05,2026,R,,bryant,army,A,3.0,59.0,0,,,
2026-09-05,2026,R,,auburn,baylor,N,17.0,16.0,0,,,
2026-09-05,2026,R,,baylor,auburn,N,16.0,17.0,0,,,
2026-09-05,2026,R,,brigham-young,utah-tech,H,63.0,7.0,0,14.0,,
2026-09-05,2026,R,,utah-tech,brigham-young,A,7.0,63.0,0,,14.0,
2026-09-05,2026,R,,cincinnati,boston-college,H,34.0,15.0,0,,,
2026-09-05,2026,R,,boston-college,cincinnati,A,15.0,34.0,0,,,
2026-09-05,2026,R,,citadel,charlotte,A,43.0,41.0,0,,,
2026-09-05,2026,R,,charlotte,citadel,H,41.0,43.0,0,,,
2026-09-05,2026,R,,colorado-state,wyoming,H,35.0,13.0,0,,,
2026-09-05,2026,R,,wyoming,colorado-state,A,13.0,35.0,0,,,
2026-09-05,2026,R,,connecticut,lafayette,H,56.0,7.0,0,,,
2026-09-05,2026,R,,lafayette,connecticut,A,7.0,56.0,0,,,
2026-09-05,2026,R,,duke,tulane,H,17.0,3.0,0,,,
2026-09-05,2026,R,,tulane,duke,A,3.0,17.0,0,,,
2026-09-05,2026,R,,florida,florida-atlantic,H,66.0,21.0,0,,,
2026-09-05,2026,R,,florida-atlantic,florida,A,21.0,66.0,0,,,
2026-09-05,2026,R,,georgia,tennessee-state,H,63.0,3.0,0,3.0,,
2026-09-05,2026,R,,tennessee-state,georgia,A,3.0,63.0,0,,3.0,
2026-09-05,2026,R,,georgia-southern,charleston-southern,H,31.0,0.0,0,,,
2026-09-05,2026,R,,charleston-southern,georgia-southern,A,0.0,31.0,0,,,
2026-09-05,2026,R,,houston,oregon-state,H,33.0,20.0,0,23.0,,
2026-09-05,2026,R,,oregon-state,houston,A,20.0,33.0,0,,23.0,
2026-09-05,2026,R,,idaho-state,utah-state,A,29.0,17.0,0,,,
2026-09-05,2026,R,,utah-state,idaho-state,H,17.0,29.0,0,,,
2026-09-05,2026,R,,indiana,north-texas,H,52.0,16.0,0,6.0,,
2026-09-05,2026,R,,north-texas,indiana,A,16.0,52.0,0,,6.0,
2026-09-05,2026,R,,iowa,northern-illinois,H,40.0,0.0,0,22.0,,
2026-09-05,2026,R,,northern-illinois,iowa,A,0.0,40.0,0,,22.0,
2026-09-05,2026,R,,iowa-state,southeast-missouri-state,H,38.0,10.0,0,,,
2026-09-05,2026,R,,southeast-missouri-state,iowa-state,A,10.0,38.0,0,,,
2026-09-05,2026,R,,jacksonville-state,eastern-kentucky,H,49.0,7.0,0,,,
2026-09-05,2026,R,,eastern-kentucky,jacksonville-state,A,7.0,49.0,0,,,
2026-09-05,2026,R,,james-madison,liberty,H,20.0,13.0,0,,,
2026-09-05,2026,R,,liberty,james-madison,A,13.0,20.0,0,,,
2026-09-05,2026,R,,kansas-state,nicholls-state,H,71.0,3.0,0,,,
2026-09-05,2026,R,,nicholls-state,kansas-state,A,3.0,71.0,0,,,
2026-09-05,2026,R,,kentucky,youngstown-state,H,45.0,13.0,0,,,
2026-09-05,2026,R,,youngstown-state,kentucky,A,13.0,45.0,0,,,
2026-09-05,2026,R,,louisiana,lamar,H,38.0,7.0,0,,,
2026-09-05,2026,R,,lamar,louisiana,A,7.0,38.0,0,,,
2026-09-05,2026,R,,louisiana-state,clemson,H,51.0,10.0,0,11.0,,
2026-09-05,2026,R,,clemson,louisiana-state,A,10.0,51.0,0,,11.0,
2026-09-05,2026,R,,louisiana-tech,northwestern-state,H,80.0,6.0,0,,,
2026-09-05,2026,R,,northwestern-state,louisiana-tech,A,6.0,80.0,0,,,
2026-09-05,2026,R,,maryland,hampton,H,62.0,0.0,0,,,
2026-09-05,2026,R,,hampton,maryland,A,0.0,62.0,0,,,
2026-09-05,2026,R,,memphis,arkansas-state,H,42.0,24.0,0,,,
2026-09-05,2026,R,,arkansas-state,memphis,A,24.0,42.0,0,,,
2026-09-05,2026,R,,michigan,western-michigan,H,13.0,12.0,0,16.0,,
2026-09-05,2026,R,,western-michigan,michigan,A,12.0,13.0,0,,16.0,
2026-09-05,2026,R,,middle-tennessee-state,murray-state,H,38.0,14.0,0,,,
2026-09-05,2026,R,,murray-state,middle-tennessee-state,A,14.0,38.0,0,,,
2026-09-05,2026,R,,mississippi-state,louisiana-monroe,H,62.0,13.0,0,,,
2026-09-05,2026,R,,louisiana-monroe,mississippi-state,A,13.0,62.0,0,,,
2026-09-05,2026,R,,navy,towson,H,42.0,15.0,0,,,
2026-09-05,2026,R,,towson,navy,A,15.0,42.0,0,,,
2026-09-05,2026,R,,nebraska,ohio,H,49.0,21.0,0,,,
2026-09-05,2026,R,,ohio,nebraska,A,21.0,49.0,0,,,
2026-09-05,2026,R,,nevada,western-kentucky,H,49.0,14.0,0,,,
2026-09-05,2026,R,,western-kentucky,nevada,A,14.0,49.0,0,,,
2026-09-05,2026,R,,nevada-las-vegas,hawaii,A,21.0,6.0,0,,,
2026-09-05,2026,R,,hawaii,nevada-las-vegas,H,6.0,21.0,0,,,
2026-09-05,2026,R,,new-mexico,central-michigan,H,38.0,7.0,0,,,
2026-09-05,2026,R,,central-michigan,new-mexico,A,7.0,38.0,0,,,
2026-09-05,2026,R,,new-mexico-state,mercyhurst,H,51.0,14.0,0,,,
2026-09-05,2026,R,,mercyhurst,new-mexico-state,A,14.0,51.0,0,,,
2026-09-05,2026,R,,north-dakota-state,fordham,H,38.0,0.0,0,,,
2026-09-05,2026,R,,fordham,north-dakota-state,A,0.0,38.0,0,,,
2026-09-05,2026,R,,northwestern,south-dakota-state,H,34.0,18.0,0,,,
2026-09-05,2026,R,,south-dakota-state,northwestern,A,18.0,34.0,0,,,
2026-09-05,2026,R,,ohio-state,ball-state,H,56.0,3.0,0,1.0,,
2026-09-05,2026,R,,ball-state,ohio-state,A,3.0,56.0,0,,1.0,
2026-09-05,2026,R,,old-dominion,norfolk-state,H,31.0,10.0,0,,,
2026-09-05,2026,R,,norfolk-state,old-dominion,A,10.0,31.0,0,,,
2026-09-05,2026,R,,oregon,boise-state,H,34.0,27.0,0,2.0,,
2026-09-05,2026,R,,boise-state,oregon,A,27.0,34.0,0,,2.0,
2026-09-05,2026,R,,penn-state,marshall,H,45.0,0.0,0,18.0,,
2026-09-05,2026,R,,marshall,penn-state,A,0.0,45.0,0,,18.0,
2026-09-05,2026,R,,pittsburgh,miami-oh,H,59.0,14.0,0,,,
2026-09-05,2026,R,,miami-oh,pittsburgh,A,14.0,59.0,0,,,
2026-09-05,2026,R,,rice,houston-baptist,H,31.0,3.0,0,,,
2026-09-05,2026,R,,houston-baptist,rice,A,3.0,31.0,0,,,
2026-09-05,2026,R,,sacramento-state,mississippi-valley-state,H,52.0,0.0,0,,,
2026-09-05,2026,R,,mississippi-valley-state,sacramento-state,A,0.0,52.0,0,,,
2026-09-05,2026,R,,san-diego-state,portland-state,H,53.0,20.0,0,,,
2026-09-05,2026,R,,portland-state,san-diego-state,A,20.0,53.0,0,,,
2026-09-05,2026,R,,south-alabama,southeastern-louisiana,H,39.0,14.0,0,,,
2026-09-05,2026,R,,southeastern-louisiana,south-alabama,A,14.0,39.0,0,,,
2026-09-05,2026,R,,south-carolina,kent-state,H,57.0,0.0,0,,,
2026-09-05,2026,R,,kent-state,south-carolina,A,0.0,57.0,0,,,
2026-09-05,2026,R,,south-florida,florida-international,H,19.0,9.0,0,,,
2026-09-05,2026,R,,florida-international,south-florida,A,9.0,19.0,0,,,
2026-09-05,2026,R,,southern-mississippi,alcorn-state,H,49.0,3.0,0,,,
2026-09-05,2026,R,,alcorn-state,southern-mississippi,A,3.0,49.0,0,,,
2026-09-05,2026,R,,syracuse,new-hampshire,H,66.0,3.0,0,,,
2026-09-05,2026,R,,new-hampshire,syracuse,A,3.0,66.0,0,,,
2026-09-05,2026,R,,tarleton-state,bowling-green,A,20.0,13.0,0,,,
2026-09-05,2026,R,,bowling-green,tarleton-state,H,13.0,20.0,0,,,
2026-09-05,2026,R,,temple,rhode-island,H,38.0,14.0,0,,,
2026-09-05,2026,R,,rhode-island,temple,A,14.0,38.0,0,,,
2026-09-05,2026,R,,tennessee,furman,H,56.0,9.0,0,20.0,,
2026-09-05,2026,R,,furman,tennessee,A,9.0,56.0,0,,20.0,
2026-09-05,2026,R,,texas,texas-state,H,59.0,7.0,0,5.0,,
2026-09-05,2026,R,,texas-state,texas,A,7.0,59.0,0,,5.0,
2026-09-05,2026,R,,texas-a-m,missouri-state,H,50.0,0.0,0,8.0,,
2026-09-05,2026,R,,missouri-state,texas-a-m,A,0.0,50.0,0,,8.0,
2026-09-05,2026,R,,texas-tech,abilene-christian,H,33.0,10.0,0,12.0,,
2026-09-05,2026,R,,abilene-christian,texas-tech,A,10.0,33.0,0,,12.0,
2026-09-05,2026,R,,texas-san-antonio,utrgv,H,45.0,16.0,0,,,
2026-09-05,2026,R,,utrgv,texas-san-antonio,A,16.0,45.0,0,,,
2026-09-05,2026,R,,troy,sam-houston,H,24.0,21.0,0,,,
2026-09-05,2026,R,,sam-houston,troy,A,21.0,24.0,0,,,
2026-09-05,2026,R,,tulsa,oklahoma-state,H,24.0,10.0,0,,,
2026-09-05,2026,R,,oklahoma-state,tulsa,A,10.0,24.0,0,,,
2026-09-05,2026,R,,ucla,california,A,45.0,24.0,0,,,
2026-09-05,2026,R,,california,ucla,H,24.0,45.0,0,,,
2026-09-05,2026,R,,vanderbilt,austin-peay,H,28.0,9.0,0,,,
2026-09-05,2026,R,,austin-peay,vanderbilt,A,9.0,28.0,0,,,
2026-09-05,2026,R,,virginia-tech,virginia-military-institute,H,73.0,3.0,0,,,
2026-09-05,2026,R,,virginia-military-institute,virginia-tech,A,3.0,73.0,0,,,
2026-09-05,2026,R,,west-virginia,coastal-carolina,H,31.0,24.0,0,,,
2026-09-05,2026,R,,coastal-carolina,west-virginia,A,24.0,31.0,0,,,
2026-09-06,2026,R,,mississippi,louisville,N,41.0,38.0,0,9.0,24.0,
2026-09-06,2026,R,,louisville,mississippi,N,38.0,41.0,0,24.0,9.0,
2026-09-06,2026,R,,notre-dame,wisconsin,N,41.0,13.0,0,4.0,,
2026-09-06,2026,R,,wisconsin,notre-dame,N,13.0,41.0,0,,4.0,
2026-09-06,2026,R,,washington,washington-state,H,24.0,10.0,0,17.0,,
2026-09-06,2026,R,,washington-state,washington,A,10.0,24.0,0,,17.0,
2026-09-07,2026,R,,southern-methodist,florida-state,A,27.0,24.0,0,19.0,,
2026-09-07,2026,R,,florida-state,southern-methodist,H,24.0,27.0,0,,19.0,
2026-09-10,2026,R,,miami-fl,florida-a-m,H,77.0,7.0,0,7.0,,
2026-09-10,2026,R,,florida-a-m,miami-fl,A,7.0,77.0,0,,7.0,
2026-09-11,2026,R,,boston-college,rutgers,H,28.0,21.0,0,,,
2026-09-11,2026,R,,rutgers,boston-college,A,21.0,28.0,0,,,
2026-09-11,2026,R,,louisville,villanova,H,59.0,13.0,0,24.0,,
2026-09-11,2026,R,,villanova,louisville,A,13.0,59.0,0,,24.0,
2026-09-11,2026,R,,missouri,kansas,A,38.0,21.0,0,23.0,,
2026-09-11,2026,R,,kansas,missouri,H,21.0,38.0,0,,23.0,
2026-09-11,2026,R,,north-carolina-state,richmond,H,73.0,0.0,0,,,
2026-09-11,2026,R,,richmond,north-carolina-state,A,0.0,73.0,0,,,
2026-09-11,2026,R,,virginia,norfolk-state,H,59.0,3.0,0,25.0,,
2026-09-11,2026,R,,norfolk-state,virginia,A,3.0,59.0,0,,25.0,
2026-09-12,2026,R,,akron,robert-morris,H,45.0,10.0,0,,,
2026-09-12,2026,R,,robert-morris,akron,A,10.0,45.0,0,,,
2026-09-12,2026,R,,alabama,kentucky,A,45.0,17.0,0,12.0,,
2026-09-12,2026,R,,kentucky,alabama,H,17.0,45.0,0,,12.0,
2026-09-12,2026,R,,alabama-birmingham,louisiana-monroe,H,26.0,20.0,0,,,
2026-09-12,2026,R,,louisiana-monroe,alabama-birmingham,A,20.0,26.0,0,,,
2026-09-12,2026,R,,appalachian-state,east-carolina,A,27.0,24.0,0,,,
2026-09-12,2026,R,,east-carolina,appalachian-state,H,24.0,27.0,0,,,
2026-09-12,2026,R,,arkansas-state,west-georgia,H,52.0,7.0,0,,,
2026-09-12,2026,R,,west-georgia,arkansas-state,A,7.0,52.0,0,,,
2026-09-12,2026,R,,auburn,southern-mississippi,H,43.0,8.0,0,,,
2026-09-12,2026,R,,southern-mississippi,auburn,A,8.0,43.0,0,,,
2026-09-12,2026,R,,ball-state,stony-brook,H,41.0,17.0,0,,,
2026-09-12,2026,R,,stony-brook,ball-state,A,17.0,41.0,0,,,
2026-09-12,2026,R,,baylor,prairie-view-a-m,H,44.0,3.0,0,,,
2026-09-12,2026,R,,prairie-view-a-m,baylor,A,3.0,44.0,0,,,
2026-09-12,2026,R,,boise-state,memphis,H,38.0,20.0,0,,,
2026-09-12,2026,R,,memphis,boise-state,A,20.0,38.0,0,,,
2026-09-12,2026,R,,brigham-young,arizona,H,28.0,17.0,0,15.0,,
2026-09-12,2026,R,,arizona,brigham-young,A,17.0,28.0,0,,15.0,
2026-09-12,2026,R,,california,syracuse,A,21.0,18.0,0,,,
2026-09-12,2026,R,,syracuse,california,H,18.0,21.0,0,,,
2026-09-12,2026,R,,central-michigan,colgate,H,13.0,10.0,0,,,
2026-09-12,2026,R,,colgate,central-michigan,A,10.0,13.0,0,,,
2026-09-12,2026,R,,cincinnati,western-carolina,H,62.0,10.0,0,,,
2026-09-12,2026,R,,western-carolina,cincinnati,A,10.0,62.0,0,,,
2026-09-12,2026,R,,clemson,georgia-southern,H,22.0,7.0,0,,,
2026-09-12,2026,R,,georgia-southern,clemson,A,7.0,22.0,0,,,
2026-09-12,2026,R,,coastal-carolina,fordham,H,45.0,7.0,0,,,
2026-09-12,2026,R,,fordham,coastal-carolina,A,7.0,45.0,0,,,
2026-09-12,2026,R,,colorado,weber-state,H,52.0,21.0,0,,,
2026-09-12,2026,R,,weber-state,colorado,A,21.0,52.0,0,,,
2026-09-12,2026,R,,colorado-state,southern-utah,H,58.0,24.0,0,,,
2026-09-12,2026,R,,southern-utah,colorado-state,A,24.0,58.0,0,,,
2026-09-12,2026,R,,duke,illinois,A,31.0,27.0,0,,,
2026-09-12,2026,R,,illinois,duke,H,27.0,31.0,0,,,
2026-09-12,2026,R,,florida,campbell,H,52.0,3.0,0,,,
2026-09-12,2026,R,,campbell,florida,A,3.0,52.0,0,,,
2026-09-12,2026,R,,florida-atlantic,navy,H,38.0,30.0,0,,,
2026-09-12,2026,R,,navy,florida-atlantic,A,30.0,38.0,0,,,
2026-09-12,2026,R,,florida-international,buffalo,H,33.0,20.0,0,,,
2026-09-12,2026,R,,buffalo,florida-international,A,20.0,33.0,0,,,
2026-09-12,2026,R,,fresno-state,sacramento-state,H,49.0,3.0,0,,,
2026-09-12,2026,R,,sacramento-state,fresno-state,A,3.0,49.0,0,,,
2026-09-12,2026,R,,georgia,western-kentucky,H,70.0,20.0,0,2.0,,
2026-09-12,2026,R,,western-kentucky,georgia,A,20.0,70.0,0,,2.0,
2026-09-12,2026,R,,georgia-state,kennesaw-state,A,31.0,17.0,0,,,
2026-09-12,2026,R,,kennesaw-state,georgia-state,H,17.0,31.0,0,,,
2026-09-12,2026,R,,houston,southern,H,77.0,6.0,0,22.0,,
2026-09-12,2026,R,,southern,houston,A,6.0,77.0,0,,22.0,
2026-09-12,2026,R,,illinois-state,northern-illinois,A,28.0,24.0,0,,,
2026-09-12,2026,R,,northern-illinois,illinois-state,H,24.0,28.0,0,,,
2026-09-12,2026,R,,indiana,howard,H,55.0,0.0,0,5.0,,
2026-09-12,2026,R,,howard,indiana,A,0.0,55.0,0,,5.0,
2026-09-12,2026,R,,iowa,iowa-state,H,16.0,13.0,0,21.0,,
2026-09-12,2026,R,,iowa-state,iowa,A,13.0,16.0,0,,21.0,
2026-09-12,2026,R,,james-madison,wagner,H,87.0,3.0,0,,,
2026-09-12,2026,R,,wagner,james-madison,A,3.0,87.0,0,,,
2026-09-12,2026,R,,kansas-state,washington-state,H,34.0,7.0,0,,,
2026-09-12,2026,R,,washington-state,kansas-state,A,7.0,34.0,0,,,
2026-09-12,2026,R,,kent-state,wofford,H,36.0,15.0,0,,,
2026-09-12,2026,R,,wofford,kent-state,A,15.0,36.0,0,,,
2026-09-12,2026,R,,liberty,gardner-webb,H,24.0,23.0,0,,,
2026-09-12,2026,R,,gardner-webb,liberty,A,23.0,24.0,0,,,
2026-09-12,2026,R,,louisiana-state,louisiana-tech,H,45.0,14.0,0,8.0,,
2026-09-12,2026,R,,louisiana-tech,louisiana-state,A,14.0,45.0,0,,8.0,
2026-09-12,2026,R,,marshall,middle-tennessee-state,H,28.0,26.0,0,,,
2026-09-12,2026,R,,middle-tennessee-state,marshall,A,26.0,28.0,0,,,
2026-09-12,2026,R,,maryland,connecticut,A,38.0,14.0,0,,,
2026-09-12,2026,R,,connecticut,maryland,H,14.0,38.0,0,,,
2026-09-12,2026,R,,massachusetts,sacred-heart,H,37.0,10.0,0,,,
2026-09-12,2026,R,,sacred-heart,massachusetts,A,10.0,37.0,0,,,
2026-09-12,2026,R,,miami-oh,holy-cross,H,45.0,7.0,0,,,
2026-09-12,2026,R,,holy-cross,miami-oh,A,7.0,45.0,0,,,
2026-09-12,2026,R,,michigan,oklahoma,H,17.0,10.0,0,,11.0,
2026-09-12,2026,R,,oklahoma,michigan,A,10.0,17.0,0,11.0,,
2026-09-12,2026,R,,michigan-state,eastern-michigan,H,35.0,7.0,0,,,
2026-09-12,2026,R,,eastern-michigan,michigan-state,A,7.0,35.0,0,,,
2026-09-12,2026,R,,mississippi,charlotte,H,41.0,9.0,0,9.0,,
2026-09-12,2026,R,,charlotte,mississippi,A,9.0,41.0,0,,9.0,
2026-09-12,2026,R,,mississippi-state,minnesota,A,38.0,13.0,0,,,
2026-09-12,2026,R,,minnesota,mississippi-state,H,13.0,38.0,0,,,
2026-09-12,2026,R,,missouri-state,lindenwood,H,48.0,14.0,0,,,
2026-09-12,2026,R,,lindenwood,missouri-state,A,14.0,48.0,0,,,
2026-09-12,2026,R,,montana-state,nevada,A,20.0,7.0,0,,,
2026-09-12,2026,R,,nevada,montana-state,H,7.0,20.0,0,,,
2026-09-12,2026,R,,nebraska,bowling-green,H,56.0,7.0,0,,,
2026-09-12,2026,R,,bowling-green,nebraska,A,7.0,56.0,0,,,
2026-09-12,2026,R,,new-mexico,mercyhurst,H,70.0,7.0,0,,,
2026-09-12,2026,R,,mercyhurst,new-mexico,A,7.0,70.0,0,,,
2026-09-12,2026,R,,north-carolina,east-tennessee-state,H,35.0,3.0,0,,,
2026-09-12,2026,R,,east-tennessee-state,north-carolina,A,3.0,35.0,0,,,
2026-09-12,2026,R,,north-dakota-state,air-force,A,38.0,32.0,0,,,
2026-09-12,2026,R,,air-force,north-dakota-state,H,32.0,38.0,0,,,
2026-09-12,2026,R,,north-texas,nevada-las-vegas,H,44.0,6.0,0,,,
2026-09-12,2026,R,,nevada-las-vegas,north-texas,A,6.0,44.0,0,,,
2026-09-12,2026,R,,notre-dame,rice,H,52.0,0.0,0,3.0,,
2026-09-12,2026,R,,rice,notre-dame,A,0.0,52.0,0,,3.0,
2026-09-12,2026,R,,ohio,jacksonville-state,H,29.0,27.0,0,,,
2026-09-12,2026,R,,jacksonville-state,ohio,A,27.0,29.0,0,,,
2026-09-12,2026,R,,oklahoma-state,oregon,H,39.0,31.0,0,,6.0,
2026-09-12,2026,R,,oregon,oklahoma-state,A,31.0,39.0,0,6.0,,
2026-09-12,2026,R,,penn-state,temple,A,27.0,9.0,0,16.0,,
2026-09-12,2026,R,,temple,penn-state,H,9.0,27.0,0,,16.0,
2026-09-12,2026,R,,pittsburgh,central-florida,H,12.0,7.0,0,,,
2026-09-12,2026,R,,central-florida,pittsburgh,A,7.0,12.0,0,,,
2026-09-12,2026,R,,san-jose-state,cal-poly,H,30.0,20.0,0,,,
2026-09-12,2026,R,,cal-poly,san-jose-state,A,20.0,30.0,0,,,
2026-09-12,2026,R,,south-carolina,towson,H,45.0,9.0,0,,,
2026-09-12,2026,R,,towson,south-carolina,A,9.0,45.0,0,,,
2026-09-12,2026,R,,south-florida,army,A,28.0,24.0,0,,,
2026-09-12,2026,R,,army,south-florida,H,24.0,28.0,0,,,
2026-09-12,2026,R,,southern-california,louisiana,H,49.0,30.0,0,14.0,,
2026-09-12,2026,R,,louisiana,southern-california,A,30.0,49.0,0,,14.0,
2026-09-12,2026,R,,southern-methodist,california-davis,H,56.0,10.0,0,17.0,,
2026-09-12,2026,R,,california-davis,southern-methodist,A,10.0,56.0,0,,17.0,
2026-09-12,2026,R,,tennessee,georgia-tech,A,45.0,24.0,0,18.0,,
2026-09-12,2026,R,,georgia-tech,tennessee,H,24.0,45.0,0,,18.0,
2026-09-12,2026,R,,texas,ohio-state,H,24.0,23.0,0,4.0,1.0,
2026-09-12,2026,R,,ohio-state,texas,A,23.0,24.0,0,1.0,4.0,
2026-09-12,2026,R,,texas-a-m,arizona-state,H,48.0,20.0,0,10.0,,
2026-09-12,2026,R,,arizona-state,texas-a-m,A,20.0,48.0,0,,10.0,
2026-09-12,2026,R,,texas-christian,grambling-state,H,63.0,7.0,0,,,
2026-09-12,2026,R,,grambling-state,texas-christian,A,7.0,63.0,0,,,
2026-09-12,2026,R,,texas-tech,oregon-state,A,35.0,24.0,0,13.0,,
2026-09-12,2026,R,,oregon-state,texas-tech,H,24.0,35.0,0,,13.0,
2026-09-12,2026,R,,texas-el-paso,texas-southern,H,51.0,10.0,0,,,
2026-09-12,2026,R,,texas-southern,texas-el-paso,A,10.0,51.0,0,,,
2026-09-12,2026,R,,texas-san-antonio,texas-state,A,31.0,26.0,0,,,
2026-09-12,2026,R,,texas-state,texas-san-antonio,H,26.0,31.0,0,,,
2026-09-12,2026,R,,toledo,central-connecticut-state,H,63.0,10.0,0,,,
2026-09-12,2026,R,,central-connecticut-state,toledo,A,10.0,63.0,0,,,
2026-09-12,2026,R,,troy,alabama-state,H,34.0,17.0,0,,,
2026-09-12,2026,R,,alabama-state,troy,A,17.0,34.0,0,,,
2026-09-12,2026,R,,tulane,south-alabama,H,28.0,24.0,0,,,
2026-09-12,2026,R,,south-alabama,tulane,A,24.0,28.0,0,,,
2026-09-12,2026,R,,tulsa,sam-houston,A,23.0,17.0,0,,,
2026-09-12,2026,R,,sam-houston,tulsa,H,17.0,23.0,0,,,
2026-09-12,2026,R,,ucla,san-diego-state,H,28.0,10.0,0,,,
2026-09-12,2026,R,,san-diego-state,ucla,A,10.0,28.0,0,,,
2026-09-12,2026,R,,utah,arkansas,H,43.0,10.0,0,20.0,,
2026-09-12,2026,R,,arkansas,utah,A,10.0,43.0,0,,20.0,
2026-09-12,2026,R,,vanderbilt,delaware,H,35.0,26.0,0,,,
2026-09-12,2026,R,,delaware,vanderbilt,A,26.0,35.0,0,,,
2026-09-12,2026,R,,virginia-tech,old-dominion,H,44.0,21.0,0,,,
2026-09-12,2026,R,,old-dominion,virginia-tech,A,21.0,44.0,0,,,
2026-09-12,2026,R,,wake-forest,purdue,A,38.0,36.0,0,,,
2026-09-12,2026,R,,purdue,wake-forest,H,36.0,38.0,0,,,
2026-09-12,2026,R,,washington,utah-state,H,16.0,14.0,0,19.0,,
2026-09-12,2026,R,,utah-state,washington,A,14.0,16.0,0,,19.0,
2026-09-12,2026,R,,west-virginia,tennessee-martin,H,52.0,7.0,0,,,
2026-09-12,2026,R,,tennessee-martin,west-virginia,A,7.0,52.0,0,,,
2026-09-12,2026,R,,western-michigan,monmouth,H,49.0,14.0,0,,,
2026-09-12,2026,R,,monmouth,western-michigan,A,14.0,49.0,0,,,
2026-09-12,2026,R,,wisconsin,western-illinois,H,36.0,9.0,0,,,
2026-09-12,2026,R,,western-illinois,wisconsin,A,9.0,36.0,0,,,
2026-09-12,2026,R,,wyoming,northern-colorado,H,21.0,13.0,0,,,
2026-09-12,2026,R,,northern-colorado,wyoming,A,13.0,21.0,0,,,
2026-09-13,2026,R,,hawaii,new-mexico-state,H,29.0,19.0,0,,,
2026-09-13,2026,R,,new-mexico-state,hawaii,A,19.0,29.0,0,,,
2026-09-17,2026,R,,pittsburgh,syracuse,H,27.0,13.0,0,,,
2026-09-17,2026,R,,syracuse,pittsburgh,A,13.0,27.0,0,,,
2026-09-18,2026,R,,miami-fl,wake-forest,A,33.0,20.0,0,5.0,,
2026-09-18,2026,R,,wake-forest,miami-fl,H,20.0,33.0,0,,5.0,
2026-09-18,2026,R,,oregon,portland-state,H,84.0,0.0,0,21.0,,
2026-09-18,2026,R,,portland-state,oregon,A,0.0,84.0,0,,21.0,
2026-09-18,2026,R,,texas-tech,houston,H,28.0,26.0,0,13.0,22.0,
2026-09-18,2026,R,,houston,texas-tech,A,26.0,28.0,0,22.0,13.0,
2026-09-19,2026,R,,alabama,florida-state,H,50.0,36.0,0,10.0,,
2026-09-19,2026,R,,florida-state,alabama,A,36.0,50.0,0,,10.0,
2026-09-19,2026,R,,appalachian-state,charlotte,H,26.0,21.0,0,,,
2026-09-19,2026,R,,charlotte,appalachian-state,A,21.0,26.0,0,,,
2026-09-19,2026,R,,arizona,northern-illinois,H,42.0,17.0,0,,,
2026-09-19,2026,R,,northern-illinois,arizona,A,17.0,42.0,0,,,
2026-09-19,2026,R,,arizona-state,kansas,N,24.0,17.0,0,,,
2026-09-19,2026,R,,kansas,arizona-state,N,17.0,24.0,0,,,
2026-09-19,2026,R,,baylor,louisiana-tech,H,36.0,19.0,0,,,
2026-09-19,2026,R,,louisiana-tech,baylor,A,19.0,36.0,0,,,
2026-09-19,2026,R,,boise-state,south-dakota,H,38.0,24.0,0,,,
2026-09-19,2026,R,,south-dakota,boise-state,A,24.0,38.0,0,,,
2026-09-19,2026,R,,boston-college,maine,H,22.0,16.0,0,,,
2026-09-19,2026,R,,maine,boston-college,A,16.0,22.0,0,,,
2026-09-19,2026,R,,brigham-young,colorado-state,A,41.0,23.0,0,11.0,,
2026-09-19,2026,R,,colorado-state,brigham-young,H,23.0,41.0,0,,11.0,
2026-09-19,2026,R,,california,wagner,H,49.0,7.0,0,,,
2026-09-19,2026,R,,wagner,california,A,7.0,49.0,0,,,
2026-09-19,2026,R,,central-florida,georgia-state,H,44.0,30.0,0,,,
2026-09-19,2026,R,,georgia-state,central-florida,A,30.0,44.0,0,,,
2026-09-19,2026,R,,central-michigan,wyoming,H,24.0,10.0,0,,,
2026-09-19,2026,R,,wyoming,central-michigan,A,10.0,24.0,0,,,
2026-09-19,2026,R,,cincinnati,miami-oh,N,35.0,31.0,0,,,
2026-09-19,2026,R,,miami-oh,cincinnati,N,31.0,35.0,0,,,
2026-09-19,2026,R,,clemson,north-carolina,H,28.0,20.0,0,,,
2026-09-19,2026,R,,north-carolina,clemson,A,20.0,28.0,0,,,
2026-09-19,2026,R,,connecticut,southern-mississippi,A,48.0,20.0,0,,,
2026-09-19,2026,R,,southern-mississippi,connecticut,H,20.0,48.0,0,,,
2026-09-19,2026,R,,delaware,coastal-carolina,H,22.0,14.0,0,,,
2026-09-19,2026,R,,coastal-carolina,delaware,A,14.0,22.0,0,,,
2026-09-19,2026,R,,duke,stanford,H,35.0,7.0,0,,,
2026-09-19,2026,R,,stanford,duke,A,7.0,35.0,0,,,
2026-09-19,2026,R,,east-carolina,old-dominion,A,20.0,17.0,0,,,
2026-09-19,2026,R,,old-dominion,east-carolina,H,17.0,20.0,0,,,
2026-09-19,2026,R,,florida,auburn,A,44.0,39.0,0,,,
2026-09-19,2026,R,,auburn,florida,H,39.0,44.0,0,,,
2026-09-19,2026,R,,florida-atlantic,florida-international,H,16.0,10.0,0,,,
2026-09-19,2026,R,,florida-international,florida-atlantic,A,10.0,16.0,0,,,
2026-09-19,2026,R,,fresno-state,san-jose-state,A,26.0,10.0,0,,,
2026-09-19,2026,R,,san-jose-state,fresno-state,H,10.0,26.0,0,,,
2026-09-19,2026,R,,georgia,arkansas,A,45.0,17.0,0,2.0,,
2026-09-19,2026,R,,arkansas,georgia,H,17.0,45.0,0,,2.0,
2026-09-19,2026,R,,georgia-tech,mercer,H,44.0,11.0,0,,,
2026-09-19,2026,R,,mercer,georgia-tech,A,11.0,44.0,0,,,
2026-09-19,2026,R,,illinois,southern-illinois,H,48.0,10.0,0,,,
2026-09-19,2026,R,,southern-illinois,illinois,A,10.0,48.0,0,,,
2026-09-19,2026,R,,indiana,western-kentucky,H,38.0,0.0,0,4.0,,
2026-09-19,2026,R,,western-kentucky,indiana,A,0.0,38.0,0,,4.0,
2026-09-19,2026,R,,iowa,northern-iowa,H,55.0,0.0,0,18.0,,
2026-09-19,2026,R,,northern-iowa,iowa,A,0.0,55.0,0,,18.0,
2026-09-19,2026,R,,iowa-state,bowling-green,H,55.0,7.0,0,,,
2026-09-19,2026,R,,bowling-green,iowa-state,A,7.0,55.0,0,,,
2026-09-19,2026,R,,jacksonville-state,georgia-southern,H,31.0,27.0,0,,,
2026-09-19,2026,R,,georgia-southern,jacksonville-state,A,27.0,31.0,0,,,
2026-09-19,2026,R,,james-madison,san-diego-state,A,26.0,13.0,0,,,
2026-09-19,2026,R,,san-diego-state,james-madison,H,13.0,26.0,0,,,
2026-09-19,2026,R,,kansas-state,tulane,H,31.0,20.0,0,,,
2026-09-19,2026,R,,tulane,kansas-state,A,20.0,31.0,0,,,
2026-09-19,2026,R,,kentucky,texas-a-m,A,31.0,21.0,0,,9.0,
2026-09-19,2026,R,,texas-a-m,kentucky,H,21.0,31.0,0,9.0,,
2026-09-19,2026,R,,liberty,ball-state,H,51.0,15.0,0,,,
2026-09-19,2026,R,,ball-state,liberty,A,15.0,51.0,0,,,
2026-09-19,2026,R,,louisiana,alabama-birmingham,H,21.0,14.0,0,,,
2026-09-19,2026,R,,alabama-birmingham,louisiana,A,14.0,21.0,0,,,
2026-09-19,2026,R,,louisville,southern-methodist,H,41.0,31.0,0,23.0,16.0,
2026-09-19,2026,R,,southern-methodist,louisville,A,31.0,41.0,0,16.0,23.0,
2026-09-19,2026,R,,marshall,missouri-state,A,30.0,24.0,0,,,
2026-09-19,2026,R,,missouri-state,marshall,H,24.0,30.0,0,,,
2026-09-19,2026,R,,massachusetts,stonehill,H,36.0,14.0,0,,,
2026-09-19,2026,R,,stonehill,massachusetts,A,14.0,36.0,0,,,
2026-09-19,2026,R,,memphis,tennessee-martin,H,45.0,21.0,0,,,
2026-09-19,2026,R,,tennessee-martin,memphis,A,21.0,45.0,0,,,
2026-09-19,2026,R,,michigan,texas-el-paso,H,52.0,17.0,0,19.0,,
2026-09-19,2026,R,,texas-el-paso,michigan,A,17.0,52.0,0,,19.0,
2026-09-19,2026,R,,middle-tennessee-state,nevada,H,27.0,20.0,0,,,
2026-09-19,2026,R,,nevada,middle-tennessee-state,A,20.0,27.0,0,,,
2026-09-19,2026,R,,minnesota,akron,H,41.0,7.0,0,,,
2026-09-19,2026,R,,akron,minnesota,A,7.0,41.0,0,,,
2026-09-19,2026,R,,mississippi,louisiana-state,H,32.0,24.0,0,8.0,7.0,
2026-09-19,2026,R,,louisiana-state,mississippi,A,24.0,32.0,0,7.0,8.0,
2026-09-19,2026,R,,mississippi-state,south-carolina,A,41.0,34.0,0,,,
2026-09-19,2026,R,,south-carolina,mississippi-state,H,34.0,41.0,0,,,
2026-09-19,2026,R,,missouri,troy,H,27.0,17.0,0,20.0,,
2026-09-19,2026,R,,troy,missouri,A,17.0,27.0,0,,20.0,
2026-09-19,2026,R,,nebraska,north-dakota,H,34.0,7.0,0,,,
2026-09-19,2026,R,,north-dakota,nebraska,A,7.0,34.0,0,,,
2026-09-19,2026,R,,north-dakota-state,sacramento-state,A,31.0,10.0,0,,,
2026-09-19,2026,R,,sacramento-state,north-dakota-state,H,10.0,31.0,0,,,
2026-09-19,2026,R,,northwestern,colorado,H,41.0,7.0,0,,,
2026-09-19,2026,R,,colorado,northwestern,A,7.0,41.0,0,,,
2026-09-19,2026,R,,notre-dame,michigan-state,H,27.0,10.0,0,3.0,,
2026-09-19,2026,R,,michigan-state,notre-dame,A,10.0,27.0,0,,3.0,
2026-09-19,2026,R,,ohio-state,kent-state,H,59.0,3.0,0,6.0,,
2026-09-19,2026,R,,kent-state,ohio-state,A,3.0,59.0,0,,6.0,
2026-09-19,2026,R,,oklahoma,new-mexico,H,14.0,6.0,0,24.0,,
2026-09-19,2026,R,,new-mexico,oklahoma,A,6.0,14.0,0,,24.0,
2026-09-19,2026,R,,oklahoma-state,murray-state,H,59.0,0.0,0,,,
2026-09-19,2026,R,,murray-state,oklahoma-state,A,0.0,59.0,0,,,
2026-09-19,2026,R,,oregon-state,montana,H,52.0,17.0,0,,,
2026-09-19,2026,R,,montana,oregon-state,A,17.0,52.0,0,,,
2026-09-19,2026,R,,penn-state,buffalo,H,55.0,13.0,0,14.0,,
2026-09-19,2026,R,,buffalo,penn-state,A,13.0,55.0,0,,14.0,
2026-09-19,2026,R,,sam-houston,nicholls-state,H,59.0,0.0,0,,,
2026-09-19,2026,R,,nicholls-state,sam-houston,A,0.0,59.0,0,,,
2026-09-19,2026,R,,south-alabama,ohio,H,41.0,36.0,0,,,
2026-09-19,2026,R,,ohio,south-alabama,A,36.0,41.0,0,,,
2026-09-19,2026,R,,south-florida,delaware-state,H,59.0,17.0,0,,,
2026-09-19,2026,R,,delaware-state,south-florida,A,17.0,59.0,0,,,
2026-09-19,2026,R,,southeastern-louisiana,louisiana-monroe,A,38.0,35.0,0,,,
2026-09-19,2026,R,,louisiana-monroe,southeastern-louisiana,H,35.0,38.0,0,,,
2026-09-19,2026,R,,southern-california,rutgers,A,42.0,35.0,0,12.0,,
2026-09-19,2026,R,,rutgers,southern-california,H,35.0,42.0,0,,12.0,
2026-09-19,2026,R,,tennessee,kennesaw-state,H,42.0,9.0,0,15.0,,
2026-09-19,2026,R,,kennesaw-state,tennessee,A,9.0,42.0,0,,15.0,
2026-09-19,2026,R,,texas,texas-san-antonio,H,30.0,6.0,0,1.0,,
2026-09-19,2026,R,,texas-san-antonio,texas,A,6.0,30.0,0,,1.0,
2026-09-19,2026,R,,texas-christian,arkansas-state,H,31.0,7.0,0,,,
2026-09-19,2026,R,,arkansas-state,texas-christian,A,7.0,31.0,0,,,
2026-09-19,2026,R,,texas-state,north-texas,H,49.0,35.0,0,,,
2026-09-19,2026,R,,north-texas,texas-state,A,35.0,49.0,0,,,
2026-09-19,2026,R,,toledo,temple,H,49.0,48.0,0,,,
2026-09-19,2026,R,,temple,toledo,A,48.0,49.0,0,,,
2026-09-19,2026,R,,tulsa,east-texas-a-m,H,42.0,0.0,0,,,
2026-09-19,2026,R,,east-texas-a-m,tulsa,A,0.0,42.0,0,,,
2026-09-19,2026,R,,ucla,purdue,H,52.0,38.0,0,,,
2026-09-19,2026,R,,purdue,ucla,A,38.0,52.0,0,,,
2026-09-19,2026,R,,utah,utah-state,H,33.0,0.0,0,17.0,,
2026-09-19,2026,R,,utah-state,utah,A,0.0,33.0,0,,17.0,
2026-09-19,2026,R,,vanderbilt,north-carolina-state,H,35.0,31.0,0,,,
2026-09-19,2026,R,,north-carolina-state,vanderbilt,A,31.0,35.0,0,,,
2026-09-19,2026,R,,virginia-tech,maryland,A,35.0,26.0,0,,,
2026-09-19,2026,R,,maryland,virginia-tech,H,26.0,35.0,0,,,
2026-09-19,2026,R,,washington,eastern-washington,H,48.0,16.0,0,,,
2026-09-19,2026,R,,eastern-washington,washington,A,16.0,48.0,0,,,
2026-09-19,2026,R,,washington-state,duquesne,H,48.0,7.0,0,,,
2026-09-19,2026,R,,duquesne,washington-state,A,7.0,48.0,0,,,
2026-09-19,2026,R,,west-virginia,virginia,N,38.0,27.0,0,,25.0,
2026-09-19,2026,R,,virginia,west-virginia,N,27.0,38.0,0,25.0,,
2026-09-19,2026,R,,western-michigan,rice,A,28.0,21.0,0,,,
2026-09-19,2026,R,,rice,western-michigan,H,21.0,28.0,0,,,
2026-09-19,2026,R,,wisconsin,eastern-michigan,H,54.0,10.0,0,,,
2026-09-19,2026,R,,eastern-michigan,wisconsin,A,10.0,54.0,0,,,
2026-09-24,2026,R,,liberty,coastal-carolina,A,,,0,,,
2026-09-24,2026,R,,coastal-carolina,liberty,H,,,0,,,
2026-09-25,2026,R,,army,temple,A,,,0,,,
2026-09-25,2026,R,,temple,army,H,,,0,,,
2026-09-25,2026,R,,clemson,california,A,,,0,,,
2026-09-25,2026,R,,california,clemson,H,,,0,,,
2026-09-25,2026,R,,howard,rutgers,A,,,0,,,
2026-09-25,2026,R,,rutgers,howard,H,,,0,,,
2026-09-25,2026,R,,navy,alabama-birmingham,A,,,0,,,
2026-09-25,2026,R,,alabama-birmingham,navy,H,,,0,,,
2026-09-25,2026,R,,northwestern,indiana,A,,,0,,4.0,
2026-09-25,2026,R,,indiana,northwestern,H,,,0,4.0,,
2026-09-26,2026,R,,air-force,nevada,A,,,0,,,
2026-09-26,2026,R,,nevada,air-force,H,,,0,,,
2026-09-26,2026,R,,appalachian-state,north-carolina-state,A,,,0,,,
2026-09-26,2026,R,,north-carolina-state,appalachian-state,H,,,0,,,
2026-09-26,2026,R,,arizona,washington-state,A,,,0,,,
2026-09-26,2026,R,,washington-state,arizona,H,,,0,,,
2026-09-26,2026,R,,ball-state,kent-state,A,,,0,,,
2026-09-26,2026,R,,kent-state,ball-state,H,,,0,,,
2026-09-26,2026,R,,boise-state,western-michigan,A,,,0,,,
2026-09-26,2026,R,,western-michigan,boise-state,H,,,0,,,
2026-09-26,2026,R,,bucknell,pittsburgh,A,,,0,,,
2026-09-26,2026,R,,pittsburgh,bucknell,H,,,0,,,
2026-09-26,2026,R,,central-arkansas,florida-state,A,,,0,,,
2026-09-26,2026,R,,florida-state,central-arkansas,H,,,0,,,
2026-09-26,2026,R,,central-michigan,miami-fl,A,,,0,,5.0,
2026-09-26,2026,R,,miami-fl,central-michigan,H,,,0,5.0,,
2026-09-26,2026,R,,colorado,baylor,A,,,0,,,
2026-09-26,2026,R,,baylor,colorado,H,,,0,,,
2026-09-26,2026,R,,colorado-state,texas-san-antonio,A,,,0,,,
2026-09-26,2026,R,,texas-san-antonio,colorado-state,H,,,0,,,
2026-09-26,2026,R,,connecticut,miami-oh,A,,,0,,,
2026-09-26,2026,R,,miami-oh,connecticut,H,,,0,,,
2026-09-26,2026,R,,delaware,virginia,A,,,0,,25.0,
2026-09-26,2026,R,,virginia,delaware,H,,,0,25.0,,
2026-09-26,2026,R,,florida-atlantic,louisiana-monroe,A,,,0,,,
2026-09-26,2026,R,,louisiana-monroe,florida-atlantic,H,,,0,,,
2026-09-26,2026,R,,gardner-webb,marshall,A,,,0,,,
2026-09-26,2026,R,,marshall,gardner-webb,H,,,0,,,
2026-09-26,2026,R,,georgia-tech,stanford,A,,,0,,,
2026-09-26,2026,R,,stanford,georgia-tech,H,,,0,,,
2026-09-26,2026,R,,hawaii,wyoming,A,,,0,,,
2026-09-26,2026,R,,wyoming,hawaii,H,,,0,,,
2026-09-26,2026,R,,houston,georgia-southern,A,,,0,22.0,,
2026-09-26,2026,R,,georgia-southern,houston,H,,,0,,22.0,
2026-09-26,2026,R,,houston-baptist,north-texas,A,,,0,,,
2026-09-26,2026,R,,north-texas,houston-baptist,H,,,0,,,
2026-09-26,2026,R,,illinois,ohio-state,A,,,0,,6.0,
2026-09-26,2026,R,,ohio-state,illinois,H,,,0,6.0,,
2026-09-26,2026,R,,incarnate-word,texas-state,A,,,0,,,
2026-09-26,2026,R,,texas-state,incarnate-word,H,,,0,,,
2026-09-26,2026,R,,iowa,michigan,A,,,0,18.0,19.0,
2026-09-26,2026,R,,michigan,iowa,H,,,0,19.0,18.0,
2026-09-26,2026,R,,james-madison,old-dominion,A,,,0,,,
2026-09-26,2026,R,,old-dominion,james-madison,H,,,0,,,
2026-09-26,2026,R,,kansas-state,cincinnati,A,,,0,,,
2026-09-26,2026,R,,cincinnati,kansas-state,H,,,0,,,
2026-09-26,2026,R,,kennesaw-state,arkansas-state,A,,,0,,,
2026-09-26,2026,R,,arkansas-state,kennesaw-state,H,,,0,,,
2026-09-26,2026,R,,lindenwood,eastern-michigan,A,,,0,,,
2026-09-26,2026,R,,eastern-michigan,lindenwood,H,,,0,,,
2026-09-26,2026,R,,long-island,florida-international,A,,,0,,,
2026-09-26,2026,R,,florida-international,long-island,H,,,0,,,
2026-09-26,2026,R,,louisiana,charlotte,A,,,0,,,
2026-09-26,2026,R,,charlotte,louisiana,H,,,0,,,
2026-09-26,2026,R,,massachusetts,sacramento-state,A,,,0,,,
2026-09-26,2026,R,,sacramento-state,massachusetts,H,,,0,,,
2026-09-26,2026,R,,mercyhurst,western-kentucky,A,,,0,,,
2026-09-26,2026,R,,western-kentucky,mercyhurst,H,,,0,,,
2026-09-26,2026,R,,middle-tennessee-state,jacksonville-state,A,,,0,,,
2026-09-26,2026,R,,jacksonville-state,middle-tennessee-state,H,,,0,,,
2026-09-26,2026,R,,minnesota,washington,A,,,0,,,
2026-09-26,2026,R,,washington,minnesota,H,,,0,,,
2026-09-26,2026,R,,mississippi,florida,A,,,0,8.0,,
2026-09-26,2026,R,,florida,mississippi,H,,,0,,8.0,
2026-09-26,2026,R,,missouri,mississippi-state,A,,,0,20.0,,
2026-09-26,2026,R,,mississippi-state,missouri,H,,,0,,20.0,
2026-09-26,2026,R,,missouri-state,southern-methodist,A,,,0,,16.0,
2026-09-26,2026,R,,southern-methodist,missouri-state,H,,,0,16.0,,
2026-09-26,2026,R,,nebraska,michigan-state,A,,,0,,,
2026-09-26,2026,R,,michigan-state,nebraska,H,,,0,,,
2026-09-26,2026,R,,nevada-las-vegas,akron,A,,,0,,,
2026-09-26,2026,R,,akron,nevada-las-vegas,H,,,0,,,
2026-09-26,2026,R,,new-mexico,new-mexico-state,A,,,0,,,
2026-09-26,2026,R,,new-mexico-state,new-mexico,H,,,0,,,
2026-09-26,2026,R,,north-carolina-central,east-carolina,A,,,0,,,
2026-09-26,2026,R,,east-carolina,north-carolina-central,H,,,0,,,
2026-09-26,2026,R,,northern-illinois,georgia-state,A,,,0,,,
2026-09-26,2026,R,,georgia-state,northern-illinois,H,,,0,,,
2026-09-26,2026,R,,notre-dame,purdue,A,,,0,3.0,,
2026-09-26,2026,R,,purdue,notre-dame,H,,,0,,3.0,
2026-09-26,2026,R,,oklahoma,georgia,A,,,0,24.0,2.0,
2026-09-26,2026,R,,georgia,oklahoma,H,,,0,2.0,24.0,
2026-09-26,2026,R,,oklahoma-state,west-virginia,A,,,0,,,
2026-09-26,2026,R,,west-virginia,oklahoma-state,H,,,0,,,
2026-09-26,2026,R,,oregon,southern-california,A,,,0,21.0,12.0,
2026-09-26,2026,R,,southern-california,oregon,H,,,0,12.0,21.0,
2026-09-26,2026,R,,oregon-state,texas-el-paso,A,,,0,,,
2026-09-26,2026,R,,texas-el-paso,oregon-state,H,,,0,,,
2026-09-26,2026,R,,rice,fresno-state,A,,,0,,,
2026-09-26,2026,R,,fresno-state,rice,H,,,0,,,
2026-09-26,2026,R,,robert-morris,buffalo,A,,,0,,,
2026-09-26,2026,R,,buffalo,robert-morris,H,,,0,,,
2026-09-26,2026,R,,sam-houston,texas-tech,A,,,0,,13.0,
2026-09-26,2026,R,,texas-tech,sam-houston,H,,,0,13.0,,
2026-09-26,2026,R,,san-diego-state,toledo,A,,,0,,,
2026-09-26,2026,R,,toledo,san-diego-state,H,,,0,,,
2026-09-26,2026,R,,south-alabama,kentucky,A,,,0,,,
2026-09-26,2026,R,,kentucky,south-alabama,H,,,0,,,
2026-09-26,2026,R,,south-carolina,alabama,A,,,0,,10.0,
2026-09-26,2026,R,,alabama,south-carolina,H,,,0,10.0,,
2026-09-26,2026,R,,south-florida,bowling-green,A,,,0,,,
2026-09-26,2026,R,,bowling-green,south-florida,H,,,0,,,
2026-09-26,2026,R,,southern-mississippi,tulane,A,,,0,,,
2026-09-26,2026,R,,tulane,southern-mississippi,H,,,0,,,
2026-09-26,2026,R,,stonehill,ohio,A,,,0,,,
2026-09-26,2026,R,,ohio,stonehill,H,,,0,,,
2026-09-26,2026,R,,texas,tennessee,A,,,0,1.0,15.0,
2026-09-26,2026,R,,tennessee,texas,H,,,0,15.0,1.0,
2026-09-26,2026,R,,texas-a-m,louisiana-state,A,,,0,9.0,7.0,
2026-09-26,2026,R,,louisiana-state,texas-a-m,H,,,0,7.0,9.0,
2026-09-26,2026,R,,texas-christian,central-florida,A,,,0,,,
2026-09-26,2026,R,,central-florida,texas-christian,H,,,0,,,
2026-09-26,2026,R,,troy,utah-state,A,,,0,,,
2026-09-26,2026,R,,utah-state,troy,H,,,0,,,
2026-09-26,2026,R,,tulsa,arkansas,A,,,0,,,
2026-09-26,2026,R,,arkansas,tulsa,H,,,0,,,
2026-09-26,2026,R,,ucla,maryland,A,,,0,,,
2026-09-26,2026,R,,maryland,ucla,H,,,0,,,
2026-09-26,2026,R,,utah,iowa-state,A,,,0,17.0,,
2026-09-26,2026,R,,iowa-state,utah,H,,,0,,17.0,
2026-09-26,2026,R,,vanderbilt,auburn,A,,,0,,,
2026-09-26,2026,R,,auburn,vanderbilt,H,,,0,,,
2026-09-26,2026,R,,virginia-tech,boston-college,A,,,0,,,
2026-09-26,2026,R,,boston-college,virginia-tech,H,,,0,,,
2026-09-26,2026,R,,wake-forest,louisville,A,,,0,,23.0,
2026-09-26,2026,R,,louisville,wake-forest,H,,,0,23.0,,
2026-09-26,2026,R,,william-mary,duke,A,,,0,,,
2026-09-26,2026,R,,duke,william-mary,H,,,0,,,
2026-09-26,2026,R,,wisconsin,penn-state,A,,,0,,14.0,
2026-09-26,2026,R,,penn-state,wisconsin,H,,,0,14.0,,
2026-10-01,2026,R,,north-texas,tulsa,A,,,0,,,
2026-10-01,2026,R,,tulsa,north-texas,H,,,0,,,
2026-10-01,2026,R,,western-kentucky,new-mexico-state,A,,,0,,,
2026-10-01,2026,R,,new-mexico-state,western-kentucky,H,,,0,,,
2026-10-02,2026,R,,liberty,delaware,A,,,0,,,
2026-10-02,2026,R,,delaware,liberty,H,,,0,,,
2026-10-02,2026,R,,penn-state,northwestern,A,,,0,14.0,,
2026-10-02,2026,R,,northwestern,penn-state,H,,,0,,14.0,
2026-10-02,2026,R,,pittsburgh,virginia-tech,A,,,0,,,
2026-10-02,2026,R,,virginia-tech,pittsburgh,H,,,0,,,
2026-10-03,2026,R,,akron,central-michigan,A,,,0,,,
2026-10-03,2026,R,,central-michigan,akron,H,,,0,,,
2026-10-03,2026,R,,alabama,mississippi-state,A,,,0,10.0,,
2026-10-03,2026,R,,mississippi-state,alabama,H,,,0,,10.0,
2026-10-03,2026,R,,arkansas,texas-a-m,A,,,0,,9.0,
2026-10-03,2026,R,,texas-a-m,arkansas,H,,,0,9.0,,
2026-10-03,2026,R,,arkansas-state,louisiana,A,,,0,,,
2026-10-03,2026,R,,louisiana,arkansas-state,H,,,0,,,
2026-10-03,2026,R,,army,louisiana-tech,A,,,0,,,
2026-10-03,2026,R,,louisiana-tech,army,H,,,0,,,
2026-10-03,2026,R,,auburn,tennessee,A,,,0,,15.0,
2026-10-03,2026,R,,tennessee,auburn,H,,,0,15.0,,
2026-10-03,2026,R,,baylor,arizona-state,A,,,0,,,
2026-10-03,2026,R,,arizona-state,baylor,H,,,0,,,
2026-10-03,2026,R,,boston-college,southern-methodist,A,,,0,,16.0,
2026-10-03,2026,R,,southern-methodist,boston-college,H,,,0,16.0,,
2026-10-03,2026,R,,bowling-green,miami-oh,A,,,0,,,
2026-10-03,2026,R,,miami-oh,bowling-green,H,,,0,,,
2026-10-03,2026,R,,brigham-young,texas-christian,A,,,0,11.0,,
2026-10-03,2026,R,,texas-christian,brigham-young,H,,,0,,11.0,
2026-10-03,2026,R,,california,nevada-las-vegas,A,,,0,,,
2026-10-03,2026,R,,nevada-las-vegas,california,H,,,0,,,
2026-10-03,2026,R,,central-florida,houston,A,,,0,,22.0,
2026-10-03,2026,R,,houston,central-florida,H,,,0,22.0,,
2026-10-03,2026,R,,cincinnati,arizona,A,,,0,,,
2026-10-03,2026,R,,arizona,cincinnati,H,,,0,,,
2026-10-03,2026,R,,eastern-michigan,massachusetts,A,,,0,,,
2026-10-03,2026,R,,massachusetts,eastern-michigan,H,,,0,,,
2026-10-03,2026,R,,florida,missouri,A,,,0,,20.0,
2026-10-03,2026,R,,missouri,florida,H,,,0,20.0,,
2026-10-03,2026,R,,fresno-state,washington-state,A,,,0,,,
2026-10-03,2026,R,,washington-state,fresno-state,H,,,0,,,
2026-10-03,2026,R,,georgia-southern,coastal-carolina,A,,,0,,,
2026-10-03,2026,R,,coastal-carolina,georgia-southern,H,,,0,,,
2026-10-03,2026,R,,indiana,rutgers,A,,,0,4.0,,
2026-10-03,2026,R,,rutgers,indiana,H,,,0,,4.0,
2026-10-03,2026,R,,kentucky,south-carolina,A,,,0,,,
2026-10-03,2026,R,,south-carolina,kentucky,H,,,0,,,
2026-10-03,2026,R,,louisiana-monroe,south-alabama,A,,,0,,,
2026-10-03,2026,R,,south-alabama,louisiana-monroe,H,,,0,,,
2026-10-03,2026,R,,louisville,north-carolina-state,A,,,0,23.0,,
2026-10-03,2026,R,,north-carolina-state,louisville,H,,,0,,23.0,
2026-10-03,2026,R,,marshall,james-madison,A,,,0,,,
2026-10-03,2026,R,,james-madison,marshall,H,,,0,,,
2026-10-03,2026,R,,maryland,nebraska,A,,,0,,,
2026-10-03,2026,R,,nebraska,maryland,H,,,0,,,
2026-10-03,2026,R,,mcneese-state,louisiana-state,A,,,0,,7.0,
2026-10-03,2026,R,,louisiana-state,mcneese-state,H,,,0,7.0,,
2026-10-03,2026,R,,memphis,charlotte,A,,,0,,,
2026-10-03,2026,R,,charlotte,memphis,H,,,0,,,
2026-10-03,2026,R,,miami-fl,clemson,A,,,0,5.0,,
2026-10-03,2026,R,,clemson,miami-fl,H,,,0,,5.0,
2026-10-03,2026,R,,michigan,minnesota,A,,,0,19.0,,
2026-10-03,2026,R,,minnesota,michigan,H,,,0,,19.0,
2026-10-03,2026,R,,michigan-state,wisconsin,A,,,0,,,
2026-10-03,2026,R,,wisconsin,michigan-state,H,,,0,,,
2026-10-03,2026,R,,middle-tennessee-state,kansas,A,,,0,,,
2026-10-03,2026,R,,kansas,middle-tennessee-state,H,,,0,,,
2026-10-03,2026,R,,navy,air-force,A,,,0,,,
2026-10-03,2026,R,,air-force,navy,H,,,0,,,
2026-10-03,2026,R,,notre-dame,north-carolina,A,,,0,3.0,,
2026-10-03,2026,R,,north-carolina,notre-dame,H,,,0,,3.0,
2026-10-03,2026,R,,ohio,kent-state,A,,,0,,,
2026-10-03,2026,R,,kent-state,ohio,H,,,0,,,
2026-10-03,2026,R,,ohio-state,iowa,A,,,0,6.0,18.0,
2026-10-03,2026,R,,iowa,ohio-state,H,,,0,18.0,6.0,
2026-10-03,2026,R,,old-dominion,georgia-state,A,,,0,,,
2026-10-03,2026,R,,georgia-state,old-dominion,H,,,0,,,
2026-10-03,2026,R,,oregon-state,colorado-state,A,,,0,,,
2026-10-03,2026,R,,colorado-state,oregon-state,H,,,0,,,
2026-10-03,2026,R,,purdue,illinois,A,,,0,,,
2026-10-03,2026,R,,illinois,purdue,H,,,0,,,
2026-10-03,2026,R,,samford,alabama-birmingham,A,,,0,,,
2026-10-03,2026,R,,alabama-birmingham,samford,H,,,0,,,
2026-10-03,2026,R,,stanford,wake-forest,A,,,0,,,
2026-10-03,2026,R,,wake-forest,stanford,H,,,0,,,
2026-10-03,2026,R,,syracuse,connecticut,A,,,0,,,
2026-10-03,2026,R,,connecticut,syracuse,H,,,0,,,
2026-10-03,2026,R,,temple,south-florida,A,,,0,,,
2026-10-03,2026,R,,south-florida,temple,H,,,0,,,
2026-10-03,2026,R,,texas-southern,florida-atlantic,A,,,0,,,
2026-10-03,2026,R,,florida-atlantic,texas-southern,H,,,0,,,
2026-10-03,2026,R,,texas-state,san-diego-state,A,,,0,,,
2026-10-03,2026,R,,san-diego-state,texas-state,H,,,0,,,
2026-10-03,2026,R,,texas-tech,colorado,A,,,0,13.0,,
2026-10-03,2026,R,,colorado,texas-tech,H,,,0,,13.0,
2026-10-03,2026,R,,texas-el-paso,new-mexico,A,,,0,,,
2026-10-03,2026,R,,new-mexico,texas-el-paso,H,,,0,,,
2026-10-03,2026,R,,texas-san-antonio,rice,A,,,0,,,
2026-10-03,2026,R,,rice,texas-san-antonio,H,,,0,,,
2026-10-03,2026,R,,toledo,ball-state,A,,,0,,,
2026-10-03,2026,R,,ball-state,toledo,H,,,0,,,
2026-10-03,2026,R,,utah-state,boise-state,A,,,0,,,
2026-10-03,2026,R,,boise-state,utah-state,H,,,0,,,
2026-10-03,2026,R,,vanderbilt,georgia,A,,,0,,2.0,
2026-10-03,2026,R,,georgia,vanderbilt,H,,,0,2.0,,
2026-10-03,2026,R,,virginia,florida-state,A,,,0,25.0,,
2026-10-03,2026,R,,florida-state,virginia,H,,,0,,25.0,
2026-10-03,2026,R,,washington,southern-california,A,,,0,,12.0,
2026-10-03,2026,R,,southern-california,washington,H,,,0,12.0,,
2026-10-03,2026,R,,west-virginia,iowa-state,A,,,0,,,
2026-10-03,2026,R,,iowa-state,west-virginia,H,,,0,,,
2026-10-03,2026,R,,western-michigan,buffalo,A,,,0,,,
2026-10-03,2026,R,,buffalo,western-michigan,H,,,0,,,
2026-10-03,2026,R,,wyoming,north-dakota-state,A,,,0,,,
2026-10-03,2026,R,,north-dakota-state,wyoming,H,,,0,,,
2026-10-04,2026,R,,san-jose-state,hawaii,A,,,0,,,
2026-10-04,2026,R,,hawaii,san-jose-state,H,,,0,,,
2026-10-06,2026,R,,southern-mississippi,troy,A,,,0,,,
2026-10-06,2026,R,,troy,southern-mississippi,H,,,0,,,
2026-10-07,2026,R,,jacksonville-state,kennesaw-state,A,,,0,,,
2026-10-07,2026,R,,kennesaw-state,jacksonville-state,H,,,0,,,
2026-10-07,2026,R,,new-mexico-state,florida-international,A,,,0,,,
2026-10-07,2026,R,,florida-international,new-mexico-state,H,,,0,,,
2026-10-08,2026,R,,missouri-state,western-kentucky,A,,,0,,,
2026-10-08,2026,R,,western-kentucky,missouri-state,H,,,0,,,
2026-10-08,2026,R,,sam-houston,liberty,A,,,0,,,
2026-10-08,2026,R,,liberty,sam-houston,H,,,0,,,
2026-10-08,2026,R,,south-alabama,arkansas-state,A,,,0,,,
2026-10-08,2026,R,,arkansas-state,south-alabama,H,,,0,,,
2026-10-08,2026,R,,south-florida,texas-san-antonio,A,,,0,,,
2026-10-08,2026,R,,texas-san-antonio,south-florida,H,,,0,,,
2026-10-09,2026,R,,florida-state,louisville,A,,,0,,23.0,
2026-10-09,2026,R,,louisville,florida-state,H,,,0,23.0,,
2026-10-09,2026,R,,iowa,washington,A,,,0,18.0,,
2026-10-09,2026,R,,washington,iowa,H,,,0,,18.0,
2026-10-09,2026,R,,iowa-state,brigham-young,A,,,0,,11.0,
2026-10-09,2026,R,,brigham-young,iowa-state,H,,,0,11.0,,
2026-10-09,2026,R,,washington-state,utah-state,A,,,0,,,
2026-10-09,2026,R,,utah-state,washington-state,H,,,0,,,
2026-10-09,2026,R,,wyoming,san-jose-state,A,,,0,,,
2026-10-09,2026,R,,san-jose-state,wyoming,H,,,0,,,
2026-10-10,2026,R,,air-force,northern-illinois,A,,,0,,,
2026-10-10,2026,R,,northern-illinois,air-force,H,,,0,,,
2026-10-10,2026,R,,alabama-birmingham,memphis,A,,,0,,,
2026-10-10,2026,R,,memphis,alabama-birmingham,H,,,0,,,
2026-10-10,2026,R,,arizona,west-virginia,A,,,0,,,
2026-10-10,2026,R,,west-virginia,arizona,H,,,0,,,
2026-10-10,2026,R,,ball-state,northwestern,A,,,0,,,
2026-10-10,2026,R,,northwestern,ball-state,H,,,0,,,
2026-10-10,2026,R,,boise-state,fresno-state,A,,,0,,,
2026-10-10,2026,R,,fresno-state,boise-state,H,,,0,,,
2026-10-10,2026,R,,buffalo,toledo,A,,,0,,,
2026-10-10,2026,R,,toledo,buffalo,H,,,0,,,
2026-10-10,2026,R,,central-florida,oklahoma-state,A,,,0,,,
2026-10-10,2026,R,,oklahoma-state,central-florida,H,,,0,,,
2026-10-10,2026,R,,central-michigan,ohio,A,,,0,,,
2026-10-10,2026,R,,ohio,central-michigan,H,,,0,,,
2026-10-10,2026,R,,charlotte,north-texas,A,,,0,,,
2026-10-10,2026,R,,north-texas,charlotte,H,,,0,,,
2026-10-10,2026,R,,coastal-carolina,marshall,A,,,0,,,
2026-10-10,2026,R,,marshall,coastal-carolina,H,,,0,,,
2026-10-10,2026,R,,connecticut,temple,A,,,0,,,
2026-10-10,2026,R,,temple,connecticut,H,,,0,,,
2026-10-10,2026,R,,duke,georgia-tech,A,,,0,,,
2026-10-10,2026,R,,georgia-tech,duke,H,,,0,,,
2026-10-10,2026,R,,eastern-michigan,akron,A,,,0,,,
2026-10-10,2026,R,,akron,eastern-michigan,H,,,0,,,
2026-10-10,2026,R,,georgia,alabama,A,,,0,2.0,10.0,
2026-10-10,2026,R,,alabama,georgia,H,,,0,10.0,2.0,
2026-10-10,2026,R,,hawaii,arizona-state,A,,,0,,,
2026-10-10,2026,R,,arizona-state,hawaii,H,,,0,,,
2026-10-10,2026,R,,houston,kansas-state,A,,,0,22.0,,
2026-10-10,2026,R,,kansas-state,houston,H,,,0,,22.0,
2026-10-10,2026,R,,illinois,michigan-state,A,,,0,,,
2026-10-10,2026,R,,michigan-state,illinois,H,,,0,,,
2026-10-10,2026,R,,indiana,nebraska,A,,,0,4.0,,
2026-10-10,2026,R,,nebraska,indiana,H,,,0,,4.0,
2026-10-10,2026,R,,james-madison,georgia-southern,A,,,0,,,
2026-10-10,2026,R,,georgia-southern,james-madison,H,,,0,,,
2026-10-10,2026,R,,kansas,utah,A,,,0,,17.0,
2026-10-10,2026,R,,utah,kansas,H,,,0,17.0,,
2026-10-10,2026,R,,kent-state,western-michigan,A,,,0,,,
2026-10-10,2026,R,,western-michigan,kent-state,H,,,0,,,
2026-10-10,2026,R,,louisiana,louisiana-tech,A,,,0,,,
2026-10-10,2026,R,,louisiana-tech,louisiana,H,,,0,,,
2026-10-10,2026,R,,louisiana-state,kentucky,A,,,0,7.0,,
2026-10-10,2026,R,,kentucky,louisiana-state,H,,,0,,7.0,
2026-10-10,2026,R,,maryland,ohio-state,A,,,0,,6.0,
2026-10-10,2026,R,,ohio-state,maryland,H,,,0,6.0,,
2026-10-10,2026,R,,miami-oh,massachusetts,A,,,0,,,
2026-10-10,2026,R,,massachusetts,miami-oh,H,,,0,,,
2026-10-10,2026,R,,minnesota,purdue,A,,,0,,,
2026-10-10,2026,R,,purdue,minnesota,H,,,0,,,
2026-10-10,2026,R,,mississippi,vanderbilt,A,,,0,8.0,,
2026-10-10,2026,R,,vanderbilt,mississippi,H,,,0,,8.0,
2026-10-10,2026,R,,nevada,texas-el-paso,A,,,0,,,
2026-10-10,2026,R,,texas-el-paso,nevada,H,,,0,,,
2026-10-10,2026,R,,north-carolina,pittsburgh,A,,,0,,,
2026-10-10,2026,R,,pittsburgh,north-carolina,H,,,0,,,
2026-10-10,2026,R,,north-dakota-state,nevada-las-vegas,A,,,0,,,
2026-10-10,2026,R,,nevada-las-vegas,north-dakota-state,H,,,0,,,
2026-10-10,2026,R,,old-dominion,appalachian-state,A,,,0,,,
2026-10-10,2026,R,,appalachian-state,old-dominion,H,,,0,,,
2026-10-10,2026,R,,rice,east-carolina,A,,,0,,,
2026-10-10,2026,R,,east-carolina,rice,H,,,0,,,
2026-10-10,2026,R,,sacramento-state,bowling-green,A,,,0,,,
2026-10-10,2026,R,,bowling-green,sacramento-state,H,,,0,,,
2026-10-10,2026,R,,san-diego-state,oregon-state,A,,,0,,,
2026-10-10,2026,R,,oregon-state,san-diego-state,H,,,0,,,
2026-10-10,2026,R,,south-carolina,florida,A,,,0,,,
2026-10-10,2026,R,,florida,south-carolina,H,,,0,,,
2026-10-10,2026,R,,southern-california,penn-state,A,,,0,12.0,14.0,
2026-10-10,2026,R,,penn-state,southern-california,H,,,0,14.0,12.0,
2026-10-10,2026,R,,stanford,notre-dame,A,,,0,,3.0,
2026-10-10,2026,R,,notre-dame,stanford,H,,,0,3.0,,
2026-10-10,2026,R,,syracuse,virginia,A,,,0,,25.0,
2026-10-10,2026,R,,virginia,syracuse,H,,,0,25.0,,
2026-10-10,2026,R,,tennessee,arkansas,A,,,0,15.0,,
2026-10-10,2026,R,,arkansas,tennessee,H,,,0,,15.0,
2026-10-10,2026,R,,texas,oklahoma,N,,,0,1.0,24.0,
2026-10-10,2026,R,,oklahoma,texas,N,,,0,24.0,1.0,
2026-10-10,2026,R,,texas-a-m,missouri,A,,,0,9.0,20.0,
2026-10-10,2026,R,,missouri,texas-a-m,H,,,0,20.0,9.0,
2026-10-10,2026,R,,tulane,army,A,,,0,,,
2026-10-10,2026,R,,army,tulane,H,,,0,,,
2026-10-10,2026,R,,tulsa,navy,A,,,0,,,
2026-10-10,2026,R,,navy,tulsa,H,,,0,,,
2026-10-10,2026,R,,ucla,oregon,A,,,0,,21.0,
2026-10-10,2026,R,,oregon,ucla,H,,,0,21.0,,
2026-10-10,2026,R,,virginia-tech,california,A,,,0,,,
2026-10-10,2026,R,,california,virginia-tech,H,,,0,,,
2026-10-10,2026,R,,wake-forest,north-carolina-state,A,,,0,,,
2026-10-10,2026,R,,north-carolina-state,wake-forest,H,,,0,,,
2026-10-13,2026,R,,delaware,middle-tennessee-state,A,,,0,,,
2026-10-13,2026,R,,middle-tennessee-state,delaware,H,,,0,,,
2026-10-13,2026,R,,florida-international,jacksonville-state,A,,,0,,,
2026-10-13,2026,R,,jacksonville-state,florida-international,H,,,0,,,
2026-10-14,2026,R,,kennesaw-state,missouri-state,A,,,0,,,
2026-10-14,2026,R,,missouri-state,kennesaw-state,H,,,0,,,
2026-10-14,2026,R,,western-kentucky,sam-houston,A,,,0,,,
2026-10-14,2026,R,,sam-houston,western-kentucky,H,,,0,,,
2026-10-15,2026,R,,colorado-state,texas-state,A,,,0,,,
2026-10-15,2026,R,,texas-state,colorado-state,H,,,0,,,
2026-10-15,2026,R,,east-carolina,alabama-birmingham,A,,,0,,,
2026-10-15,2026,R,,alabama-birmingham,east-carolina,H,,,0,,,
2026-10-15,2026,R,,georgia-southern,old-dominion,A,,,0,,,
2026-10-15,2026,R,,old-dominion,georgia-southern,H,,,0,,,
2026-10-16,2026,R,,appalachian-state,coastal-carolina,A,,,0,,,
2026-10-16,2026,R,,coastal-carolina,appalachian-state,H,,,0,,,
2026-10-16,2026,R,,memphis,tulane,A,,,0,,,
2026-10-16,2026,R,,tulane,memphis,H,,,0,,,
2026-10-16,2026,R,,washington,purdue,A,,,0,,,
2026-10-16,2026,R,,purdue,washington,H,,,0,,,
2026-10-17,2026,R,,akron,miami-oh,A,,,0,,,
2026-10-17,2026,R,,miami-oh,akron,H,,,0,,,
2026-10-17,2026,R,,alabama,tennessee,A,,,0,10.0,15.0,
2026-10-17,2026,R,,tennessee,alabama,H,,,0,15.0,10.0,
2026-10-17,2026,R,,arizona-state,texas-tech,A,,,0,,13.0,
2026-10-17,2026,R,,texas-tech,arizona-state,H,,,0,13.0,,
2026-10-17,2026,R,,arkansas,vanderbilt,A,,,0,,,
2026-10-17,2026,R,,vanderbilt,arkansas,H,,,0,,,
2026-10-17,2026,R,,arkansas-state,southern-mississippi,A,,,0,,,
2026-10-17,2026,R,,southern-mississippi,arkansas-state,H,,,0,,,
2026-10-17,2026,R,,auburn,georgia,A,,,0,,2.0,
2026-10-17,2026,R,,georgia,auburn,H,,,0,2.0,,
2026-10-17,2026,R,,ball-state,bowling-green,A,,,0,,,
2026-10-17,2026,R,,bowling-green,ball-state,H,,,0,,,
2026-10-17,2026,R,,charleston-southern,clemson,A,,,0,,,
2026-10-17,2026,R,,clemson,charleston-southern,H,,,0,,,
2026-10-17,2026,R,,charlotte,temple,A,,,0,,,
2026-10-17,2026,R,,temple,charlotte,H,,,0,,,
2026-10-17,2026,R,,cincinnati,west-virginia,A,,,0,,,
2026-10-17,2026,R,,west-virginia,cincinnati,H,,,0,,,
2026-10-17,2026,R,,citadel,texas-a-m,A,,,0,,9.0,
2026-10-17,2026,R,,texas-a-m,citadel,H,,,0,9.0,,
2026-10-17,2026,R,,elon,stanford,A,,,0,,,
2026-10-17,2026,R,,stanford,elon,H,,,0,,,
2026-10-17,2026,R,,florida,texas,A,,,0,,1.0,
2026-10-17,2026,R,,texas,florida,H,,,0,1.0,,
2026-10-17,2026,R,,florida-atlantic,army,A,,,0,,,
2026-10-17,2026,R,,army,florida-atlantic,H,,,0,,,
2026-10-17,2026,R,,florida-state,miami-fl,A,,,0,,5.0,
2026-10-17,2026,R,,miami-fl,florida-state,H,,,0,5.0,,
2026-10-17,2026,R,,fresno-state,san-diego-state,A,,,0,,,
2026-10-17,2026,R,,san-diego-state,fresno-state,H,,,0,,,
2026-10-17,2026,R,,georgia-state,james-madison,A,,,0,,,
2026-10-17,2026,R,,james-madison,georgia-state,H,,,0,,,
2026-10-17,2026,R,,georgia-tech,virginia-tech,A,,,0,,,
2026-10-17,2026,R,,virginia-tech,georgia-tech,H,,,0,,,
2026-10-17,2026,R,,kansas,kansas-state,A,,,0,,,
2026-10-17,2026,R,,kansas-state,kansas,H,,,0,,,
2026-10-17,2026,R,,kent-state,south-florida,A,,,0,,,
2026-10-17,2026,R,,south-florida,kent-state,H,,,0,,,
2026-10-17,2026,R,,kentucky,oklahoma,A,,,0,,24.0,
2026-10-17,2026,R,,oklahoma,kentucky,H,,,0,24.0,,
2026-10-17,2026,R,,louisiana-tech,louisiana-monroe,A,,,0,,,
2026-10-17,2026,R,,louisiana-monroe,louisiana-tech,H,,,0,,,
2026-10-17,2026,R,,louisville,syracuse,A,,,0,23.0,,
2026-10-17,2026,R,,syracuse,louisville,H,,,0,,23.0,
2026-10-17,2026,R,,massachusetts,buffalo,A,,,0,,,
2026-10-17,2026,R,,buffalo,massachusetts,H,,,0,,,
2026-10-17,2026,R,,mississippi-state,louisiana-state,A,,,0,,7.0,
2026-10-17,2026,R,,louisiana-state,mississippi-state,H,,,0,7.0,,
2026-10-17,2026,R,,missouri,mississippi,A,,,0,20.0,8.0,
2026-10-17,2026,R,,mississippi,missouri,H,,,0,8.0,20.0,
2026-10-17,2026,R,,navy,texas-san-antonio,A,,,0,,,
2026-10-17,2026,R,,texas-san-antonio,navy,H,,,0,,,
2026-10-17,2026,R,,nebraska,oregon,A,,,0,,21.0,
2026-10-17,2026,R,,oregon,nebraska,H,,,0,21.0,,
2026-10-17,2026,R,,nevada,north-dakota-state,A,,,0,,,
2026-10-17,2026,R,,north-dakota-state,nevada,H,,,0,,,
2026-10-17,2026,R,,nevada-las-vegas,air-force,A,,,0,,,
2026-10-17,2026,R,,air-force,nevada-las-vegas,H,,,0,,,
2026-10-17,2026,R,,new-mexico,hawaii,A,,,0,,,
2026-10-17,2026,R,,hawaii,new-mexico,H,,,0,,,
2026-10-17,2026,R,,north-carolina,duke,A,,,0,,,
2026-10-17,2026,R,,duke,north-carolina,H,,,0,,,
2026-10-17,2026,R,,northern-illinois,wyoming,A,,,0,,,
2026-10-17,2026,R,,wyoming,northern-illinois,H,,,0,,,
2026-10-17,2026,R,,northwestern,michigan-state,A,,,0,,,
2026-10-17,2026,R,,michigan-state,northwestern,H,,,0,,,
2026-10-17,2026,R,,notre-dame,brigham-young,A,,,0,3.0,11.0,
2026-10-17,2026,R,,brigham-young,notre-dame,H,,,0,11.0,3.0,
2026-10-17,2026,R,,ohio,sacramento-state,A,,,0,,,
2026-10-17,2026,R,,sacramento-state,ohio,H,,,0,,,
2026-10-17,2026,R,,ohio-state,indiana,A,,,0,6.0,4.0,
2026-10-17,2026,R,,indiana,ohio-state,H,,,0,4.0,6.0,
2026-10-17,2026,R,,oklahoma-state,houston,A,,,0,,22.0,
2026-10-17,2026,R,,houston,oklahoma-state,H,,,0,22.0,,
2026-10-17,2026,R,,penn-state,michigan,A,,,0,14.0,19.0,
2026-10-17,2026,R,,michigan,penn-state,H,,,0,19.0,14.0,
2026-10-17,2026,R,,pittsburgh,boston-college,A,,,0,,,
2026-10-17,2026,R,,boston-college,pittsburgh,H,,,0,,,
2026-10-17,2026,R,,rutgers,maryland,A,,,0,,,
2026-10-17,2026,R,,maryland,rutgers,H,,,0,,,
2026-10-17,2026,R,,san-jose-state,texas-el-paso,A,,,0,,,
2026-10-17,2026,R,,texas-el-paso,san-jose-state,H,,,0,,,
2026-10-17,2026,R,,texas-christian,baylor,A,,,0,,,
2026-10-17,2026,R,,baylor,texas-christian,H,,,0,,,
2026-10-17,2026,R,,toledo,eastern-michigan,A,,,0,,,
2026-10-17,2026,R,,eastern-michigan,toledo,H,,,0,,,
2026-10-17,2026,R,,troy,louisiana,A,,,0,,,
2026-10-17,2026,R,,louisiana,troy,H,,,0,,,
2026-10-17,2026,R,,tulsa,rice,A,,,0,,,
2026-10-17,2026,R,,rice,tulsa,H,,,0,,,
2026-10-17,2026,R,,utah,colorado,A,,,0,17.0,,
2026-10-17,2026,R,,colorado,utah,H,,,0,,17.0,
2026-10-17,2026,R,,virginia,southern-methodist,A,,,0,25.0,16.0,
2026-10-17,2026,R,,southern-methodist,virginia,H,,,0,16.0,25.0,
2026-10-17,2026,R,,wake-forest,california,A,,,0,,,
2026-10-17,2026,R,,california,wake-forest,H,,,0,,,
2026-10-17,2026,R,,washington-state,oregon-state,A,,,0,,,
2026-10-17,2026,R,,oregon-state,washington-state,H,,,0,,,
2026-10-17,2026,R,,western-michigan,central-michigan,A,,,0,,,
2026-10-17,2026,R,,central-michigan,western-michigan,H,,,0,,,
2026-10-17,2026,R,,wisconsin,ucla,A,,,0,,,
2026-10-17,2026,R,,ucla,wisconsin,H,,,0,,,
2026-10-20,2026,R,,middle-tennessee-state,florida-international,A,,,0,,,
2026-10-20,2026,R,,florida-international,middle-tennessee-state,H,,,0,,,
2026-10-20,2026,R,,missouri-state,delaware,A,,,0,,,
2026-10-20,2026,R,,delaware,missouri-state,H,,,0,,,
2026-10-20,2026,R,,south-alabama,marshall,A,,,0,,,
2026-10-20,2026,R,,marshall,south-alabama,H,,,0,,,
2026-10-21,2026,R,,new-mexico-state,sam-houston,A,,,0,,,
2026-10-21,2026,R,,sam-houston,new-mexico-state,H,,,0,,,
2026-10-22,2026,R,,east-carolina,memphis,A,,,0,,,
2026-10-22,2026,R,,memphis,east-carolina,H,,,0,,,
2026-10-22,2026,R,,james-madison,appalachian-state,A,,,0,,,
2026-10-22,2026,R,,appalachian-state,james-madison,H,,,0,,,
2026-10-22,2026,R,,liberty,kennesaw-state,A,,,0,,,
2026-10-22,2026,R,,kennesaw-state,liberty,H,,,0,,,
2026-10-23,2026,R,,air-force,wyoming,A,,,0,,,
2026-10-23,2026,R,,wyoming,air-force,H,,,0,,,
2026-10-23,2026,R,,army,tulsa,A,,,0,,,
2026-10-23,2026,R,,tulsa,army,H,,,0,,,
2026-10-23,2026,R,,duke,virginia,A,,,0,,25.0,
2026-10-23,2026,R,,virginia,duke,H,,,0,25.0,,
2026-10-23,2026,R,,massachusetts,connecticut,A,,,0,,,
2026-10-23,2026,R,,connecticut,massachusetts,H,,,0,,,
2026-10-23,2026,R,,north-carolina-state,stanford,A,,,0,,,
2026-10-23,2026,R,,stanford,north-carolina-state,H,,,0,,,
2026-10-24,2026,R,,akron,kent-state,A,,,0,,,
2026-10-24,2026,R,,kent-state,akron,H,,,0,,,
2026-10-24,2026,R,,baylor,kansas,A,,,0,,,
2026-10-24,2026,R,,kansas,baylor,H,,,0,,,
2026-10-24,2026,R,,boise-state,washington-state,A,,,0,,,
2026-10-24,2026,R,,washington-state,boise-state,H,,,0,,,
2026-10-24,2026,R,,boston-college,georgia-tech,A,,,0,,,
2026-10-24,2026,R,,georgia-tech,boston-college,H,,,0,,,
2026-10-24,2026,R,,bowling-green,buffalo,A,,,0,,,
2026-10-24,2026,R,,buffalo,bowling-green,H,,,0,,,
2026-10-24,2026,R,,brigham-young,central-florida,A,,,0,11.0,,
2026-10-24,2026,R,,central-florida,brigham-young,H,,,0,,11.0,
2026-10-24,2026,R,,california,southern-methodist,A,,,0,,16.0,
2026-10-24,2026,R,,southern-methodist,california,H,,,0,16.0,,
2026-10-24,2026,R,,colorado,oklahoma-state,A,,,0,,,
2026-10-24,2026,R,,oklahoma-state,colorado,H,,,0,,,
2026-10-24,2026,R,,eastern-michigan,ohio,A,,,0,,,
2026-10-24,2026,R,,ohio,eastern-michigan,H,,,0,,,
2026-10-24,2026,R,,georgia-state,arkansas-state,A,,,0,,,
2026-10-24,2026,R,,arkansas-state,georgia-state,H,,,0,,,
2026-10-24,2026,R,,hawaii,northern-illinois,A,,,0,,,
2026-10-24,2026,R,,northern-illinois,hawaii,H,,,0,,,
2026-10-24,2026,R,,houston,utah,A,,,0,22.0,17.0,
2026-10-24,2026,R,,utah,houston,H,,,0,17.0,22.0,
2026-10-24,2026,R,,indiana,michigan,A,,,0,4.0,19.0,
2026-10-24,2026,R,,michigan,indiana,H,,,0,19.0,4.0,
2026-10-24,2026,R,,iowa,minnesota,A,,,0,18.0,,
2026-10-24,2026,R,,minnesota,iowa,H,,,0,,18.0,
2026-10-24,2026,R,,iowa-state,arizona,A,,,0,,,
2026-10-24,2026,R,,arizona,iowa-state,H,,,0,,,
2026-10-24,2026,R,,kansas-state,arizona-state,A,,,0,,,
2026-10-24,2026,R,,arizona-state,kansas-state,H,,,0,,,
2026-10-24,2026,R,,louisiana,southern-mississippi,A,,,0,,,
2026-10-24,2026,R,,southern-mississippi,louisiana,H,,,0,,,
2026-10-24,2026,R,,louisiana-state,auburn,A,,,0,7.0,,
2026-10-24,2026,R,,auburn,louisiana-state,H,,,0,,7.0,
2026-10-24,2026,R,,louisiana-monroe,troy,A,,,0,,,
2026-10-24,2026,R,,troy,louisiana-monroe,H,,,0,,,
2026-10-24,2026,R,,miami-oh,central-michigan,A,,,0,,,
2026-10-24,2026,R,,central-michigan,miami-oh,H,,,0,,,
2026-10-24,2026,R,,michigan-state,ucla,A,,,0,,,
2026-10-24,2026,R,,ucla,michigan-state,H,,,0,,,
2026-10-24,2026,R,,mississippi,texas,A,,,0,8.0,1.0,
2026-10-24,2026,R,,texas,mississippi,H,,,0,1.0,8.0,
2026-10-24,2026,R,,north-dakota-state,new-mexico,A,,,0,,,
2026-10-24,2026,R,,new-mexico,north-dakota-state,H,,,0,,,
2026-10-24,2026,R,,north-texas,navy,A,,,0,,,
2026-10-24,2026,R,,navy,north-texas,H,,,0,,,
2026-10-24,2026,R,,oklahoma,mississippi-state,A,,,0,24.0,,
2026-10-24,2026,R,,mississippi-state,oklahoma,H,,,0,,24.0,
2026-10-24,2026,R,,old-dominion,louisiana-tech,A,,,0,,,
2026-10-24,2026,R,,louisiana-tech,old-dominion,H,,,0,,,
2026-10-24,2026,R,,oregon,illinois,A,,,0,21.0,,
2026-10-24,2026,R,,illinois,oregon,H,,,0,,21.0,
2026-10-24,2026,R,,pittsburgh,miami-fl,A,,,0,,5.0,
2026-10-24,2026,R,,miami-fl,pittsburgh,H,,,0,5.0,,
2026-10-24,2026,R,,rice,florida-atlantic,A,,,0,,,
2026-10-24,2026,R,,florida-atlantic,rice,H,,,0,,,
2026-10-24,2026,R,,rutgers,northwestern,A,,,0,,,
2026-10-24,2026,R,,northwestern,rutgers,H,,,0,,,
2026-10-24,2026,R,,sacramento-state,ball-state,A,,,0,,,
2026-10-24,2026,R,,ball-state,sacramento-state,H,,,0,,,
2026-10-24,2026,R,,san-diego-state,colorado-state,A,,,0,,,
2026-10-24,2026,R,,colorado-state,san-diego-state,H,,,0,,,
2026-10-24,2026,R,,san-jose-state,nevada,A,,,0,,,
2026-10-24,2026,R,,nevada,san-jose-state,H,,,0,,,
2026-10-24,2026,R,,southern-california,wisconsin,A,,,0,12.0,,
2026-10-24,2026,R,,wisconsin,southern-california,H,,,0,,12.0,
2026-10-24,2026,R,,syracuse,north-carolina,A,,,0,,,
2026-10-24,2026,R,,north-carolina,syracuse,H,,,0,,,
2026-10-24,2026,R,,tennessee,south-carolina,A,,,0,15.0,,
2026-10-24,2026,R,,south-carolina,tennessee,H,,,0,,15.0,
2026-10-24,2026,R,,texas-a-m,alabama,A,,,0,9.0,10.0,
2026-10-24,2026,R,,alabama,texas-a-m,H,,,0,10.0,9.0,
2026-10-24,2026,R,,texas-tech,cincinnati,A,,,0,13.0,,
2026-10-24,2026,R,,cincinnati,texas-tech,H,,,0,,13.0,
2026-10-24,2026,R,,texas-san-antonio,tulane,A,,,0,,,
2026-10-24,2026,R,,tulane,texas-san-antonio,H,,,0,,,
2026-10-24,2026,R,,utah-state,texas-state,A,,,0,,,
2026-10-24,2026,R,,texas-state,utah-state,H,,,0,,,
2026-10-24,2026,R,,vanderbilt,kentucky,A,,,0,,,
2026-10-24,2026,R,,kentucky,vanderbilt,H,,,0,,,
2026-10-24,2026,R,,virginia-tech,clemson,A,,,0,,,
2026-10-24,2026,R,,clemson,virginia-tech,H,,,0,,,
2026-10-24,2026,R,,west-virginia,texas-christian,A,,,0,,,
2026-10-24,2026,R,,texas-christian,west-virginia,H,,,0,,,
2026-10-24,2026,R,,western-michigan,toledo,A,,,0,,,
2026-10-24,2026,R,,toledo,western-michigan,H,,,0,,,
2026-10-27,2026,R,,delaware,western-kentucky,A,,,0,,,
2026-10-27,2026,R,,western-kentucky,delaware,H,,,0,,,
2026-10-27,2026,R,,sam-houston,missouri-state,A,,,0,,,
2026-10-27,2026,R,,missouri-state,sam-houston,H,,,0,,,
2026-10-28,2026,R,,jacksonville-state,new-mexico-state,A,,,0,,,
2026-10-28,2026,R,,new-mexico-state,jacksonville-state,H,,,0,,,
2026-10-28,2026,R,,kennesaw-state,middle-tennessee-state,A,,,0,,,
2026-10-28,2026,R,,middle-tennessee-state,kennesaw-state,H,,,0,,,
2026-10-29,2026,R,,florida-atlantic,north-texas,A,,,0,,,
2026-10-29,2026,R,,north-texas,florida-atlantic,H,,,0,,,
2026-10-29,2026,R,,troy,james-madison,A,,,0,,,
2026-10-29,2026,R,,james-madison,troy,H,,,0,,,
2026-10-30,2026,R,,baylor,central-florida,A,,,0,,,
2026-10-30,2026,R,,central-florida,baylor,H,,,0,,,
2026-10-30,2026,R,,kent-state,sacramento-state,A,,,0,,,
2026-10-30,2026,R,,sacramento-state,kent-state,H,,,0,,,
2026-10-30,2026,R,,tulane,charlotte,A,,,0,,,
2026-10-30,2026,R,,charlotte,tulane,H,,,0,,,
2026-10-31,2026,R,,alabama-birmingham,south-florida,A,,,0,,,
2026-10-31,2026,R,,south-florida,alabama-birmingham,H,,,0,,,
2026-10-31,2026,R,,appalachian-state,georgia-southern,A,,,0,,,
2026-10-31,2026,R,,georgia-southern,appalachian-state,H,,,0,,,
2026-10-31,2026,R,,arizona,texas-tech,A,,,0,,13.0,
2026-10-31,2026,R,,texas-tech,arizona,H,,,0,13.0,,
2026-10-31,2026,R,,arizona-state,brigham-young,A,,,0,,11.0,
2026-10-31,2026,R,,brigham-young,arizona-state,H,,,0,11.0,,
2026-10-31,2026,R,,army,memphis,A,,,0,,,
2026-10-31,2026,R,,memphis,army,H,,,0,,,
2026-10-31,2026,R,,auburn,mississippi,A,,,0,,8.0,
2026-10-31,2026,R,,mississippi,auburn,H,,,0,8.0,,
2026-10-31,2026,R,,boston-college,duke,A,,,0,,,
2026-10-31,2026,R,,duke,boston-college,H,,,0,,,
2026-10-31,2026,R,,bowling-green,western-michigan,A,,,0,,,
2026-10-31,2026,R,,western-michigan,bowling-green,H,,,0,,,
2026-10-31,2026,R,,california,north-carolina-state,A,,,0,,,
2026-10-31,2026,R,,north-carolina-state,california,H,,,0,,,
2026-10-31,2026,R,,clemson,florida-state,A,,,0,,,
2026-10-31,2026,R,,florida-state,clemson,H,,,0,,,
2026-10-31,2026,R,,coastal-carolina,georgia-state,A,,,0,,,
2026-10-31,2026,R,,georgia-state,coastal-carolina,H,,,0,,,
2026-10-31,2026,R,,colorado-state,utah-state,A,,,0,,,
2026-10-31,2026,R,,utah-state,colorado-state,H,,,0,,,
2026-10-31,2026,R,,connecticut,air-force,A,,,0,,,
2026-10-31,2026,R,,air-force,connecticut,H,,,0,,,
2026-10-31,2026,R,,florida,georgia,N,,,0,,2.0,
2026-10-31,2026,R,,georgia,florida,N,,,0,2.0,,
2026-10-31,2026,R,,florida-international,liberty,A,,,0,,,
2026-10-31,2026,R,,liberty,florida-international,H,,,0,,,
2026-10-31,2026,R,,georgia-tech,pittsburgh,A,,,0,,,
2026-10-31,2026,R,,pittsburgh,georgia-tech,H,,,0,,,
2026-10-31,2026,R,,illinois,maryland,A,,,0,,,
2026-10-31,2026,R,,maryland,illinois,H,,,0,,,
2026-10-31,2026,R,,kansas,texas-christian,A,,,0,,,
2026-10-31,2026,R,,texas-christian,kansas,H,,,0,,,
2026-10-31,2026,R,,kansas-state,colorado,A,,,0,,,
2026-10-31,2026,R,,colorado,kansas-state,H,,,0,,,
2026-10-31,2026,R,,louisiana-tech,south-alabama,A,,,0,,,
2026-10-31,2026,R,,south-alabama,louisiana-tech,H,,,0,,,
2026-10-31,2026,R,,marshall,old-dominion,A,,,0,,,
2026-10-31,2026,R,,old-dominion,marshall,H,,,0,,,
2026-10-31,2026,R,,miami-fl,north-carolina,A,,,0,5.0,,
2026-10-31,2026,R,,north-carolina,miami-fl,H,,,0,,5.0,
2026-10-31,2026,R,,michigan,rutgers,A,,,0,19.0,,
2026-10-31,2026,R,,rutgers,michigan,H,,,0,,19.0,
2026-10-31,2026,R,,minnesota,indiana,A,,,0,,4.0,
2026-10-31,2026,R,,indiana,minnesota,H,,,0,4.0,,
2026-10-31,2026,R,,mississippi-state,texas,A,,,0,,1.0,
2026-10-31,2026,R,,texas,mississippi-state,H,,,0,1.0,,
2026-10-31,2026,R,,missouri,arkansas,A,,,0,20.0,,
2026-10-31,2026,R,,arkansas,missouri,H,,,0,,20.0,
2026-10-31,2026,R,,nevada,ucla,A,,,0,,,
2026-10-31,2026,R,,ucla,nevada,H,,,0,,,
2026-10-31,2026,R,,new-mexico,san-jose-state,A,,,0,,,
2026-10-31,2026,R,,san-jose-state,new-mexico,H,,,0,,,
2026-10-31,2026,R,,northern-illinois,nevada-las-vegas,A,,,0,,,
2026-10-31,2026,R,,nevada-las-vegas,northern-illinois,H,,,0,,,
2026-10-31,2026,R,,northwestern,oregon,A,,,0,,21.0,
2026-10-31,2026,R,,oregon,northwestern,H,,,0,21.0,,
2026-10-31,2026,R,,notre-dame,navy,N,,,0,3.0,,
2026-10-31,2026,R,,navy,notre-dame,N,,,0,,3.0,
2026-10-31,2026,R,,ohio-state,southern-california,A,,,0,6.0,12.0,
2026-10-31,2026,R,,southern-california,ohio-state,H,,,0,12.0,6.0,
2026-10-31,2026,R,,oklahoma-state,iowa-state,A,,,0,,,
2026-10-31,2026,R,,iowa-state,oklahoma-state,H,,,0,,,
2026-10-31,2026,R,,oregon-state,fresno-state,A,,,0,,,
2026-10-31,2026,R,,fresno-state,oregon-state,H,,,0,,,
2026-10-31,2026,R,,purdue,penn-state,A,,,0,,14.0,
2026-10-31,2026,R,,penn-state,purdue,H,,,0,14.0,,
2026-10-31,2026,R,,south-carolina,oklahoma,A,,,0,,24.0,
2026-10-31,2026,R,,oklahoma,south-carolina,H,,,0,24.0,,
2026-10-31,2026,R,,southern-methodist,syracuse,A,,,0,16.0,,
2026-10-31,2026,R,,syracuse,southern-methodist,H,,,0,,16.0,
2026-10-31,2026,R,,southern-mississippi,louisiana-monroe,A,,,0,,,
2026-10-31,2026,R,,louisiana-monroe,southern-mississippi,H,,,0,,,
2026-10-31,2026,R,,stanford,louisville,A,,,0,,23.0,
2026-10-31,2026,R,,louisville,stanford,H,,,0,23.0,,
2026-10-31,2026,R,,temple,east-carolina,A,,,0,,,
2026-10-31,2026,R,,east-carolina,temple,H,,,0,,,
2026-10-31,2026,R,,texas-state,boise-state,A,,,0,,,
2026-10-31,2026,R,,boise-state,texas-state,H,,,0,,,
2026-10-31,2026,R,,texas-el-paso,north-dakota-state,A,,,0,,,
2026-10-31,2026,R,,north-dakota-state,texas-el-paso,H,,,0,,,
2026-10-31,2026,R,,utah,cincinnati,A,,,0,17.0,,
2026-10-31,2026,R,,cincinnati,utah,H,,,0,,17.0,
2026-10-31,2026,R,,virginia,wake-forest,A,,,0,25.0,,
2026-10-31,2026,R,,wake-forest,virginia,H,,,0,,25.0,
2026-10-31,2026,R,,washington,nebraska,A,,,0,,,
2026-10-31,2026,R,,nebraska,washington,H,,,0,,,
2026-10-31,2026,R,,washington-state,san-diego-state,A,,,0,,,
2026-10-31,2026,R,,san-diego-state,washington-state,H,,,0,,,
2026-10-31,2026,R,,wisconsin,iowa,A,,,0,,18.0,
2026-10-31,2026,R,,iowa,wisconsin,H,,,0,18.0,,
2026-11-02,2026,R,,south-carolina,maryland,N,,,0,,,
2026-11-02,2026,R,,maryland,south-carolina,N,,,0,,,
2026-11-03,2026,R,,buffalo,miami-oh,A,,,0,,,
2026-11-03,2026,R,,miami-oh,buffalo,H,,,0,,,
2026-11-03,2026,R,,ohio,akron,A,,,0,,,
2026-11-03,2026,R,,akron,ohio,H,,,0,,,
2026-11-04,2026,R,,ball-state,massachusetts,A,,,0,,,
2026-11-04,2026,R,,massachusetts,ball-state,H,,,0,,,
2026-11-04,2026,R,,central-michigan,eastern-michigan,N,,,0,,,
2026-11-04,2026,R,,eastern-michigan,central-michigan,N,,,0,,,
2026-11-04,2026,R,,toledo,sacramento-state,A,,,0,,,
2026-11-04,2026,R,,sacramento-state,toledo,H,,,0,,,
2026-11-05,2026,R,,james-madison,southern-mississippi,A,,,0,,,
2026-11-05,2026,R,,southern-mississippi,james-madison,H,,,0,,,
2026-11-05,2026,R,,texas-san-antonio,florida-atlantic,A,,,0,,,
2026-11-05,2026,R,,florida-atlantic,texas-san-antonio,H,,,0,,,
2026-11-06,2026,R,,nebraska,illinois,A,,,0,,,
2026-11-06,2026,R,,illinois,nebraska,H,,,0,,,
2026-11-06,2026,R,,new-mexico,nevada,A,,,0,,,
2026-11-06,2026,R,,nevada,new-mexico,H,,,0,,,
2026-11-06,2026,R,,south-florida,east-carolina,A,,,0,,,
2026-11-06,2026,R,,east-carolina,south-florida,H,,,0,,,
2026-11-06,2026,R,,texas-christian,arizona,A,,,0,,,
2026-11-06,2026,R,,arizona,texas-christian,H,,,0,,,
2026-11-06,2026,R,,virginia-tech,southern-methodist,A,,,0,,16.0,
2026-11-06,2026,R,,southern-methodist,virginia-tech,H,,,0,16.0,,
2026-11-07,2026,R,,air-force,army,A,,,0,,,
2026-11-07,2026,R,,army,air-force,H,,,0,,,
2026-11-07,2026,R,,alabama,louisiana-state,A,,,0,10.0,7.0,
2026-11-07,2026,R,,louisiana-state,alabama,H,,,0,7.0,10.0,
2026-11-07,2026,R,,arkansas,auburn,A,,,0,,,
2026-11-07,2026,R,,auburn,arkansas,H,,,0,,,
2026-11-07,2026,R,,boise-state,colorado-state,A,,,0,,,
2026-11-07,2026,R,,colorado-state,boise-state,H,,,0,,,
2026-11-07,2026,R,,brigham-young,utah,A,,,0,11.0,17.0,
2026-11-07,2026,R,,utah,brigham-young,H,,,0,17.0,11.0,
2026-11-07,2026,R,,central-florida,kansas,A,,,0,,,
2026-11-07,2026,R,,kansas,central-florida,H,,,0,,,
2026-11-07,2026,R,,charlotte,alabama-birmingham,A,,,0,,,
2026-11-07,2026,R,,alabama-birmingham,charlotte,H,,,0,,,
2026-11-07,2026,R,,cincinnati,houston,A,,,0,,22.0,
2026-11-07,2026,R,,houston,cincinnati,H,,,0,22.0,,
2026-11-07,2026,R,,clemson,syracuse,A,,,0,,,
2026-11-07,2026,R,,syracuse,clemson,H,,,0,,,
2026-11-07,2026,R,,colorado,arizona-state,A,,,0,,,
2026-11-07,2026,R,,arizona-state,colorado,H,,,0,,,
2026-11-07,2026,R,,delaware,kennesaw-state,A,,,0,,,
2026-11-07,2026,R,,kennesaw-state,delaware,H,,,0,,,
2026-11-07,2026,R,,duke,north-carolina-state,A,,,0,,,
2026-11-07,2026,R,,north-carolina-state,duke,H,,,0,,,
2026-11-07,2026,R,,florida-state,boston-college,A,,,0,,,
2026-11-07,2026,R,,boston-college,florida-state,H,,,0,,,
2026-11-07,2026,R,,fresno-state,utah-state,A,,,0,,,
2026-11-07,2026,R,,utah-state,fresno-state,H,,,0,,,
2026-11-07,2026,R,,georgia,mississippi,A,,,0,2.0,8.0,
2026-11-07,2026,R,,mississippi,georgia,H,,,0,8.0,2.0,
2026-11-07,2026,R,,georgia-state,appalachian-state,A,,,0,,,
2026-11-07,2026,R,,appalachian-state,georgia-state,H,,,0,,,
2026-11-07,2026,R,,hawaii,texas-el-paso,A,,,0,,,
2026-11-07,2026,R,,texas-el-paso,hawaii,H,,,0,,,
2026-11-07,2026,R,,iowa,northwestern,A,,,0,18.0,,
2026-11-07,2026,R,,northwestern,iowa,H,,,0,,18.0,
2026-11-07,2026,R,,iowa-state,baylor,A,,,0,,,
2026-11-07,2026,R,,baylor,iowa-state,H,,,0,,,
2026-11-07,2026,R,,kentucky,tennessee,A,,,0,,15.0,
2026-11-07,2026,R,,tennessee,kentucky,H,,,0,15.0,,
2026-11-07,2026,R,,liberty,new-mexico-state,A,,,0,,,
2026-11-07,2026,R,,new-mexico-state,liberty,H,,,0,,,
2026-11-07,2026,R,,louisiana-tech,troy,A,,,0,,,
2026-11-07,2026,R,,troy,louisiana-tech,H,,,0,,,
2026-11-07,2026,R,,louisiana-monroe,arkansas-state,A,,,0,,,
2026-11-07,2026,R,,arkansas-state,louisiana-monroe,H,,,0,,,
2026-11-07,2026,R,,louisville,georgia-tech,A,,,0,23.0,,
2026-11-07,2026,R,,georgia-tech,louisville,H,,,0,,23.0,
2026-11-07,2026,R,,marshall,georgia-southern,A,,,0,,,
2026-11-07,2026,R,,georgia-southern,marshall,H,,,0,,,
2026-11-07,2026,R,,maryland,purdue,A,,,0,,,
2026-11-07,2026,R,,purdue,maryland,H,,,0,,,
2026-11-07,2026,R,,merrimack,wake-forest,A,,,0,,,
2026-11-07,2026,R,,wake-forest,merrimack,H,,,0,,,
2026-11-07,2026,R,,miami-fl,notre-dame,A,,,0,5.0,3.0,
2026-11-07,2026,R,,notre-dame,miami-fl,H,,,0,3.0,5.0,
2026-11-07,2026,R,,michigan-state,michigan,A,,,0,,19.0,
2026-11-07,2026,R,,michigan,michigan-state,H,,,0,19.0,,
2026-11-07,2026,R,,missouri-state,florida-international,A,,,0,,,
2026-11-07,2026,R,,florida-international,missouri-state,H,,,0,,,
2026-11-07,2026,R,,north-carolina,connecticut,A,,,0,,,
2026-11-07,2026,R,,connecticut,north-carolina,H,,,0,,,
2026-11-07,2026,R,,northern-illinois,san-jose-state,A,,,0,,,
2026-11-07,2026,R,,san-jose-state,northern-illinois,H,,,0,,,
2026-11-07,2026,R,,oklahoma,florida,A,,,0,24.0,,
2026-11-07,2026,R,,florida,oklahoma,H,,,0,,24.0,
2026-11-07,2026,R,,oklahoma-state,kansas-state,A,,,0,,,
2026-11-07,2026,R,,kansas-state,oklahoma-state,H,,,0,,,
2026-11-07,2026,R,,old-dominion,coastal-carolina,A,,,0,,,
2026-11-07,2026,R,,coastal-carolina,old-dominion,H,,,0,,,
2026-11-07,2026,R,,oregon,ohio-state,A,,,0,21.0,6.0,
2026-11-07,2026,R,,ohio-state,oregon,H,,,0,6.0,21.0,
2026-11-07,2026,R,,penn-state,washington,A,,,0,14.0,,
2026-11-07,2026,R,,washington,penn-state,H,,,0,,14.0,
2026-11-07,2026,R,,rice,north-texas,A,,,0,,,
2026-11-07,2026,R,,north-texas,rice,H,,,0,,,
2026-11-07,2026,R,,rutgers,wisconsin,A,,,0,,,
2026-11-07,2026,R,,wisconsin,rutgers,H,,,0,,,
2026-11-07,2026,R,,sam-houston,jacksonville-state,A,,,0,,,
2026-11-07,2026,R,,jacksonville-state,sam-houston,H,,,0,,,
2026-11-07,2026,R,,south-alabama,louisiana,A,,,0,,,
2026-11-07,2026,R,,louisiana,south-alabama,H,,,0,,,
2026-11-07,2026,R,,temple,navy,A,,,0,,,
2026-11-07,2026,R,,navy,temple,H,,,0,,,
2026-11-07,2026,R,,texas,missouri,A,,,0,1.0,20.0,
2026-11-07,2026,R,,missouri,texas,H,,,0,20.0,1.0,
2026-11-07,2026,R,,texas-a-m,south-carolina,A,,,0,9.0,,
2026-11-07,2026,R,,south-carolina,texas-a-m,H,,,0,,9.0,
2026-11-07,2026,R,,texas-state,oregon-state,A,,,0,,,
2026-11-07,2026,R,,oregon-state,texas-state,H,,,0,,,
2026-11-07,2026,R,,tulsa,tulane,A,,,0,,,
2026-11-07,2026,R,,tulane,tulsa,H,,,0,,,
2026-11-07,2026,R,,ucla,minnesota,A,,,0,,,
2026-11-07,2026,R,,minnesota,ucla,H,,,0,,,
2026-11-07,2026,R,,vanderbilt,mississippi-state,A,,,0,,,
2026-11-07,2026,R,,mississippi-state,vanderbilt,H,,,0,,,
2026-11-07,2026,R,,west-virginia,texas-tech,A,,,0,,13.0,
2026-11-07,2026,R,,texas-tech,west-virginia,H,,,0,13.0,,
2026-11-07,2026,R,,western-kentucky,middle-tennessee-state,A,,,0,,,
2026-11-07,2026,R,,middle-tennessee-state,western-kentucky,H,,,0,,,
2026-11-07,2026,R,,wyoming,nevada-las-vegas,A,,,0,,,
2026-11-07,2026,R,,nevada-las-vegas,wyoming,H,,,0,,,
2026-11-10,2026,R,,kent-state,bowling-green,A,,,0,,,
2026-11-10,2026,R,,bowling-green,kent-state,H,,,0,,,
2026-11-10,2026,R,,ohio,miami-oh,A,,,0,,,
2026-11-10,2026,R,,miami-oh,ohio,H,,,0,,,
2026-11-10,2026,R,,western-michigan,akron,A,,,0,,,
2026-11-10,2026,R,,akron,western-michigan,H,,,0,,,
2026-11-11,2026,R,,buffalo,ball-state,A,,,0,,,
2026-11-11,2026,R,,ball-state,buffalo,H,,,0,,,
2026-11-11,2026,R,,massachusetts,toledo,A,,,0,,,
2026-11-11,2026,R,,toledo,massachusetts,H,,,0,,,
2026-11-11,2026,R,,sacramento-state,central-michigan,A,,,0,,,
2026-11-11,2026,R,,central-michigan,sacramento-state,H,,,0,,,
2026-11-12,2026,R,,louisiana,louisiana-monroe,A,,,0,,,
2026-11-12,2026,R,,louisiana-monroe,louisiana,H,,,0,,,
2026-11-12,2026,R,,memphis,south-florida,A,,,0,,,
2026-11-12,2026,R,,south-florida,memphis,H,,,0,,,
2026-11-13,2026,R,,florida-state,pittsburgh,A,,,0,,,
2026-11-13,2026,R,,pittsburgh,florida-state,H,,,0,,,
2026-11-13,2026,R,,houston,colorado,A,,,0,22.0,,
2026-11-13,2026,R,,colorado,houston,H,,,0,,22.0,
2026-11-13,2026,R,,illinois,ucla,A,,,0,,,
2026-11-13,2026,R,,ucla,illinois,H,,,0,,,
2026-11-14,2026,R,,alabama,vanderbilt,A,,,0,10.0,,
2026-11-14,2026,R,,vanderbilt,alabama,H,,,0,,10.0,
2026-11-14,2026,R,,alabama-birmingham,temple,A,,,0,,,
2026-11-14,2026,R,,temple,alabama-birmingham,H,,,0,,,
2026-11-14,2026,R,,appalachian-state,marshall,A,,,0,,,
2026-11-14,2026,R,,marshall,appalachian-state,H,,,0,,,
2026-11-14,2026,R,,arizona-state,central-florida,A,,,0,,,
2026-11-14,2026,R,,central-florida,arizona-state,H,,,0,,,
2026-11-14,2026,R,,arkansas-state,coastal-carolina,A,,,0,,,
2026-11-14,2026,R,,coastal-carolina,arkansas-state,H,,,0,,,
2026-11-14,2026,R,,auburn,mississippi-state,A,,,0,,,
2026-11-14,2026,R,,mississippi-state,auburn,H,,,0,,,
2026-11-14,2026,R,,baylor,brigham-young,A,,,0,,11.0,
2026-11-14,2026,R,,brigham-young,baylor,H,,,0,11.0,,
2026-11-14,2026,R,,boston-college,notre-dame,A,,,0,,3.0,
2026-11-14,2026,R,,notre-dame,boston-college,H,,,0,3.0,,
2026-11-14,2026,R,,california,virginia,A,,,0,,25.0,
2026-11-14,2026,R,,virginia,california,H,,,0,25.0,,
2026-11-14,2026,R,,cincinnati,iowa-state,A,,,0,,,
2026-11-14,2026,R,,iowa-state,cincinnati,H,,,0,,,
2026-11-14,2026,R,,colorado-state,washington-state,A,,,0,,,
2026-11-14,2026,R,,washington-state,colorado-state,H,,,0,,,
2026-11-14,2026,R,,duke,miami-fl,A,,,0,,5.0,
2026-11-14,2026,R,,miami-fl,duke,H,,,0,5.0,,
2026-11-14,2026,R,,east-carolina,charlotte,A,,,0,,,
2026-11-14,2026,R,,charlotte,east-carolina,H,,,0,,,
2026-11-14,2026,R,,florida,kentucky,A,,,0,,,
2026-11-14,2026,R,,kentucky,florida,H,,,0,,,
2026-11-14,2026,R,,florida-atlantic,tulsa,A,,,0,,,
2026-11-14,2026,R,,tulsa,florida-atlantic,H,,,0,,,
2026-11-14,2026,R,,florida-international,delaware,A,,,0,,,
2026-11-14,2026,R,,delaware,florida-international,H,,,0,,,
2026-11-14,2026,R,,fresno-state,texas-state,A,,,0,,,
2026-11-14,2026,R,,texas-state,fresno-state,H,,,0,,,
2026-11-14,2026,R,,georgia-southern,georgia-state,A,,,0,,,
2026-11-14,2026,R,,georgia-state,georgia-southern,H,,,0,,,
2026-11-14,2026,R,,georgia-tech,clemson,A,,,0,,,
2026-11-14,2026,R,,clemson,georgia-tech,H,,,0,,,
2026-11-14,2026,R,,jacksonville-state,western-kentucky,A,,,0,,,
2026-11-14,2026,R,,western-kentucky,jacksonville-state,H,,,0,,,
2026-11-14,2026,R,,james-madison,connecticut,A,,,0,,,
2026-11-14,2026,R,,connecticut,james-madison,H,,,0,,,
2026-11-14,2026,R,,kansas,west-virginia,A,,,0,,,
2026-11-14,2026,R,,west-virginia,kansas,H,,,0,,,
2026-11-14,2026,R,,kansas-state,texas-christian,A,,,0,,,
2026-11-14,2026,R,,texas-christian,kansas-state,H,,,0,,,
2026-11-14,2026,R,,kennesaw-state,sam-houston,A,,,0,,,
2026-11-14,2026,R,,sam-houston,kennesaw-state,H,,,0,,,
2026-11-14,2026,R,,louisville,north-carolina,A,,,0,23.0,,
2026-11-14,2026,R,,north-carolina,louisville,H,,,0,,23.0,
2026-11-14,2026,R,,michigan,oregon,A,,,0,19.0,21.0,
2026-11-14,2026,R,,oregon,michigan,H,,,0,21.0,19.0,
2026-11-14,2026,R,,middle-tennessee-state,liberty,A,,,0,,,
2026-11-14,2026,R,,liberty,middle-tennessee-state,H,,,0,,,
2026-11-14,2026,R,,minnesota,penn-state,A,,,0,,14.0,
2026-11-14,2026,R,,penn-state,minnesota,H,,,0,14.0,,
2026-11-14,2026,R,,mississippi,oklahoma,A,,,0,8.0,24.0,
2026-11-14,2026,R,,oklahoma,mississippi,H,,,0,24.0,8.0,
2026-11-14,2026,R,,missouri,georgia,A,,,0,20.0,2.0,
2026-11-14,2026,R,,georgia,missouri,H,,,0,2.0,20.0,
2026-11-14,2026,R,,nebraska,rutgers,A,,,0,,,
2026-11-14,2026,R,,rutgers,nebraska,H,,,0,,,
2026-11-14,2026,R,,nevada,northern-illinois,A,,,0,,,
2026-11-14,2026,R,,northern-illinois,nevada,H,,,0,,,
2026-11-14,2026,R,,nevada-las-vegas,new-mexico,A,,,0,,,
2026-11-14,2026,R,,new-mexico,nevada-las-vegas,H,,,0,,,
2026-11-14,2026,R,,new-mexico-state,missouri-state,A,,,0,,,
2026-11-14,2026,R,,missouri-state,new-mexico-state,H,,,0,,,
2026-11-14,2026,R,,north-dakota-state,hawaii,A,,,0,,,
2026-11-14,2026,R,,hawaii,north-dakota-state,H,,,0,,,
2026-11-14,2026,R,,north-texas,texas-san-antonio,A,,,0,,,
2026-11-14,2026,R,,texas-san-antonio,north-texas,H,,,0,,,
2026-11-14,2026,R,,northwestern,ohio-state,A,,,0,,6.0,
2026-11-14,2026,R,,ohio-state,northwestern,H,,,0,6.0,,
2026-11-14,2026,R,,oregon-state,boise-state,A,,,0,,,
2026-11-14,2026,R,,boise-state,oregon-state,H,,,0,,,
2026-11-14,2026,R,,purdue,iowa,A,,,0,,18.0,
2026-11-14,2026,R,,iowa,purdue,H,,,0,18.0,,
2026-11-14,2026,R,,san-jose-state,air-force,A,,,0,,,
2026-11-14,2026,R,,air-force,san-jose-state,H,,,0,,,
2026-11-14,2026,R,,south-carolina,arkansas,A,,,0,,,
2026-11-14,2026,R,,arkansas,south-carolina,H,,,0,,,
2026-11-14,2026,R,,southern-california,indiana,A,,,0,12.0,4.0,
2026-11-14,2026,R,,indiana,southern-california,H,,,0,4.0,12.0,
2026-11-14,2026,R,,southern-mississippi,louisiana-tech,A,,,0,,,
2026-11-14,2026,R,,louisiana-tech,southern-mississippi,H,,,0,,,
2026-11-14,2026,R,,stanford,virginia-tech,A,,,0,,,
2026-11-14,2026,R,,virginia-tech,stanford,H,,,0,,,
2026-11-14,2026,R,,syracuse,north-carolina-state,A,,,0,,,
2026-11-14,2026,R,,north-carolina-state,syracuse,H,,,0,,,
2026-11-14,2026,R,,tennessee,texas-a-m,A,,,0,15.0,9.0,
2026-11-14,2026,R,,texas-a-m,tennessee,H,,,0,9.0,15.0,
2026-11-14,2026,R,,texas,louisiana-state,A,,,0,1.0,7.0,
2026-11-14,2026,R,,louisiana-state,texas,H,,,0,7.0,1.0,
2026-11-14,2026,R,,texas-tech,oklahoma-state,A,,,0,13.0,,
2026-11-14,2026,R,,oklahoma-state,texas-tech,H,,,0,,13.0,
2026-11-14,2026,R,,troy,south-alabama,A,,,0,,,
2026-11-14,2026,R,,south-alabama,troy,H,,,0,,,
2026-11-14,2026,R,,tulane,rice,A,,,0,,,
2026-11-14,2026,R,,rice,tulane,H,,,0,,,
2026-11-14,2026,R,,utah,arizona,A,,,0,17.0,,
2026-11-14,2026,R,,arizona,utah,H,,,0,,17.0,
2026-11-14,2026,R,,utah-state,san-diego-state,A,,,0,,,
2026-11-14,2026,R,,san-diego-state,utah-state,H,,,0,,,
2026-11-14,2026,R,,wake-forest,southern-methodist,A,,,0,,16.0,
2026-11-14,2026,R,,southern-methodist,wake-forest,H,,,0,16.0,,
2026-11-14,2026,R,,washington,michigan-state,A,,,0,,,
2026-11-14,2026,R,,michigan-state,washington,H,,,0,,,
2026-11-14,2026,R,,wisconsin,maryland,A,,,0,,,
2026-11-14,2026,R,,maryland,wisconsin,H,,,0,,,
2026-11-14,2026,R,,wyoming,texas-el-paso,A,,,0,,,
2026-11-14,2026,R,,texas-el-paso,wyoming,H,,,0,,,
2026-11-15,2026,R,,southern-california,south-carolina,N,,,0,12.0,,
2026-11-15,2026,R,,south-carolina,southern-california,N,,,0,,12.0,
2026-11-17,2026,R,,ball-state,ohio,A,,,0,,,
2026-11-17,2026,R,,ohio,ball-state,H,,,0,,,
2026-11-17,2026,R,,eastern-michigan,western-michigan,A,,,0,,,
2026-11-17,2026,R,,western-michigan,eastern-michigan,H,,,0,,,
2026-11-17,2026,R,,miami-oh,kent-state,A,,,0,,,
2026-11-17,2026,R,,kent-state,miami-oh,H,,,0,,,
2026-11-18,2026,R,,akron,massachusetts,A,,,0,,,
2026-11-18,2026,R,,massachusetts,akron,H,,,0,,,
2026-11-18,2026,R,,central-michigan,buffalo,A,,,0,,,
2026-11-18,2026,R,,buffalo,central-michigan,H,,,0,,,
2026-11-19,2026,R,,rice,temple,A,,,0,,,
2026-11-19,2026,R,,temple,rice,H,,,0,,,
2026-11-20,2026,R,,bowling-green,toledo,A,,,0,,,
2026-11-20,2026,R,,toledo,bowling-green,H,,,0,,,
2026-11-20,2026,R,,clemson,duke,A,,,0,,,
2026-11-20,2026,R,,duke,clemson,H,,,0,,,
2026-11-20,2026,R,,iowa-state,central-florida,A,,,0,,,
2026-11-20,2026,R,,central-florida,iowa-state,H,,,0,,,
2026-11-20,2026,R,,new-mexico,wyoming,A,,,0,,,
2026-11-20,2026,R,,wyoming,new-mexico,H,,,0,,,
2026-11-20,2026,R,,oregon,michigan-state,A,,,0,21.0,,
2026-11-20,2026,R,,michigan-state,oregon,H,,,0,,21.0,
2026-11-20,2026,R,,texas-el-paso,air-force,A,,,0,,,
2026-11-20,2026,R,,air-force,texas-el-paso,H,,,0,,,
2026-11-21,2026,R,,arizona,kansas-state,A,,,0,,,
2026-11-21,2026,R,,kansas-state,arizona,H,,,0,,,
2026-11-21,2026,R,,arkansas,texas,A,,,0,,1.0,
2026-11-21,2026,R,,texas,arkansas,H,,,0,1.0,,
2026-11-21,2026,R,,arkansas-state,louisiana-tech,A,,,0,,,
2026-11-21,2026,R,,louisiana-tech,arkansas-state,H,,,0,,,
2026-11-21,2026,R,,brigham-young,kansas,A,,,0,11.0,,
2026-11-21,2026,R,,kansas,brigham-young,H,,,0,,11.0,
2026-11-21,2026,R,,charlotte,tulsa,A,,,0,,,
2026-11-21,2026,R,,tulsa,charlotte,H,,,0,,,
2026-11-21,2026,R,,chattanooga,alabama,A,,,0,,10.0,
2026-11-21,2026,R,,alabama,chattanooga,H,,,0,10.0,,
2026-11-21,2026,R,,coastal-carolina,louisiana,A,,,0,,,
2026-11-21,2026,R,,louisiana,coastal-carolina,H,,,0,,,
2026-11-21,2026,R,,colorado,cincinnati,A,,,0,,,
2026-11-21,2026,R,,cincinnati,colorado,H,,,0,,,
2026-11-21,2026,R,,colorado-state,fresno-state,A,,,0,,,
2026-11-21,2026,R,,fresno-state,colorado-state,H,,,0,,,
2026-11-21,2026,R,,delaware,new-mexico-state,A,,,0,,,
2026-11-21,2026,R,,new-mexico-state,delaware,H,,,0,,,
2026-11-21,2026,R,,east-carolina,army,A,,,0,,,
2026-11-21,2026,R,,army,east-carolina,H,,,0,,,
2026-11-21,2026,R,,florida-international,kennesaw-state,A,,,0,,,
2026-11-21,2026,R,,kennesaw-state,florida-international,H,,,0,,,
2026-11-21,2026,R,,georgia,south-carolina,A,,,0,2.0,,
2026-11-21,2026,R,,south-carolina,georgia,H,,,0,,2.0,
2026-11-21,2026,R,,georgia-southern,troy,A,,,0,,,
2026-11-21,2026,R,,troy,georgia-southern,H,,,0,,,
2026-11-21,2026,R,,georgia-state,marshall,A,,,0,,,
2026-11-21,2026,R,,marshall,georgia-state,H,,,0,,,
2026-11-21,2026,R,,hawaii,nevada,A,,,0,,,
2026-11-21,2026,R,,nevada,hawaii,H,,,0,,,
2026-11-21,2026,R,,houston,west-virginia,A,,,0,22.0,,
2026-11-21,2026,R,,west-virginia,houston,H,,,0,,22.0,
2026-11-21,2026,R,,indiana,washington,A,,,0,4.0,,
2026-11-21,2026,R,,washington,indiana,H,,,0,,4.0,
2026-11-21,2026,R,,iowa,illinois,A,,,0,18.0,,
2026-11-21,2026,R,,illinois,iowa,H,,,0,,18.0,
2026-11-21,2026,R,,kentucky,missouri,A,,,0,,20.0,
2026-11-21,2026,R,,missouri,kentucky,H,,,0,20.0,,
2026-11-21,2026,R,,louisiana-state,tennessee,A,,,0,7.0,15.0,
2026-11-21,2026,R,,tennessee,louisiana-state,H,,,0,15.0,7.0,
2026-11-21,2026,R,,louisiana-monroe,appalachian-state,A,,,0,,,
2026-11-21,2026,R,,appalachian-state,louisiana-monroe,H,,,0,,,
2026-11-21,2026,R,,maryland,southern-california,A,,,0,,12.0,
2026-11-21,2026,R,,southern-california,maryland,H,,,0,12.0,,
2026-11-21,2026,R,,memphis,navy,A,,,0,,,
2026-11-21,2026,R,,navy,memphis,H,,,0,,,
2026-11-21,2026,R,,middle-tennessee-state,sam-houston,A,,,0,,,
2026-11-21,2026,R,,sam-houston,middle-tennessee-state,H,,,0,,,
2026-11-21,2026,R,,missouri-state,jacksonville-state,A,,,0,,,
2026-11-21,2026,R,,jacksonville-state,missouri-state,H,,,0,,,
2026-11-21,2026,R,,nevada-las-vegas,san-jose-state,A,,,0,,,
2026-11-21,2026,R,,san-jose-state,nevada-las-vegas,H,,,0,,,
2026-11-21,2026,R,,north-carolina,virginia,A,,,0,,25.0,
2026-11-21,2026,R,,virginia,north-carolina,H,,,0,25.0,,
2026-11-21,2026,R,,north-carolina-state,florida-state,A,,,0,,,
2026-11-21,2026,R,,florida-state,north-carolina-state,H,,,0,,,
2026-11-21,2026,R,,north-texas,tulane,A,,,0,,,
2026-11-21,2026,R,,tulane,north-texas,H,,,0,,,
2026-11-21,2026,R,,northern-illinois,north-dakota-state,A,,,0,,,
2026-11-21,2026,R,,north-dakota-state,northern-illinois,H,,,0,,,
2026-11-21,2026,R,,northwestern,minnesota,A,,,0,,,
2026-11-21,2026,R,,minnesota,northwestern,H,,,0,,,
2026-11-21,2026,R,,ohio-state,nebraska,A,,,0,6.0,,
2026-11-21,2026,R,,nebraska,ohio-state,H,,,0,,6.0,
2026-11-21,2026,R,,oklahoma-state,arizona-state,A,,,0,,,
2026-11-21,2026,R,,arizona-state,oklahoma-state,H,,,0,,,
2026-11-21,2026,R,,old-dominion,connecticut,A,,,0,,,
2026-11-21,2026,R,,connecticut,old-dominion,H,,,0,,,
2026-11-21,2026,R,,pittsburgh,louisville,A,,,0,,23.0,
2026-11-21,2026,R,,louisville,pittsburgh,H,,,0,23.0,,
2026-11-21,2026,R,,rutgers,penn-state,A,,,0,,14.0,
2026-11-21,2026,R,,penn-state,rutgers,H,,,0,14.0,,
2026-11-21,2026,R,,samford,auburn,A,,,0,,,
2026-11-21,2026,R,,auburn,samford,H,,,0,,,
2026-11-21,2026,R,,san-diego-state,boise-state,A,,,0,,,
2026-11-21,2026,R,,boise-state,san-diego-state,H,,,0,,,
2026-11-21,2026,R,,south-alabama,southern-mississippi,A,,,0,,,
2026-11-21,2026,R,,southern-mississippi,south-alabama,H,,,0,,,
2026-11-21,2026,R,,south-florida,florida-atlantic,A,,,0,,,
2026-11-21,2026,R,,florida-atlantic,south-florida,H,,,0,,,
2026-11-21,2026,R,,southern-methodist,notre-dame,A,,,0,16.0,3.0,
2026-11-21,2026,R,,notre-dame,southern-methodist,H,,,0,3.0,16.0,
2026-11-21,2026,R,,stanford,california,A,,,0,,,
2026-11-21,2026,R,,california,stanford,H,,,0,,,
2026-11-21,2026,R,,syracuse,boston-college,A,,,0,,,
2026-11-21,2026,R,,boston-college,syracuse,H,,,0,,,
2026-11-21,2026,R,,tennessee-tech,mississippi-state,A,,,0,,,
2026-11-21,2026,R,,mississippi-state,tennessee-tech,H,,,0,,,
2026-11-21,2026,R,,texas-a-m,oklahoma,A,,,0,9.0,24.0,
2026-11-21,2026,R,,oklahoma,texas-a-m,H,,,0,24.0,9.0,
2026-11-21,2026,R,,texas-tech,baylor,A,,,0,13.0,,
2026-11-21,2026,R,,baylor,texas-tech,H,,,0,,13.0,
2026-11-21,2026,R,,texas-san-antonio,alabama-birmingham,A,,,0,,,
2026-11-21,2026,R,,alabama-birmingham,texas-san-antonio,H,,,0,,,
2026-11-21,2026,R,,ucla,michigan,A,,,0,,19.0,
2026-11-21,2026,R,,michigan,ucla,H,,,0,19.0,,
2026-11-21,2026,R,,utah,texas-christian,A,,,0,17.0,,
2026-11-21,2026,R,,texas-christian,utah,H,,,0,,17.0,
2026-11-21,2026,R,,utah-state,oregon-state,A,,,0,,,
2026-11-21,2026,R,,oregon-state,utah-state,H,,,0,,,
2026-11-21,2026,R,,vanderbilt,florida,A,,,0,,,
2026-11-21,2026,R,,florida,vanderbilt,H,,,0,,,
2026-11-21,2026,R,,virginia-tech,miami-fl,A,,,0,,5.0,
2026-11-21,2026,R,,miami-fl,virginia-tech,H,,,0,5.0,,
2026-11-21,2026,R,,wake-forest,georgia-tech,A,,,0,,,
2026-11-21,2026,R,,georgia-tech,wake-forest,H,,,0,,,
2026-11-21,2026,R,,washington-state,texas-state,A,,,0,,,
2026-11-21,2026,R,,texas-state,washington-state,H,,,0,,,
2026-11-21,2026,R,,western-kentucky,liberty,A,,,0,,,
2026-11-21,2026,R,,liberty,western-kentucky,H,,,0,,,
2026-11-21,2026,R,,wisconsin,purdue,A,,,0,,,
2026-11-21,2026,R,,purdue,wisconsin,H,,,0,,,
2026-11-21,2026,R,,wofford,mississippi,A,,,0,,8.0,
2026-11-21,2026,R,,mississippi,wofford,H,,,0,8.0,,
2026-11-24,2026,R,,kent-state,eastern-michigan,A,,,0,,,
2026-11-24,2026,R,,eastern-michigan,kent-state,H,,,0,,,
2026-11-24,2026,R,,miami-oh,western-michigan,A,,,0,,,
2026-11-24,2026,R,,western-michigan,miami-oh,H,,,0,,,
2026-11-26,2026,R,,texas-christian,texas-tech,A,,,0,,13.0,
2026-11-26,2026,R,,texas-tech,texas-christian,H,,,0,13.0,,
2026-11-27,2026,R,,air-force,new-mexico,A,,,0,,,
2026-11-27,2026,R,,new-mexico,air-force,H,,,0,,,
2026-11-27,2026,R,,appalachian-state,south-alabama,A,,,0,,,
2026-11-27,2026,R,,south-alabama,appalachian-state,H,,,0,,,
2026-11-27,2026,R,,buffalo,akron,A,,,0,,,
2026-11-27,2026,R,,akron,buffalo,H,,,0,,,
2026-11-27,2026,R,,florida,florida-state,A,,,0,,,
2026-11-27,2026,R,,florida-state,florida,H,,,0,,,
2026-11-27,2026,R,,minnesota,wisconsin,A,,,0,,,
2026-11-27,2026,R,,wisconsin,minnesota,H,,,0,,,
2026-11-27,2026,R,,mississippi-state,mississippi,A,,,0,,8.0,
2026-11-27,2026,R,,mississippi,mississippi-state,H,,,0,8.0,,
2026-11-27,2026,R,,nebraska,iowa,A,,,0,,18.0,
2026-11-27,2026,R,,iowa,nebraska,H,,,0,18.0,,
2026-11-27,2026,R,,north-dakota-state,san-jose-state,A,,,0,,,
2026-11-27,2026,R,,san-jose-state,north-dakota-state,H,,,0,,,
2026-11-27,2026,R,,temple,memphis,A,,,0,,,
2026-11-27,2026,R,,memphis,temple,H,,,0,,,
2026-11-27,2026,R,,texas,texas-a-m,A,,,0,1.0,9.0,
2026-11-27,2026,R,,texas-a-m,texas,H,,,0,9.0,1.0,
2026-11-27,2026,R,,toledo,ohio,A,,,0,,,
2026-11-27,2026,R,,ohio,toledo,H,,,0,,,
2026-11-27,2026,R,,tulane,south-florida,A,,,0,,,
2026-11-27,2026,R,,south-florida,tulane,H,,,0,,,
2026-11-27,2026,R,,tulsa,texas-san-antonio,A,,,0,,,
2026-11-27,2026,R,,texas-san-antonio,tulsa,H,,,0,,,
2026-11-27,2026,R,,west-virginia,utah,A,,,0,,17.0,
2026-11-27,2026,R,,utah,west-virginia,H,,,0,17.0,,
2026-11-28,2026,R,,alabama-birmingham,north-texas,A,,,0,,,
2026-11-28,2026,R,,north-texas,alabama-birmingham,H,,,0,,,
2026-11-28,2026,R,,arizona-state,arizona,A,,,0,,,
2026-11-28,2026,R,,arizona,arizona-state,H,,,0,,,
2026-11-28,2026,R,,army,rice,A,,,0,,,
2026-11-28,2026,R,,rice,army,H,,,0,,,
2026-11-28,2026,R,,auburn,alabama,A,,,0,,10.0,
2026-11-28,2026,R,,alabama,auburn,H,,,0,10.0,,
2026-11-28,2026,R,,baylor,houston,A,,,0,,22.0,
2026-11-28,2026,R,,houston,baylor,H,,,0,22.0,,
2026-11-28,2026,R,,boston-college,miami-fl,A,,,0,,5.0,
2026-11-28,2026,R,,miami-fl,boston-college,H,,,0,5.0,,
2026-11-28,2026,R,,central-florida,colorado,A,,,0,,,
2026-11-28,2026,R,,colorado,central-florida,H,,,0,,,
2026-11-28,2026,R,,central-michigan,ball-state,A,,,0,,,
2026-11-28,2026,R,,ball-state,central-michigan,H,,,0,,,
2026-11-28,2026,R,,cincinnati,brigham-young,A,,,0,,11.0,
2026-11-28,2026,R,,brigham-young,cincinnati,H,,,0,11.0,,
2026-11-28,2026,R,,coastal-carolina,james-madison,A,,,0,,,
2026-11-28,2026,R,,james-madison,coastal-carolina,H,,,0,,,
2026-11-28,2026,R,,connecticut,wyoming,A,,,0,,,
2026-11-28,2026,R,,wyoming,connecticut,H,,,0,,,
2026-11-28,2026,R,,duke,wake-forest,A,,,0,,,
2026-11-28,2026,R,,wake-forest,duke,H,,,0,,,
2026-11-28,2026,R,,florida-atlantic,east-carolina,A,,,0,,,
2026-11-28,2026,R,,east-carolina,florida-atlantic,H,,,0,,,
2026-11-28,2026,R,,georgia-tech,georgia,A,,,0,,2.0,
2026-11-28,2026,R,,georgia,georgia-tech,H,,,0,2.0,,
2026-11-28,2026,R,,illinois,northwestern,A,,,0,,,
2026-11-28,2026,R,,northwestern,illinois,H,,,0,,,
2026-11-28,2026,R,,jacksonville-state,delaware,A,,,0,,,
2026-11-28,2026,R,,delaware,jacksonville-state,H,,,0,,,
2026-11-28,2026,R,,kansas,oklahoma-state,A,,,0,,,
2026-11-28,2026,R,,oklahoma-state,kansas,H,,,0,,,
2026-11-28,2026,R,,kansas-state,iowa-state,A,,,0,,,
2026-11-28,2026,R,,iowa-state,kansas-state,H,,,0,,,
2026-11-28,2026,R,,kennesaw-state,western-kentucky,A,,,0,,,
2026-11-28,2026,R,,western-kentucky,kennesaw-state,H,,,0,,,
2026-11-28,2026,R,,liberty,missouri-state,A,,,0,,,
2026-11-28,2026,R,,missouri-state,liberty,H,,,0,,,
2026-11-28,2026,R,,louisiana,georgia-state,A,,,0,,,
2026-11-28,2026,R,,georgia-state,louisiana,H,,,0,,,
2026-11-28,2026,R,,louisiana-state,arkansas,A,,,0,7.0,,
2026-11-28,2026,R,,arkansas,louisiana-state,H,,,0,,7.0,
2026-11-28,2026,R,,louisiana-tech,georgia-southern,A,,,0,,,
2026-11-28,2026,R,,georgia-southern,louisiana-tech,H,,,0,,,
2026-11-28,2026,R,,louisville,kentucky,A,,,0,23.0,,
2026-11-28,2026,R,,kentucky,louisville,H,,,0,,23.0,
2026-11-28,2026,R,,marshall,louisiana-monroe,A,,,0,,,
2026-11-28,2026,R,,louisiana-monroe,marshall,H,,,0,,,
2026-11-28,2026,R,,massachusetts,bowling-green,A,,,0,,,
2026-11-28,2026,R,,bowling-green,massachusetts,H,,,0,,,
2026-11-28,2026,R,,michigan,ohio-state,A,,,0,19.0,6.0,
2026-11-28,2026,R,,ohio-state,michigan,H,,,0,6.0,19.0,
2026-11-28,2026,R,,michigan-state,rutgers,A,,,0,,,
2026-11-28,2026,R,,rutgers,michigan-state,H,,,0,,,
2026-11-28,2026,R,,navy,charlotte,A,,,0,,,
2026-11-28,2026,R,,charlotte,navy,H,,,0,,,
2026-11-28,2026,R,,nevada,nevada-las-vegas,A,,,0,,,
2026-11-28,2026,R,,nevada-las-vegas,nevada,H,,,0,,,
2026-11-28,2026,R,,new-mexico-state,middle-tennessee-state,A,,,0,,,
2026-11-28,2026,R,,middle-tennessee-state,new-mexico-state,H,,,0,,,
2026-11-28,2026,R,,north-carolina-state,north-carolina,A,,,0,,,
2026-11-28,2026,R,,north-carolina,north-carolina-state,H,,,0,,,
2026-11-28,2026,R,,notre-dame,syracuse,A,,,0,3.0,,
2026-11-28,2026,R,,syracuse,notre-dame,H,,,0,,3.0,
2026-11-28,2026,R,,oklahoma,missouri,A,,,0,24.0,20.0,
2026-11-28,2026,R,,missouri,oklahoma,H,,,0,20.0,24.0,
2026-11-28,2026,R,,penn-state,maryland,A,,,0,14.0,,
2026-11-28,2026,R,,maryland,penn-state,H,,,0,,14.0,
2026-11-28,2026,R,,pittsburgh,california,A,,,0,,,
2026-11-28,2026,R,,california,pittsburgh,H,,,0,,,
2026-11-28,2026,R,,purdue,indiana,A,,,0,,4.0,
2026-11-28,2026,R,,indiana,purdue,H,,,0,4.0,,
2026-11-28,2026,R,,sacramento-state,hawaii,A,,,0,,,
2026-11-28,2026,R,,hawaii,sacramento-state,H,,,0,,,
2026-11-28,2026,R,,sam-houston,florida-international,A,,,0,,,
2026-11-28,2026,R,,florida-international,sam-houston,H,,,0,,,
2026-11-28,2026,R,,south-carolina,clemson,A,,,0,,,
2026-11-28,2026,R,,clemson,south-carolina,H,,,0,,,
2026-11-28,2026,R,,southern-california,ucla,A,,,0,12.0,,
2026-11-28,2026,R,,ucla,southern-california,H,,,0,,12.0,
2026-11-28,2026,R,,southern-methodist,stanford,A,,,0,16.0,,
2026-11-28,2026,R,,stanford,southern-methodist,H,,,0,,16.0,
2026-11-28,2026,R,,southern-mississippi,old-dominion,A,,,0,,,
2026-11-28,2026,R,,old-dominion,southern-mississippi,H,,,0,,,
2026-11-28,2026,R,,tennessee,vanderbilt,A,,,0,15.0,,
2026-11-28,2026,R,,vanderbilt,tennessee,H,,,0,,15.0,
2026-11-28,2026,R,,texas-el-paso,northern-illinois,A,,,0,,,
2026-11-28,2026,R,,northern-illinois,texas-el-paso,H,,,0,,,
2026-11-28,2026,R,,troy,arkansas-state,A,,,0,,,
2026-11-28,2026,R,,arkansas-state,troy,H,,,0,,,
2026-11-28,2026,R,,virginia,virginia-tech,A,,,0,25.0,,
2026-11-28,2026,R,,virginia-tech,virginia,H,,,0,,25.0,
2026-11-28,2026,R,,washington,oregon,A,,,0,,21.0,
2026-11-28,2026,R,,oregon,washington,H,,,0,21.0,,
2026-12-12,2026,R,,navy,army,N,,,0,,,
2026-12-12,2026,R,,army,navy,N,,,0,,,
