date,season,type,round,home_team,away_team,home_pts,away_pts,expected_win,result,accuracy,brier,log_loss
1997-06-21,1997,R,,CLE,HOU,56,76,0.6186,0.0,0,0.3826,0.9639
1997-06-21,1997,R,,LAS,NYL,57,67,0.6186,0.0,0,0.3826,0.9639
1997-06-21,1997,R,,UTA,SAC,60,70,0.6186,0.0,0,0.3826,0.9639
1997-06-22,1997,R,,PHX,CHA,76,59,0.6186,1.0,1,0.1455,0.4803
1997-06-23,1997,R,,SAC,NYL,62,73,0.6186,0.0,0,0.3826,0.9639
1997-06-23,1997,R,,UTA,LAS,102,89,0.6186,1.0,1,0.1455,0.4803
1997-06-24,1997,R,,HOU,PHX,70,55,0.6517,1.0,1,0.1213,0.4282
1997-06-25,1997,R,,LAS,CHA,74,54,0.5774,1.0,1,0.1786,0.5492
1997-06-26,1997,R,,CLE,UTA,74,63,0.6403,1.0,1,0.1294,0.4458
1997-06-26,1997,R,,HOU,NYL,60,62,0.5963,0.0,0,0.3556,0.9071
1997-06-26,1997,R,,SAC,CHA,78,70,0.6925,1.0,1,0.0945,0.3674
1997-06-27,1997,R,,LAS,SAC,93,73,0.616,1.0,1,0.1474,0.4845
1997-06-28,1997,R,,CLE,PHX,63,68,0.5555,0.0,0,0.3086,0.8108
1997-06-28,1997,R,,UTA,HOU,58,76,0.5685,0.0,0,0.3232,0.8406
1997-06-29,1997,R,,CHA,CLE,67,44,0.6476,1.0,1,0.1242,0.4345
1997-06-29,1997,R,,NYL,PHX,65,57,0.6948,1.0,1,0.0932,0.3641
1997-06-30,1997,R,,HOU,LAS,71,66,0.6491,1.0,1,0.1231,0.4321
1997-07-02,1997,R,,NYL,HOU,72,67,0.6405,1.0,1,0.1293,0.4456
1997-07-02,1997,R,,SAC,UTA,68,73,0.6722,0.0,0,0.4518,1.1153
1997-07-03,1997,R,,CLE,LAS,62,74,0.6003,0.0,0,0.3603,0.917
1997-07-03,1997,R,,UTA,PHX,55,77,0.5383,0.0,0,0.2897,0.7728
1997-07-04,1997,R,,HOU,NYL,58,65,0.5995,0.0,0,0.3594,0.915
1997-07-05,1997,R,,CHA,LAS,78,66,0.621,1.0,1,0.1436,0.4764
1997-07-05,1997,R,,UTA,NYL,53,66,0.4956,0.0,1,0.2456,0.6844
1997-07-06,1997,R,,SAC,CLE,70,67,0.6815,1.0,1,0.1015,0.3835
1997-07-07,1997,R,,HOU,CHA,74,56,0.6869,1.0,1,0.098,0.3755
1997-07-07,1997,R,,LAS,CLE,70,81,0.7099,0.0,0,0.504,1.2375
1997-07-07,1997,R,,PHX,NYL,69,50,0.5888,1.0,1,0.1691,0.5297
1997-07-07,1997,R,,UTA,SAC,69,79,0.5886,0.0,0,0.3465,0.8882
1997-07-09,1997,R,,CHA,NYL,87,69,0.499,1.0,0,0.251,0.6951
1997-07-09,1997,R,,PHX,HOU,69,64,0.6196,1.0,1,0.1447,0.4787
1997-07-10,1997,R,,CLE,SAC,77,61,0.5642,1.0,1,0.1899,0.5724
1997-07-10,1997,R,,NYL,CHA,62,48,0.6907,1.0,1,0.0956,0.37
1997-07-11,1997,R,,LAS,UTA,75,68,0.6808,1.0,1,0.1019,0.3845
1997-07-12,1997,R,,CHA,CLE,72,43,0.6347,1.0,1,0.1334,0.4546
1997-07-12,1997,R,,HOU,SAC,89,61,0.6907,1.0,1,0.0957,0.3701
1997-07-12,1997,R,,UTA,PHX,52,51,0.4119,1.0,0,0.3459,0.887
1997-07-13,1997,R,,LAS,PHX,56,57,0.5772,0.0,0,0.3331,0.8608
1997-07-14,1997,R,,CLE,NYL,57,68,0.4341,0.0,1,0.1884,0.5693
1997-07-14,1997,R,,HOU,UTA,79,56,0.7457,1.0,1,0.0647,0.2934
1997-07-15,1997,R,,NYL,CLE,76,59,0.7618,1.0,1,0.0567,0.272
1997-07-15,1997,R,,SAC,LAS,78,73,0.6333,1.0,1,0.1344,0.4568
1997-07-16,1997,R,,CHA,UTA,75,63,0.7467,1.0,1,0.0642,0.2921
1997-07-16,1997,R,,LAS,HOU,77,52,0.4936,1.0,0,0.2565,0.706
1997-07-16,1997,R,,PHX,SAC,84,67,0.7331,1.0,1,0.0712,0.3105
1997-07-17,1997,R,,CLE,CHA,65,47,0.5531,1.0,1,0.1997,0.5922
1997-07-17,1997,R,,NYL,UTA,80,54,0.8102,1.0,1,0.036,0.2105
1997-07-18,1997,R,,SAC,HOU,60,82,0.5427,0.0,0,0.2945,0.7824
1997-07-19,1997,R,,CLE,UTA,95,68,0.6717,1.0,1,0.1078,0.398
1997-07-19,1997,R,,NYL,LAS,69,57,0.7109,1.0,1,0.0836,0.3413
1997-07-21,1997,R,,CHA,LAS,75,64,0.6711,1.0,1,0.1082,0.3989
1997-07-21,1997,R,,SAC,PHX,57,70,0.4422,0.0,1,0.1955,0.5837
1997-07-22,1997,R,,NYL,UTA,71,78,0.8232,0.0,0,0.6776,1.7325
1997-07-22,1997,R,,PHX,HOU,69,77,0.5938,0.0,0,0.3526,0.9009
1997-07-23,1997,R,,CHA,NYL,63,65,0.5411,0.0,0,0.2928,0.779
1997-07-23,1997,R,,LAS,CLE,85,89,0.587,0.0,0,0.3445,0.8843
1997-07-25,1997,R,,PHX,LAS,83,86,0.74,0.0,0,0.5476,1.3471
1997-07-25,1997,R,,SAC,HOU,76,86,0.4814,0.0,1,0.2317,0.6566
1997-07-26,1997,R,,NYL,CHA,61,64,0.7275,0.0,0,0.5293,1.3003
1997-07-26,1997,R,,UTA,CLE,66,77,0.5581,0.0,0,0.3115,0.8166
1997-07-27,1997,R,,SAC,LAS,62,84,0.5629,0.0,0,0.3168,0.8275
1997-07-28,1997,R,,PHX,CLE,64,76,0.7002,0.0,0,0.4903,1.2046
1997-07-29,1997,R,,HOU,CLE,64,73,0.7363,0.0,0,0.5421,1.333
1997-07-30,1997,R,,CHA,PHX,68,67,0.6388,1.0,1,0.1305,0.4482
1997-07-30,1997,R,,LAS,UTA,91,69,0.7123,1.0,1,0.0828,0.3392
1997-07-30,1997,R,,NYL,SAC,73,68,0.8087,1.0,1,0.0366,0.2123
1997-07-31,1997,R,,CLE,PHX,79,67,0.65,1.0,1,0.1225,0.4308
1997-08-01,1997,R,,CHA,SAC,85,61,0.7352,1.0,1,0.0701,0.3076
1997-08-01,1997,R,,LAS,HOU,57,81,0.5248,0.0,0,0.2754,0.744
1997-08-02,1997,R,,CLE,SAC,72,51,0.7856,1.0,1,0.046,0.2414
1997-08-02,1997,R,,NYL,PHX,80,70,0.7201,1.0,1,0.0783,0.3283
1997-08-02,1997,R,,UTA,HOU,74,63,0.415,1.0,0,0.3422,0.8795
1997-08-03,1997,R,,LAS,CHA,70,77,0.5755,0.0,0,0.3312,0.8568
1997-08-04,1997,R,,PHX,SAC,83,60,0.7431,1.0,1,0.066,0.2969
1997-08-04,1997,R,,UTA,CHA,73,70,0.471,1.0,0,0.2798,0.7528
1997-08-05,1997,R,,CLE,HOU,66,76,0.5898,0.0,0,0.3479,0.8912
1997-08-05,1997,R,,NYL,LAS,50,67,0.7627,0.0,0,0.5817,1.4385
1997-08-06,1997,R,,PHX,UTA,78,46,0.7344,1.0,1,0.0706,0.3087
1997-08-06,1997,R,,SAC,CHA,77,64,0.436,1.0,0,0.3181,0.8301
1997-08-07,1997,R,,CLE,LAS,84,87,0.6582,0.0,0,0.4333,1.0736
1997-08-07,1997,R,,HOU,PHX,74,70,0.7083,1.0,1,0.0851,0.3449
1997-08-08,1997,R,,SAC,UTA,93,78,0.6174,1.0,1,0.1464,0.4822
1997-08-09,1997,R,,CHA,PHX,79,59,0.6317,1.0,1,0.1357,0.4594
1997-08-09,1997,R,,HOU,LAS,72,71,0.7122,1.0,1,0.0829,0.3395
1997-08-10,1997,R,,SAC,NYL,76,69,0.3749,1.0,0,0.3908,0.9812
1997-08-11,1997,R,,CHA,HOU,62,72,0.5316,0.0,0,0.2826,0.7585
1997-08-11,1997,R,,UTA,CLE,59,74,0.4258,0.0,1,0.1813,0.5547
1997-08-12,1997,R,,HOU,UTA,76,56,0.8429,1.0,1,0.0247,0.1709
1997-08-12,1997,R,,PHX,NYL,77,67,0.5812,1.0,1,0.1754,0.5427
1997-08-12,1997,R,,SAC,CLE,81,76,0.5013,1.0,1,0.2487,0.6905
1997-08-14,1997,R,,CHA,SAC,68,51,0.729,1.0,1,0.0735,0.3161
1997-08-14,1997,R,,PHX,CLE,61,55,0.61,1.0,1,0.1521,0.4943
1997-08-15,1997,R,,NYL,SAC,79,63,0.7839,1.0,1,0.0467,0.2434
1997-08-16,1997,R,,CHA,HOU,80,71,0.4567,1.0,0,0.2952,0.7838
1997-08-16,1997,R,,UTA,LAS,64,74,0.4038,0.0,1,0.163,0.5171
1997-08-17,1997,R,,CLE,CHA,81,49,0.6406,1.0,1,0.1292,0.4453
1997-08-17,1997,R,,NYL,HOU,55,70,0.5796,0.0,0,0.3359,0.8666
1997-08-17,1997,R,,PHX,UTA,71,63,0.8194,1.0,1,0.0326,0.1992
1997-08-18,1997,R,,LAS,PHX,75,66,0.6224,1.0,1,0.1426,0.4741
1997-08-19,1997,R,,HOU,CHA,77,69,0.7302,1.0,1,0.0728,0.3144
1997-08-19,1997,R,,UTA,NYL,81,75,0.3965,1.0,0,0.3643,0.9252
1997-08-20,1997,R,,LAS,NYL,78,76,0.6415,1.0,1,0.1285,0.444
1997-08-20,1997,R,,SAC,PHX,54,69,0.5354,0.0,0,0.2867,0.7666
1997-08-21,1997,R,,HOU,CLE,75,76,0.6836,0.0,0,0.4673,1.1507
1997-08-21,1997,R,,UTA,CHA,56,66,0.438,0.0,1,0.1918,0.5762
1997-08-22,1997,R,,LAS,SAC,88,77,0.757,1.0,1,0.0591,0.2784
1997-08-22,1997,R,,PHX,CHA,78,63,0.6553,1.0,1,0.1188,0.4227
1997-08-23,1997,R,,CLE,NYL,72,71,0.6267,1.0,1,0.1393,0.4672
1997-08-24,1997,R,,CHA,UTA,70,52,0.7641,1.0,1,0.0556,0.2691
1997-08-24,1997,R,,HOU,SAC,58,68,0.8447,0.0,0,0.7134,1.8621
1997-08-24,1997,R,,NYL,CLE,79,72,0.5747,1.0,1,0.1809,0.5539
1997-08-24,1997,R,,PHX,LAS,73,68,0.6308,1.0,1,0.1363,0.4608
1997-08-28,1997,P,1.0,HOU,CHA,70,54,0.7064,1.0,1,0.0862,0.3475
1997-08-28,1997,P,1.0,PHX,NYL,41,59,0.6572,0.0,0,0.4319,1.0706
1997-08-30,1997,P,2.0,HOU,NYL,65,51,0.6907,1.0,1,0.0956,0.37
1998-06-11,1998,R,,CHA,WAS,83,57,0.6234,1.0,1,0.1418,0.4725
1998-06-11,1998,R,,CLE,NYL,78,71,0.623,1.0,1,0.1422,0.4733
1998-06-11,1998,R,,SAC,PHX,70,73,0.5331,0.0,0,0.2842,0.7617
1998-06-11,1998,R,,UTA,LAS,83,89,0.4848,0.0,1,0.235,0.6632
1998-06-13,1998,R,,DET,CHA,69,78,0.6162,0.0,0,0.3796,0.9575
1998-06-13,1998,R,,HOU,NYL,73,62,0.7064,1.0,1,0.0862,0.3476
1998-06-13,1998,R,,UTA,WAS,78,77,0.5123,1.0,1,0.2378,0.6688
1998-06-14,1998,R,,PHX,LAS,70,60,0.6178,1.0,1,0.146,0.4815
1998-06-15,1998,R,,CHA,HOU,65,79,0.5692,0.0,0,0.324,0.8422
1998-06-15,1998,R,,DET,CLE,85,96,0.5151,0.0,0,0.2653,0.7238
1998-06-15,1998,R,,PHX,WAS,69,54,0.6669,1.0,1,0.1109,0.4051
1998-06-15,1998,R,,UTA,NYL,71,60,0.5,1.0,1,0.25,0.6931
1998-06-16,1998,R,,SAC,LAS,73,69,0.5669,1.0,1,0.1875,0.5675
1998-06-18,1998,R,,CHA,DET,71,67,0.6755,1.0,1,0.1053,0.3923
1998-06-18,1998,R,,HOU,CLE,87,69,0.6754,1.0,1,0.1054,0.3925
1998-06-18,1998,R,,SAC,NYL,48,64,0.5446,0.0,0,0.2965,0.7865
1998-06-19,1998,R,,LAS,NYL,78,75,0.6634,1.0,1,0.1133,0.4104
1998-06-19,1998,R,,WAS,UTA,85,76,0.6731,1.0,1,0.1069,0.3959
1998-06-20,1998,R,,CLE,DET,68,66,0.6992,1.0,1,0.0905,0.3578
1998-06-20,1998,R,,SAC,HOU,68,79,0.3968,0.0,1,0.1575,0.5055
1998-06-21,1998,R,,LAS,HOU,63,79,0.5147,0.0,0,0.265,0.7231
1998-06-21,1998,R,,NYL,UTA,68,64,0.7174,1.0,1,0.0799,0.3322
1998-06-21,1998,R,,PHX,CHA,71,72,0.6852,0.0,0,0.4695,1.1557
1998-06-21,1998,R,,WAS,DET,57,70,0.6589,0.0,0,0.4341,1.0755
1998-06-22,1998,R,,CLE,UTA,88,72,0.778,1.0,1,0.0493,0.251
1998-06-23,1998,R,,DET,SAC,61,57,0.6678,1.0,1,0.1104,0.4038
1998-06-23,1998,R,,NYL,CLE,59,57,0.5902,1.0,1,0.1679,0.5273
1998-06-24,1998,R,,LAS,CHA,73,77,0.572,0.0,0,0.3272,0.8487
1998-06-24,1998,R,,PHX,HOU,69,66,0.4995,1.0,0,0.2505,0.6941
1998-06-25,1998,R,,DET,WAS,79,71,0.6111,1.0,1,0.1513,0.4925
1998-06-25,1998,R,,UTA,CHA,83,91,0.4787,0.0,1,0.2291,0.6513
1998-06-26,1998,R,,NYL,SAC,62,48,0.7293,1.0,1,0.0733,0.3157
1998-06-26,1998,R,,PHX,UTA,96,63,0.7978,1.0,1,0.0409,0.2259
1998-06-27,1998,R,,CHA,SAC,58,50,0.7958,1.0,1,0.0417,0.2285
1998-06-27,1998,R,,CLE,DET,73,84,0.71,0.0,0,0.5041,1.238
1998-06-27,1998,R,,HOU,LAS,75,64,0.7642,1.0,1,0.0556,0.2689
1998-06-28,1998,R,,WAS,PHX,69,86,0.5061,0.0,0,0.2562,0.7055
1998-06-29,1998,R,,DET,CHA,60,49,0.5586,1.0,1,0.1948,0.5823
1998-06-29,1998,R,,HOU,WAS,73,48,0.8308,1.0,1,0.0286,0.1853
1998-06-29,1998,R,,NYL,PHX,71,68,0.6014,1.0,1,0.1588,0.5084
1998-06-30,1998,R,,SAC,LAS,58,56,0.5173,1.0,1,0.233,0.6592
1998-06-30,1998,R,,UTA,HOU,73,75,0.3473,0.0,1,0.1206,0.4266
1998-07-01,1998,R,,DET,NYL,82,65,0.6177,1.0,1,0.1461,0.4817
1998-07-01,1998,R,,WAS,CLE,80,92,0.4523,0.0,1,0.2045,0.6019
1998-07-02,1998,R,,CLE,PHX,61,76,0.536,0.0,0,0.2872,0.7678
1998-07-02,1998,R,,LAS,UTA,57,58,0.7272,0.0,0,0.5288,1.2989
1998-07-03,1998,R,,HOU,SAC,84,67,0.8411,1.0,1,0.0253,0.1731
1998-07-03,1998,R,,NYL,WAS,76,60,0.7322,1.0,1,0.0717,0.3117
1998-07-04,1998,R,,CHA,PHX,68,66,0.6273,1.0,1,0.1389,0.4664
1998-07-05,1998,R,,SAC,UTA,70,66,0.6168,1.0,1,0.1468,0.4832
1998-07-05,1998,R,,WAS,NYL,61,62,0.4694,0.0,1,0.2203,0.6337
1998-07-06,1998,R,,CLE,HOU,64,78,0.4799,0.0,1,0.2303,0.6536
1998-07-06,1998,R,,NYL,DET,59,56,0.5605,1.0,1,0.1932,0.579
1998-07-06,1998,R,,UTA,SAC,68,64,0.5799,1.0,1,0.1765,0.5449
1998-07-07,1998,R,,LAS,CHA,86,79,0.5465,1.0,1,0.2056,0.6042
1998-07-08,1998,R,,CLE,WAS,77,65,0.7161,1.0,1,0.0806,0.3339
1998-07-08,1998,R,,DET,PHX,76,78,0.5208,0.0,0,0.2713,0.7357
1998-07-08,1998,R,,LAS,SAC,71,76,0.6791,0.0,0,0.4612,1.1368
1998-07-08,1998,R,,NYL,HOU,54,79,0.4658,0.0,1,0.217,0.627
1998-07-08,1998,R,,UTA,CHA,69,77,0.4402,0.0,1,0.1938,0.5802
1998-07-09,1998,R,,HOU,DET,96,66,0.7794,1.0,1,0.0487,0.2492
1998-07-10,1998,R,,PHX,CLE,76,60,0.7013,1.0,1,0.0892,0.3549
1998-07-10,1998,R,,SAC,CHA,55,63,0.4417,0.0,1,0.1951,0.5829
1998-07-11,1998,R,,HOU,UTA,72,68,0.876,1.0,1,0.0154,0.1324
1998-07-11,1998,R,,WAS,DET,78,53,0.4857,1.0,0,0.2645,0.7222
1998-07-12,1998,R,,LAS,CLE,87,66,0.6125,1.0,1,0.1501,0.4901
1998-07-12,1998,R,,NYL,CHA,57,75,0.6045,0.0,0,0.3654,0.9275
1998-07-13,1998,R,,HOU,WAS,81,67,0.8696,1.0,1,0.017,0.1397
1998-07-13,1998,R,,PHX,LAS,72,62,0.7809,1.0,1,0.048,0.2474
1998-07-13,1998,R,,UTA,DET,67,74,0.4689,0.0,1,0.2199,0.6329
1998-07-14,1998,R,,SAC,CLE,58,61,0.5645,0.0,0,0.3187,0.8314
1998-07-15,1998,R,,CHA,NYL,72,65,0.7176,1.0,1,0.0798,0.3319
1998-07-15,1998,R,,LAS,SAC,81,76,0.719,1.0,1,0.079,0.33
1998-07-15,1998,R,,PHX,DET,73,60,0.7218,1.0,1,0.0774,0.3261
1998-07-16,1998,R,,CLE,NYL,60,51,0.6441,1.0,1,0.1267,0.4399
1998-07-17,1998,R,,CHA,WAS,86,56,0.7783,1.0,1,0.0491,0.2506
1998-07-17,1998,R,,DET,UTA,79,67,0.7252,1.0,1,0.0755,0.3213
1998-07-17,1998,R,,LAS,HOU,68,74,0.309,0.0,1,0.0955,0.3695
1998-07-18,1998,R,,DET,CLE,72,57,0.5954,1.0,1,0.1637,0.5184
1998-07-18,1998,R,,PHX,NYL,63,69,0.7672,0.0,0,0.5886,1.4576
1998-07-18,1998,R,,SAC,HOU,44,75,0.2929,0.0,1,0.0858,0.3466
1998-07-19,1998,R,,CLE,CHA,85,69,0.4587,1.0,0,0.293,0.7793
1998-07-19,1998,R,,WAS,UTA,88,99,0.6638,0.0,0,0.4406,1.0899
1998-07-20,1998,R,,PHX,SAC,88,67,0.8243,1.0,1,0.0309,0.1932
1998-07-21,1998,R,,LAS,NYL,77,92,0.6016,0.0,0,0.3619,0.9202
1998-07-21,1998,R,,PHX,HOU,62,65,0.4333,0.0,1,0.1877,0.5679
1998-07-21,1998,R,,WAS,CHA,67,84,0.3615,0.0,1,0.1307,0.4487
1998-07-22,1998,R,,CHA,UTA,58,61,0.8053,0.0,0,0.6486,1.6364
1998-07-22,1998,R,,DET,WAS,76,61,0.806,1.0,1,0.0376,0.2157
1998-07-23,1998,R,,LAS,PHX,70,68,0.4439,1.0,0,0.3092,0.812
1998-07-24,1998,R,,SAC,NYL,54,76,0.4625,0.0,1,0.214,0.6209
1998-07-25,1998,R,,CHA,HOU,58,67,0.4326,0.0,1,0.1871,0.5666
1998-07-25,1998,R,,CLE,UTA,69,59,0.7824,1.0,1,0.0473,0.2454
1998-07-25,1998,R,,DET,LAS,69,67,0.7129,1.0,1,0.0824,0.3384
1998-07-26,1998,R,,NYL,DET,78,62,0.6473,1.0,1,0.1244,0.4349
1998-07-26,1998,R,,WAS,SAC,65,79,0.6652,0.0,0,0.4424,1.0941
1998-07-27,1998,R,,CHA,SAC,70,76,0.8269,0.0,0,0.6838,1.7539
1998-07-27,1998,R,,CLE,LAS,83,67,0.6895,1.0,1,0.0964,0.3718
1998-07-27,1998,R,,UTA,PHX,90,80,0.3322,1.0,0,0.446,1.102
1998-07-28,1998,R,,HOU,PHX,72,62,0.8148,1.0,1,0.0343,0.2048
1998-07-29,1998,R,,CLE,SAC,75,67,0.7571,1.0,1,0.059,0.2782
1998-07-29,1998,R,,WAS,LAS,68,77,0.5167,0.0,0,0.267,0.7271
1998-07-30,1998,R,,CHA,CLE,79,64,0.6931,1.0,1,0.0942,0.3666
1998-07-30,1998,R,,HOU,UTA,88,65,0.8878,1.0,1,0.0126,0.119
1998-07-31,1998,R,,DET,SAC,78,77,0.7873,1.0,1,0.0453,0.2392
1998-07-31,1998,R,,LAS,PHX,71,56,0.4648,1.0,0,0.2864,0.7661
1998-08-01,1998,R,,HOU,CLE,71,74,0.8267,0.0,0,0.6834,1.7527
1998-08-01,1998,R,,UTA,LAS,65,73,0.548,0.0,0,0.3003,0.7941
1998-08-01,1998,R,,WAS,NYL,53,67,0.3122,0.0,1,0.0975,0.3743
1998-08-02,1998,R,,HOU,SAC,70,53,0.8896,1.0,1,0.0122,0.117
1998-08-02,1998,R,,NYL,CHA,85,67,0.5562,1.0,1,0.197,0.5867
1998-08-03,1998,R,,CHA,DET,71,68,0.6155,1.0,1,0.1478,0.4853
1998-08-03,1998,R,,LAS,WAS,86,72,0.7858,1.0,1,0.0459,0.241
1998-08-04,1998,R,,PHX,WAS,88,59,0.8611,1.0,1,0.0193,0.1495
1998-08-04,1998,R,,SAC,CLE,60,72,0.4116,0.0,1,0.1694,0.5303
1998-08-04,1998,R,,UTA,HOU,57,77,0.2394,0.0,1,0.0573,0.2736
1998-08-05,1998,R,,CHA,NYL,69,61,0.5862,1.0,1,0.1712,0.534
1998-08-05,1998,R,,DET,LAS,73,61,0.6463,1.0,1,0.1251,0.4366
1998-08-06,1998,R,,HOU,PHX,75,64,0.8027,1.0,1,0.0389,0.2198
1998-08-06,1998,R,,UTA,CLE,69,79,0.411,0.0,1,0.1689,0.5293
1998-08-07,1998,R,,DET,HOU,57,61,0.376,0.0,1,0.1414,0.4716
1998-08-07,1998,R,,SAC,WAS,76,55,0.6898,1.0,1,0.0962,0.3713
1998-08-08,1998,R,,CLE,CHA,65,58,0.5748,1.0,1,0.1808,0.5538
1998-08-08,1998,R,,NYL,LAS,80,62,0.7078,1.0,1,0.0854,0.3456
1998-08-08,1998,R,,PHX,UTA,68,62,0.8005,1.0,1,0.0398,0.2225
1998-08-09,1998,R,,WAS,LAS,76,74,0.4297,1.0,0,0.3253,0.8448
1998-08-10,1998,R,,CLE,PHX,80,82,0.6335,0.0,0,0.4014,1.0038
1998-08-10,1998,R,,HOU,CHA,70,67,0.8173,1.0,1,0.0334,0.2017
1998-08-10,1998,R,,UTA,DET,73,77,0.4044,0.0,1,0.1635,0.5181
1998-08-11,1998,R,,NYL,PHX,79,78,0.6718,1.0,1,0.1077,0.3978
1998-08-11,1998,R,,SAC,DET,41,50,0.4912,0.0,1,0.2412,0.6756
1998-08-12,1998,R,,CHA,LAS,52,65,0.706,0.0,0,0.4984,1.2242
1998-08-12,1998,R,,UTA,SAC,81,71,0.6191,1.0,1,0.1451,0.4794
1998-08-12,1998,R,,WAS,CLE,55,75,0.3413,0.0,1,0.1165,0.4175
1998-08-13,1998,R,,NYL,WAS,88,45,0.8767,1.0,1,0.0152,0.1316
1998-08-14,1998,R,,CHA,CLE,72,85,0.5893,0.0,0,0.3473,0.89
1998-08-14,1998,R,,LAS,UTA,87,67,0.7443,1.0,1,0.0654,0.2953
1998-08-14,1998,R,,PHX,DET,84,59,0.6417,1.0,1,0.1284,0.4436
1998-08-15,1998,R,,CLE,WAS,90,71,0.8629,1.0,1,0.0188,0.1474
1998-08-15,1998,R,,NYL,HOU,70,54,0.366,1.0,0,0.402,1.0052
1998-08-15,1998,R,,SAC,UTA,82,55,0.6683,1.0,1,0.11,0.403
1998-08-16,1998,R,,LAS,DET,76,77,0.5805,0.0,0,0.3369,0.8686
1998-08-16,1998,R,,SAC,PHX,69,85,0.36,0.0,1,0.1296,0.4463
1998-08-17,1998,R,,NYL,CLE,64,70,0.6333,0.0,0,0.4011,1.0033
1998-08-17,1998,R,,UTA,PHX,64,75,0.3519,0.0,1,0.1238,0.4337
1998-08-17,1998,R,,WAS,HOU,65,110,0.15,0.0,1,0.0225,0.1625
1998-08-19,1998,R,,DET,NYL,82,68,0.576,1.0,1,0.1798,0.5517
1998-08-19,1998,R,,HOU,LAS,80,71,0.8418,1.0,1,0.025,0.1722
1998-08-19,1998,R,,PHX,SAC,71,62,0.8176,1.0,1,0.0333,0.2014
1998-08-19,1998,R,,WAS,CHA,69,105,0.2875,0.0,1,0.0826,0.3389
1998-08-22,1998,P,1.0,CHA,HOU,71,85,0.3665,0.0,1,0.1343,0.4565
1998-08-22,1998,P,1.0,PHX,CLE,78,68,0.5659,1.0,1,0.1884,0.5693
1998-08-24,1998,P,1.0,CLE,PHX,67,66,0.5973,1.0,1,0.1622,0.5153
1998-08-24,1998,P,1.0,HOU,CHA,77,61,0.8347,1.0,1,0.0273,0.1807
1998-08-25,1998,P,1.0,CLE,PHX,60,71,0.6129,0.0,0,0.3757,0.9492
1998-08-27,1998,P,2.0,PHX,HOU,54,51,0.4229,1.0,0,0.3331,0.8607
1998-08-29,1998,P,2.0,HOU,PHX,74,69,0.7455,1.0,1,0.0648,0.2937
1998-09-01,1998,P,2.0,HOU,PHX,80,71,0.7561,1.0,1,0.0595,0.2796
1999-06-10,1999,R,,LAS,SAC,100,78,0.6965,1.0,1,0.0921,0.3617
1999-06-10,1999,R,,NYL,CLE,87,60,0.6165,1.0,1,0.1471,0.4838
1999-06-10,1999,R,,ORL,HOU,63,77,0.4302,0.0,1,0.1851,0.5625
1999-06-10,1999,R,,WAS,CHA,73,83,0.4343,0.0,1,0.1886,0.5697
1999-06-12,1999,R,,CHA,NYL,57,68,0.5733,0.0,0,0.3287,0.8518
1999-06-12,1999,R,,CLE,LAS,59,75,0.6527,0.0,0,0.4261,1.0577
1999-06-12,1999,R,,HOU,WAS,88,63,0.8874,1.0,1,0.0127,0.1195
1999-06-12,1999,R,,MIN,DET,68,51,0.5899,1.0,1,0.1682,0.5278
1999-06-12,1999,R,,SAC,PHX,96,85,0.3957,1.0,0,0.3652,0.9271
1999-06-12,1999,R,,UTA,ORL,71,65,0.5335,1.0,1,0.2176,0.6283
1999-06-14,1999,R,,CLE,DET,71,73,0.6123,0.0,0,0.375,0.9476
1999-06-14,1999,R,,MIN,UTA,78,54,0.7327,1.0,1,0.0715,0.3111
1999-06-14,1999,R,,NYL,WAS,61,83,0.8363,0.0,0,0.6994,1.8097
1999-06-14,1999,R,,PHX,SAC,64,74,0.7577,0.0,0,0.5741,1.4177
1999-06-15,1999,R,,ORL,LAS,88,86,0.5684,1.0,1,0.1863,0.565
1999-06-17,1999,R,,DET,ORL,79,74,0.6803,1.0,1,0.1022,0.3852
1999-06-17,1999,R,,HOU,UTA,93,73,0.8828,1.0,1,0.0137,0.1246
1999-06-17,1999,R,,SAC,CLE,70,50,0.553,1.0,1,0.1998,0.5923
1999-06-18,1999,R,,NYL,LAS,84,72,0.6792,1.0,1,0.1029,0.3868
1999-06-18,1999,R,,WAS,DET,69,76,0.4753,0.0,1,0.2259,0.6449
1999-06-19,1999,R,,CHA,LAS,69,73,0.664,0.0,0,0.4409,1.0907
1999-06-19,1999,R,,MIN,HOU,55,69,0.4814,0.0,1,0.2317,0.6566
1999-06-19,1999,R,,ORL,WAS,73,68,0.7589,1.0,1,0.0581,0.2759
1999-06-19,1999,R,,PHX,CLE,76,67,0.7194,1.0,1,0.0788,0.3294
1999-06-19,1999,R,,UTA,SAC,85,75,0.5451,1.0,1,0.2069,0.6068
1999-06-20,1999,R,,NYL,DET,69,62,0.6394,1.0,1,0.13,0.4471
1999-06-21,1999,R,,ORL,PHX,80,76,0.55,1.0,1,0.2025,0.5978
1999-06-22,1999,R,,CLE,ORL,62,71,0.6365,0.0,0,0.4052,1.012
1999-06-22,1999,R,,DET,CHA,75,69,0.6416,1.0,1,0.1285,0.4438
1999-06-22,1999,R,,HOU,LAS,84,76,0.7927,1.0,1,0.043,0.2323
1999-06-22,1999,R,,SAC,MIN,79,62,0.5371,1.0,1,0.2143,0.6216
1999-06-22,1999,R,,WAS,PHX,76,79,0.4526,0.0,1,0.2048,0.6025
1999-06-24,1999,R,,CHA,PHX,88,72,0.5518,1.0,1,0.2009,0.5945
1999-06-24,1999,R,,DET,HOU,65,77,0.4281,0.0,1,0.1833,0.5588
1999-06-24,1999,R,,LAS,MIN,73,86,0.637,0.0,0,0.4058,1.0135
1999-06-24,1999,R,,SAC,UTA,107,69,0.6359,1.0,1,0.1326,0.4527
1999-06-25,1999,R,,CLE,CHA,57,59,0.6097,0.0,0,0.3717,0.9408
1999-06-25,1999,R,,WAS,HOU,69,72,0.2509,0.0,1,0.0629,0.2888
1999-06-26,1999,R,,CLE,WAS,76,65,0.7235,1.0,1,0.0764,0.3236
1999-06-26,1999,R,,DET,PHX,60,66,0.6214,0.0,0,0.3861,0.9712
1999-06-26,1999,R,,SAC,LAS,73,76,0.602,0.0,0,0.3624,0.9212
1999-06-26,1999,R,,UTA,MIN,62,72,0.4639,0.0,1,0.2152,0.6234
1999-06-27,1999,R,,NYL,CHA,72,58,0.7211,1.0,1,0.0778,0.327
1999-06-28,1999,R,,CLE,PHX,70,51,0.5118,1.0,1,0.2384,0.6699
1999-06-28,1999,R,,DET,NYL,91,71,0.5666,1.0,1,0.1879,0.5681
1999-06-28,1999,R,,HOU,ORL,66,68,0.7849,0.0,0,0.616,1.5365
1999-06-28,1999,R,,LAS,UTA,102,70,0.7523,1.0,1,0.0613,0.2846
1999-06-29,1999,R,,MIN,SAC,72,86,0.6869,0.0,0,0.4718,1.1611
1999-06-30,1999,R,,CHA,WAS,63,68,0.7667,0.0,0,0.5878,1.4554
1999-06-30,1999,R,,UTA,HOU,68,78,0.2386,0.0,1,0.0569,0.2726
1999-07-01,1999,R,,HOU,CLE,76,64,0.8124,1.0,1,0.0352,0.2077
1999-07-01,1999,R,,MIN,LAS,77,81,0.587,0.0,0,0.3445,0.8842
1999-07-01,1999,R,,NYL,PHX,83,67,0.6607,1.0,1,0.1151,0.4144
1999-07-02,1999,R,,DET,LAS,81,91,0.6642,0.0,0,0.4412,1.0914
1999-07-02,1999,R,,UTA,CLE,83,68,0.5172,1.0,1,0.2331,0.6593
1999-07-02,1999,R,,WAS,SAC,74,79,0.4328,0.0,1,0.1873,0.567
1999-07-03,1999,R,,HOU,NYL,65,50,0.7626,1.0,1,0.0564,0.271
1999-07-03,1999,R,,MIN,PHX,56,47,0.6009,1.0,1,0.1593,0.5093
1999-07-03,1999,R,,ORL,CHA,58,75,0.6997,0.0,0,0.4896,1.2031
1999-07-04,1999,R,,DET,SAC,78,92,0.634,0.0,0,0.402,1.0052
1999-07-05,1999,R,,LAS,CLE,74,72,0.7224,1.0,1,0.0771,0.3252
1999-07-05,1999,R,,NYL,SAC,76,63,0.6912,1.0,1,0.0953,0.3693
1999-07-06,1999,R,,HOU,MIN,80,54,0.8204,1.0,1,0.0323,0.198
1999-07-06,1999,R,,UTA,DET,104,94,0.5255,1.0,1,0.2251,0.6433
1999-07-06,1999,R,,WAS,NYL,71,63,0.3882,1.0,0,0.3743,0.9462
1999-07-07,1999,R,,CHA,CLE,75,62,0.7297,1.0,1,0.0731,0.3152
1999-07-07,1999,R,,ORL,MIN,66,71,0.6587,0.0,0,0.4339,1.075
1999-07-07,1999,R,,PHX,LAS,61,67,0.6058,0.0,0,0.367,0.9309
1999-07-08,1999,R,,CLE,NYL,49,84,0.4455,0.0,1,0.1985,0.5897
1999-07-08,1999,R,,SAC,HOU,74,63,0.3805,1.0,0,0.3838,0.9662
1999-07-08,1999,R,,WAS,UTA,65,81,0.5859,0.0,0,0.3433,0.8818
1999-07-09,1999,R,,CHA,ORL,61,66,0.6576,0.0,0,0.4325,1.0719
1999-07-09,1999,R,,LAS,SAC,72,77,0.6832,0.0,0,0.4667,1.1494
1999-07-09,1999,R,,PHX,HOU,70,71,0.3744,0.0,1,0.1402,0.469
1999-07-10,1999,R,,CLE,CHA,82,56,0.535,1.0,1,0.2162,0.6255
1999-07-10,1999,R,,DET,WAS,78,83,0.7954,0.0,0,0.6326,1.5865
1999-07-10,1999,R,,ORL,UTA,62,56,0.699,1.0,1,0.0906,0.3582
1999-07-11,1999,R,,HOU,SAC,68,63,0.7939,1.0,1,0.0425,0.2308
1999-07-11,1999,R,,LAS,PHX,67,58,0.692,1.0,1,0.0949,0.3682
1999-07-11,1999,R,,NYL,MIN,56,58,0.6717,0.0,0,0.4511,1.1137
1999-07-12,1999,R,,CLE,MIN,67,55,0.5311,1.0,1,0.2199,0.6328
1999-07-12,1999,R,,ORL,DET,67,76,0.6627,0.0,0,0.4392,1.0869
1999-07-12,1999,R,,UTA,PHX,66,80,0.5519,0.0,0,0.3045,0.8026
1999-07-12,1999,R,,WAS,CHA,74,71,0.4588,1.0,0,0.2929,0.7792
1999-07-16,1999,R,,CLE,SAC,71,85,0.4912,0.0,1,0.2413,0.6757
1999-07-16,1999,R,,ORL,CHA,50,56,0.6316,0.0,0,0.3989,0.9985
1999-07-16,1999,R,,UTA,HOU,84,88,0.2216,0.0,1,0.0491,0.2505
1999-07-16,1999,R,,WAS,DET,68,78,0.4738,0.0,1,0.2245,0.6421
1999-07-17,1999,R,,CHA,WAS,63,56,0.7631,1.0,1,0.0561,0.2703
1999-07-17,1999,R,,DET,CLE,77,61,0.6873,1.0,1,0.0978,0.375
1999-07-17,1999,R,,MIN,NYL,60,58,0.5283,1.0,1,0.2225,0.638
1999-07-17,1999,R,,ORL,SAC,70,76,0.5274,0.0,0,0.2781,0.7495
1999-07-17,1999,R,,PHX,LAS,84,76,0.5178,1.0,1,0.2326,0.6583
1999-07-18,1999,R,,LAS,HOU,78,65,0.3829,1.0,0,0.3808,0.96
1999-07-18,1999,R,,NYL,UTA,88,82,0.7834,1.0,1,0.0469,0.2441
1999-07-19,1999,R,,CHA,UTA,73,66,0.7623,1.0,1,0.0565,0.2714
1999-07-19,1999,R,,MIN,SAC,76,69,0.5719,1.0,1,0.1833,0.5588
1999-07-19,1999,R,,PHX,HOU,60,48,0.3974,1.0,0,0.3631,0.9228
1999-07-19,1999,R,,WAS,ORL,52,77,0.4786,0.0,1,0.229,0.6512
1999-07-20,1999,R,,NYL,ORL,61,56,0.7304,1.0,1,0.0727,0.3142
1999-07-21,1999,R,,CHA,MIN,67,76,0.5832,0.0,0,0.3401,0.8751
1999-07-21,1999,R,,DET,UTA,86,77,0.7905,1.0,1,0.0439,0.2351
1999-07-21,1999,R,,LAS,PHX,84,63,0.6872,1.0,1,0.0979,0.3751
1999-07-21,1999,R,,WAS,CLE,68,85,0.4575,0.0,1,0.2093,0.6115
1999-07-22,1999,R,,SAC,NYL,71,55,0.6164,1.0,1,0.1472,0.4839
1999-07-23,1999,R,,CHA,HOU,62,75,0.3319,0.0,1,0.1102,0.4033
1999-07-23,1999,R,,CLE,DET,60,69,0.532,0.0,0,0.283,0.7593
1999-07-23,1999,R,,MIN,WAS,55,60,0.8365,0.0,0,0.6997,1.8106
1999-07-23,1999,R,,PHX,ORL,73,67,0.6344,1.0,1,0.1336,0.455
1999-07-24,1999,R,,CLE,UTA,70,76,0.6431,0.0,0,0.4136,1.0303
1999-07-24,1999,R,,LAS,NYL,75,72,0.6566,1.0,1,0.1179,0.4206
1999-07-24,1999,R,,SAC,ORL,64,73,0.741,0.0,0,0.5491,1.3509
1999-07-25,1999,R,,DET,CHA,66,78,0.6704,0.0,0,0.4494,1.1099
1999-07-25,1999,R,,MIN,HOU,57,62,0.4161,0.0,1,0.1731,0.538
1999-07-25,1999,R,,PHX,WAS,72,59,0.8028,1.0,1,0.0389,0.2196
1999-07-26,1999,R,,NYL,CHA,69,75,0.7012,0.0,0,0.4917,1.208
1999-07-26,1999,R,,UTA,WAS,73,61,0.7017,1.0,1,0.089,0.3542
1999-07-27,1999,R,,HOU,DET,85,46,0.814,1.0,1,0.0346,0.2058
1999-07-27,1999,R,,LAS,ORL,81,60,0.7206,1.0,1,0.0781,0.3277
1999-07-27,1999,R,,PHX,UTA,86,73,0.7733,1.0,1,0.0514,0.2571
1999-07-27,1999,R,,SAC,MIN,59,61,0.6649,0.0,0,0.4421,1.0933
1999-07-28,1999,R,,CHA,DET,84,65,0.6562,1.0,1,0.1182,0.4214
1999-07-29,1999,R,,CLE,HOU,65,71,0.3044,0.0,1,0.0927,0.363
1999-07-29,1999,R,,ORL,NYL,65,73,0.5189,0.0,0,0.2692,0.7316
1999-07-29,1999,R,,PHX,MIN,79,46,0.6101,1.0,1,0.152,0.4942
1999-07-29,1999,R,,SAC,WAS,70,54,0.8131,1.0,1,0.0349,0.2068
1999-07-30,1999,R,,CHA,NYL,62,58,0.608,1.0,1,0.1537,0.4976
1999-07-30,1999,R,,LAS,UTA,87,77,0.8179,1.0,1,0.0332,0.2011
1999-07-31,1999,R,,DET,CLE,53,55,0.7235,0.0,0,0.5234,1.2854
1999-07-31,1999,R,,HOU,PHX,77,70,0.793,1.0,1,0.0428,0.2319
1999-07-31,1999,R,,LAS,WAS,81,64,0.8568,1.0,1,0.0205,0.1545
1999-07-31,1999,R,,MIN,CHA,52,56,0.6237,0.0,0,0.389,0.9774
1999-07-31,1999,R,,UTA,SAC,63,59,0.4004,1.0,0,0.3595,0.9152
1999-08-01,1999,R,,NYL,ORL,74,61,0.6855,1.0,1,0.0989,0.3776
1999-08-02,1999,R,,CHA,CLE,62,56,0.7505,1.0,1,0.0623,0.2871
1999-08-02,1999,R,,DET,WAS,70,75,0.7864,0.0,0,0.6184,1.5437
1999-08-02,1999,R,,HOU,SAC,75,70,0.8095,1.0,1,0.0363,0.2113
1999-08-02,1999,R,,MIN,PHX,73,56,0.5742,1.0,1,0.1813,0.5548
1999-08-03,1999,R,,UTA,NYL,59,61,0.4435,0.0,1,0.1967,0.586
1999-08-04,1999,R,,CHA,SAC,62,68,0.6442,0.0,0,0.415,1.0335
1999-08-04,1999,R,,DET,MIN,59,56,0.5462,1.0,1,0.206,0.6048
1999-08-04,1999,R,,ORL,CLE,70,62,0.6873,1.0,1,0.0978,0.375
1999-08-05,1999,R,,UTA,LAS,81,75,0.3182,1.0,0,0.4649,1.1451
1999-08-05,1999,R,,WAS,ORL,72,68,0.492,1.0,0,0.2581,0.7093
1999-08-06,1999,R,,HOU,CHA,81,51,0.8355,1.0,1,0.0271,0.1797
1999-08-06,1999,R,,MIN,LAS,59,77,0.552,0.0,0,0.3047,0.803
1999-08-06,1999,R,,PHX,NYL,68,55,0.6037,1.0,1,0.1571,0.5047
1999-08-06,1999,R,,SAC,DET,71,58,0.7003,1.0,1,0.0898,0.3562
1999-08-07,1999,R,,CHA,ORL,64,60,0.6801,1.0,1,0.1023,0.3855
1999-08-07,1999,R,,CLE,WAS,62,63,0.7201,0.0,0,0.5186,1.2734
1999-08-07,1999,R,,SAC,PHX,71,60,0.6292,1.0,1,0.1375,0.4633
1999-08-07,1999,R,,UTA,MIN,80,70,0.5252,1.0,1,0.2254,0.6439
1999-08-08,1999,R,,NYL,HOU,74,71,0.3918,1.0,0,0.3699,0.9371
1999-08-08,1999,R,,WAS,CLE,80,45,0.5543,1.0,1,0.1986,0.59
1999-08-09,1999,R,,LAS,DET,59,84,0.7688,0.0,0,0.591,1.4643
1999-08-09,1999,R,,ORL,NYL,75,80,0.5093,0.0,0,0.2594,0.7119
1999-08-09,1999,R,,PHX,MIN,64,55,0.6735,1.0,1,0.1066,0.3952
1999-08-09,1999,R,,UTA,CHA,67,65,0.4658,1.0,0,0.2854,0.764
1999-08-10,1999,R,,SAC,LAS,82,80,0.6431,1.0,1,0.1274,0.4415
1999-08-11,1999,R,,MIN,UTA,83,73,0.6814,1.0,1,0.1015,0.3837
1999-08-11,1999,R,,PHX,DET,68,57,0.6765,1.0,1,0.1047,0.3909
1999-08-11,1999,R,,WAS,NYL,59,56,0.3921,1.0,0,0.3696,0.9363
1999-08-12,1999,R,,HOU,LAS,83,61,0.8081,1.0,1,0.0368,0.2131
1999-08-12,1999,R,,ORL,CLE,55,54,0.6698,1.0,1,0.109,0.4008
1999-08-13,1999,R,,DET,NYL,56,60,0.5204,0.0,0,0.2708,0.7347
1999-08-13,1999,R,,SAC,CHA,78,64,0.6421,1.0,1,0.1281,0.4429
1999-08-13,1999,R,,UTA,PHX,67,64,0.4511,1.0,0,0.3013,0.796
1999-08-14,1999,R,,CLE,ORL,61,73,0.5299,0.0,0,0.2808,0.7549
1999-08-14,1999,R,,HOU,MIN,71,53,0.8361,1.0,1,0.0269,0.179
1999-08-14,1999,R,,SAC,UTA,89,97,0.7796,0.0,0,0.6078,1.5125
1999-08-14,1999,R,,WAS,LAS,55,53,0.4083,1.0,0,0.3501,0.8957
1999-08-15,1999,R,,NYL,DET,57,63,0.7272,0.0,0,0.5288,1.299
1999-08-15,1999,R,,ORL,WAS,81,54,0.7049,1.0,1,0.0871,0.3497
1999-08-15,1999,R,,PHX,CHA,65,54,0.6437,1.0,1,0.1269,0.4405
1999-08-16,1999,R,,HOU,UTA,80,71,0.878,1.0,1,0.0149,0.1301
1999-08-16,1999,R,,LAS,CHA,76,65,0.6929,1.0,1,0.0943,0.3669
1999-08-16,1999,R,,MIN,CLE,57,50,0.7462,1.0,1,0.0644,0.2928
1999-08-17,1999,R,,NYL,WAS,66,54,0.8022,1.0,1,0.0391,0.2204
1999-08-17,1999,R,,PHX,SAC,71,59,0.5824,1.0,1,0.1744,0.5406
1999-08-18,1999,R,,HOU,PHX,70,60,0.8125,1.0,1,0.0352,0.2076
1999-08-18,1999,R,,LAS,MIN,72,54,0.707,1.0,1,0.0858,0.3467
1999-08-18,1999,R,,ORL,DET,93,81,0.6032,1.0,1,0.1575,0.5055
1999-08-19,1999,R,,NYL,CLE,72,55,0.8054,1.0,1,0.0379,0.2164
1999-08-20,1999,R,,CHA,DET,57,58,0.689,0.0,0,0.4748,1.1681
1999-08-20,1999,R,,LAS,HOU,68,64,0.4097,1.0,0,0.3484,0.8922
1999-08-20,1999,R,,MIN,ORL,80,83,0.6083,0.0,0,0.37,0.9372
1999-08-20,1999,R,,PHX,UTA,62,70,0.7114,0.0,0,0.506,1.2426
1999-08-21,1999,R,,CLE,NYL,66,56,0.3542,1.0,0,0.4171,1.0379
1999-08-21,1999,R,,DET,ORL,74,68,0.6083,1.0,1,0.1534,0.4971
1999-08-21,1999,R,,SAC,HOU,65,74,0.4374,0.0,1,0.1913,0.5752
1999-08-21,1999,R,,UTA,LAS,89,81,0.4559,1.0,0,0.296,0.7854
1999-08-21,1999,R,,WAS,MIN,45,48,0.5444,0.0,0,0.2963,0.7861
1999-08-24,1999,P,1.0,DET,CHA,54,60,0.6003,0.0,0,0.3604,0.9171
1999-08-24,1999,P,1.0,LAS,SAC,71,58,0.6556,1.0,1,0.1186,0.4221
1999-08-26,1999,P,2.0,LAS,HOU,75,60,0.377,1.0,0,0.3881,0.9755
1999-08-27,1999,P,2.0,CHA,NYL,78,67,0.5156,1.0,1,0.2346,0.6624
1999-08-29,1999,P,2.0,HOU,LAS,83,55,0.7465,1.0,1,0.0643,0.2924
1999-08-29,1999,P,2.0,NYL,CHA,74,70,0.6387,1.0,1,0.1306,0.4484
1999-08-30,1999,P,2.0,HOU,LAS,72,62,0.7677,1.0,1,0.054,0.2643
1999-08-30,1999,P,2.0,NYL,CHA,69,54,0.6572,1.0,1,0.1175,0.4198
1999-09-02,1999,P,3.0,NYL,HOU,60,73,0.3936,0.0,1,0.155,0.5003
1999-09-04,1999,P,3.0,HOU,NYL,67,68,0.8225,0.0,0,0.6765,1.7287
1999-09-05,1999,P,3.0,HOU,NYL,59,47,0.8008,1.0,1,0.0397,0.2222
2000-05-29,2000,R,,HOU,NYL,84,68,0.7441,1.0,1,0.0655,0.2956
2000-05-31,2000,R,,LAS,UTA,69,62,0.7002,1.0,1,0.0899,0.3564
2000-05-31,2000,R,,MIN,CLE,73,62,0.6933,1.0,1,0.094,0.3663
2000-05-31,2000,R,,PHX,NYL,51,48,0.6422,1.0,1,0.1281,0.4429
2000-05-31,2000,R,,POR,HOU,89,93,0.4542,0.0,1,0.2063,0.6055
2000-05-31,2000,R,,SAC,SEA,76,60,0.6344,1.0,1,0.1336,0.455
2000-05-31,2000,R,,WAS,ORL,92,66,0.5258,1.0,1,0.2248,0.6428
2000-06-01,2000,R,,MIA,IND,54,57,0.6186,0.0,0,0.3826,0.9639
2000-06-01,2000,R,,ORL,CHA,82,79,0.5399,1.0,1,0.2117,0.6164
2000-06-01,2000,R,,SEA,HOU,47,77,0.407,0.0,1,0.1657,0.5226
2000-06-01,2000,R,,UTA,MIN,83,74,0.5918,1.0,1,0.1666,0.5245
2000-06-03,2000,R,,CHA,MIA,63,74,0.6173,0.0,0,0.3811,0.9605
2000-06-03,2000,R,,CLE,WAS,72,49,0.5887,1.0,1,0.1691,0.5298
2000-06-03,2000,R,,DET,SAC,77,74,0.6121,1.0,1,0.1505,0.4908
2000-06-03,2000,R,,HOU,PHX,62,80,0.7568,0.0,0,0.5728,1.414
2000-06-03,2000,R,,IND,ORL,82,88,0.6595,0.0,0,0.4349,1.0773
2000-06-03,2000,R,,MIN,LAS,75,82,0.5036,0.0,0,0.2536,0.7003
2000-06-03,2000,R,,NYL,UTA,87,76,0.6782,1.0,1,0.1035,0.3882
2000-06-03,2000,R,,SEA,POR,58,65,0.5702,0.0,0,0.3251,0.8444
2000-06-04,2000,R,,WAS,NYL,79,67,0.4875,1.0,0,0.2627,0.7185
2000-06-05,2000,R,,CHA,CLE,53,69,0.6737,0.0,0,0.4539,1.1199
2000-06-05,2000,R,,IND,MIA,80,59,0.6099,1.0,1,0.1522,0.4944
2000-06-05,2000,R,,MIN,DET,88,68,0.5899,1.0,1,0.1682,0.5278
2000-06-05,2000,R,,ORL,SAC,75,68,0.5859,1.0,1,0.1715,0.5347
2000-06-06,2000,R,,HOU,SAC,78,70,0.7993,1.0,1,0.0403,0.224
2000-06-06,2000,R,,LAS,POR,70,57,0.6861,1.0,1,0.0985,0.3767
2000-06-06,2000,R,,UTA,PHX,76,61,0.5164,1.0,1,0.2339,0.6609
2000-06-07,2000,R,,CLE,ORL,83,79,0.55,1.0,1,0.2025,0.5979
2000-06-07,2000,R,,DET,NYL,69,73,0.5586,0.0,0,0.312,0.8178
2000-06-07,2000,R,,PHX,SEA,82,49,0.6684,1.0,1,0.1099,0.4028
2000-06-07,2000,R,,WAS,HOU,54,81,0.3846,0.0,1,0.1479,0.4855
2000-06-08,2000,R,,MIA,WAS,51,73,0.7393,0.0,0,0.5465,1.3443
2000-06-08,2000,R,,ORL,MIN,57,71,0.5878,0.0,0,0.3455,0.8862
2000-06-08,2000,R,,POR,UTA,72,81,0.6336,0.0,0,0.4014,1.0039
2000-06-09,2000,R,,CHA,SEA,62,67,0.6687,0.0,0,0.4471,1.1046
2000-06-09,2000,R,,DET,IND,80,76,0.5151,1.0,1,0.2351,0.6633
2000-06-09,2000,R,,NYL,SAC,56,77,0.6132,0.0,0,0.376,0.9498
2000-06-10,2000,R,,CHA,ORL,71,74,0.5466,0.0,0,0.2988,0.791
2000-06-10,2000,R,,CLE,SEA,61,49,0.6573,1.0,1,0.1174,0.4196
2000-06-10,2000,R,,IND,NYL,62,70,0.6279,0.0,0,0.3943,0.9886
2000-06-10,2000,R,,LAS,PHX,76,57,0.6658,1.0,1,0.1117,0.4067
2000-06-10,2000,R,,MIA,MIN,55,66,0.5707,0.0,0,0.3257,0.8455
2000-06-10,2000,R,,UTA,HOU,71,73,0.3873,0.0,1,0.15,0.4898
2000-06-11,2000,R,,SAC,LAS,75,68,0.5688,1.0,1,0.1859,0.5643
2000-06-12,2000,R,,DET,CHA,67,78,0.6958,0.0,0,0.4841,1.1899
2000-06-12,2000,R,,HOU,UTA,107,85,0.8013,1.0,1,0.0395,0.2215
2000-06-12,2000,R,,IND,CLE,70,83,0.6458,0.0,0,0.417,1.0378
2000-06-13,2000,R,,MIA,DET,74,61,0.6504,1.0,1,0.1222,0.4301
2000-06-13,2000,R,,NYL,WAS,56,57,0.655,0.0,0,0.429,1.0642
2000-06-13,2000,R,,POR,PHX,69,75,0.5904,0.0,0,0.3486,0.8925
2000-06-13,2000,R,,SEA,LAS,69,59,0.4795,1.0,0,0.2709,0.735
2000-06-13,2000,R,,UTA,ORL,80,88,0.5779,0.0,0,0.334,0.8625
2000-06-14,2000,R,,PHX,POR,81,80,0.7143,1.0,1,0.0816,0.3364
2000-06-15,2000,R,,HOU,MIA,77,53,0.8475,1.0,1,0.0233,0.1655
2000-06-15,2000,R,,MIN,ORL,72,66,0.6805,1.0,1,0.1021,0.385
2000-06-15,2000,R,,SEA,SAC,50,54,0.4748,0.0,1,0.2254,0.6439
2000-06-15,2000,R,,UTA,CHA,96,68,0.6322,1.0,1,0.1353,0.4586
2000-06-16,2000,R,,CLE,DET,81,93,0.6837,0.0,0,0.4675,1.1511
2000-06-17,2000,R,,MIA,CLE,55,48,0.6257,1.0,1,0.1401,0.4689
2000-06-17,2000,R,,ORL,IND,54,79,0.6051,0.0,0,0.3661,0.929
2000-06-17,2000,R,,PHX,MIN,62,69,0.6771,0.0,0,0.4584,1.1304
2000-06-17,2000,R,,POR,LAS,81,94,0.4697,0.0,1,0.2206,0.6344
2000-06-17,2000,R,,SAC,CHA,74,63,0.747,1.0,1,0.064,0.2916
2000-06-17,2000,R,,UTA,WAS,70,67,0.6187,1.0,1,0.1454,0.4801
2000-06-18,2000,R,,DET,IND,111,74,0.6071,1.0,1,0.1544,0.4991
2000-06-18,2000,R,,HOU,MIN,78,66,0.804,1.0,1,0.0384,0.2181
2000-06-18,2000,R,,LAS,CHA,70,62,0.7819,1.0,1,0.0476,0.246
2000-06-18,2000,R,,NYL,MIA,58,52,0.7052,1.0,1,0.0869,0.3492
2000-06-18,2000,R,,SEA,UTA,53,56,0.6059,0.0,0,0.3672,0.9312
2000-06-19,2000,R,,CLE,SAC,81,70,0.4963,1.0,0,0.2537,0.7006
2000-06-19,2000,R,,WAS,DET,80,55,0.5948,1.0,1,0.1642,0.5195
2000-06-20,2000,R,,LAS,HOU,90,84,0.4829,1.0,0,0.2674,0.728
2000-06-20,2000,R,,MIN,PHX,55,74,0.5891,0.0,0,0.3471,0.8895
2000-06-20,2000,R,,POR,CHA,85,87,0.6782,0.0,0,0.46,1.1339
2000-06-20,2000,R,,UTA,SEA,66,63,0.6967,1.0,1,0.092,0.3614
2000-06-21,2000,R,,IND,SAC,58,70,0.5584,0.0,0,0.3119,0.8175
2000-06-21,2000,R,,NYL,DET,63,67,0.6849,0.0,0,0.469,1.1547
2000-06-21,2000,R,,WAS,MIA,55,57,0.6069,0.0,0,0.3684,0.9338
2000-06-22,2000,R,,CHA,PHX,57,90,0.4499,0.0,1,0.2024,0.5976
2000-06-22,2000,R,,MIN,UTA,86,64,0.62,1.0,1,0.1444,0.4781
2000-06-22,2000,R,,ORL,CLE,77,64,0.661,1.0,1,0.1149,0.4139
2000-06-23,2000,R,,IND,NYL,60,69,0.5736,0.0,0,0.3291,0.8525
2000-06-23,2000,R,,MIA,LAS,54,68,0.4339,0.0,1,0.1883,0.569
2000-06-23,2000,R,,POR,SEA,72,61,0.6267,1.0,1,0.1393,0.4672
2000-06-23,2000,R,,UTA,HOU,66,83,0.3477,0.0,1,0.1209,0.4272
2000-06-23,2000,R,,WAS,SAC,69,84,0.4897,0.0,1,0.2398,0.6728
2000-06-24,2000,R,,CLE,MIN,57,60,0.5314,0.0,0,0.2824,0.7581
2000-06-24,2000,R,,DET,WAS,70,76,0.7087,0.0,0,0.5022,1.2333
2000-06-24,2000,R,,HOU,IND,93,67,0.8515,1.0,1,0.022,0.1607
2000-06-24,2000,R,,MIA,PHX,44,67,0.4339,0.0,1,0.1883,0.569
2000-06-24,2000,R,,ORL,CHA,69,68,0.6988,1.0,1,0.0907,0.3583
2000-06-25,2000,R,,CHA,DET,81,84,0.5419,0.0,0,0.2937,0.7807
2000-06-25,2000,R,,CLE,PHX,64,61,0.434,1.0,0,0.3203,0.8347
2000-06-25,2000,R,,NYL,LAS,67,72,0.4968,0.0,1,0.2468,0.6867
2000-06-25,2000,R,,SAC,POR,92,76,0.7483,1.0,1,0.0634,0.29
2000-06-26,2000,R,,ORL,HOU,58,70,0.354,0.0,1,0.1253,0.437
2000-06-26,2000,R,,UTA,SAC,89,80,0.5527,1.0,1,0.2001,0.593
2000-06-26,2000,R,,WAS,LAS,72,74,0.4371,0.0,1,0.1911,0.5747
2000-06-28,2000,R,,CHA,HOU,66,76,0.2677,0.0,1,0.0717,0.3116
2000-06-28,2000,R,,IND,LAS,73,82,0.4321,0.0,1,0.1867,0.5659
2000-06-28,2000,R,,NYL,PHX,82,69,0.5079,1.0,1,0.2421,0.6774
2000-06-28,2000,R,,ORL,MIA,61,53,0.6202,1.0,1,0.1443,0.4778
2000-06-28,2000,R,,POR,CLE,80,69,0.5993,1.0,1,0.1606,0.512
2000-06-28,2000,R,,SAC,MIN,82,74,0.6111,1.0,1,0.1513,0.4926
2000-06-28,2000,R,,SEA,DET,78,82,0.5993,0.0,0,0.3592,0.9146
2000-06-30,2000,R,,HOU,POR,79,39,0.8568,1.0,1,0.0205,0.1545
2000-06-30,2000,R,,MIA,ORL,63,66,0.5499,0.0,0,0.3024,0.7982
2000-06-30,2000,R,,NYL,IND,72,70,0.714,1.0,1,0.0818,0.3369
2000-06-30,2000,R,,SAC,UTA,85,62,0.6668,1.0,1,0.111,0.4053
2000-06-30,2000,R,,SEA,MIN,53,65,0.4738,0.0,1,0.2244,0.642
2000-06-30,2000,R,,WAS,PHX,57,66,0.505,0.0,0,0.255,0.7031
2000-07-01,2000,R,,CHA,WAS,74,78,0.6066,0.0,0,0.368,0.933
2000-07-01,2000,R,,IND,MIA,52,54,0.6249,0.0,0,0.3905,0.9806
2000-07-01,2000,R,,LAS,CLE,75,67,0.8055,1.0,1,0.0378,0.2164
2000-07-01,2000,R,,ORL,NYL,69,57,0.5892,1.0,1,0.1688,0.529
2000-07-01,2000,R,,SAC,DET,108,96,0.6935,1.0,1,0.0939,0.366
2000-07-01,2000,R,,SEA,UTA,60,81,0.5098,0.0,0,0.2599,0.713
2000-07-02,2000,R,,HOU,PHX,69,58,0.7601,1.0,1,0.0576,0.2744
2000-07-02,2000,R,,LAS,DET,85,63,0.7837,1.0,1,0.0468,0.2437
2000-07-02,2000,R,,MIN,POR,81,75,0.7214,1.0,1,0.0776,0.3266
2000-07-03,2000,R,,CLE,NYL,66,65,0.5424,1.0,1,0.2094,0.6117
2000-07-03,2000,R,,IND,POR,64,68,0.6047,0.0,0,0.3656,0.928
2000-07-03,2000,R,,SEA,WAS,55,60,0.5385,0.0,0,0.2899,0.7732
2000-07-05,2000,R,,CHA,MIA,76,70,0.5551,1.0,1,0.198,0.5886
2000-07-05,2000,R,,MIN,SEA,60,67,0.8127,0.0,0,0.6604,1.6749
2000-07-05,2000,R,,NYL,POR,62,45,0.6715,1.0,1,0.1079,0.3982
2000-07-05,2000,R,,SAC,LAS,61,76,0.5829,0.0,0,0.3398,0.8745
2000-07-06,2000,R,,HOU,SEA,80,50,0.915,1.0,1,0.0072,0.0888
2000-07-06,2000,R,,LAS,WAS,79,70,0.7928,1.0,1,0.0429,0.2322
2000-07-06,2000,R,,ORL,IND,72,60,0.7675,1.0,1,0.054,0.2646
2000-07-06,2000,R,,PHX,DET,83,69,0.7379,1.0,1,0.0687,0.304
2000-07-07,2000,R,,HOU,CHA,86,71,0.8929,1.0,1,0.0115,0.1133
2000-07-07,2000,R,,MIA,CLE,49,46,0.5353,1.0,1,0.2159,0.6249
2000-07-07,2000,R,,MIN,NYL,70,76,0.6411,0.0,0,0.4111,1.0248
2000-07-07,2000,R,,POR,SAC,60,63,0.4487,0.0,1,0.2013,0.5955
2000-07-07,2000,R,,UTA,DET,69,73,0.7055,0.0,0,0.4977,1.2224
2000-07-08,2000,R,,CHA,CLE,59,80,0.5469,0.0,0,0.2991,0.7917
2000-07-08,2000,R,,IND,PHX,65,66,0.379,0.0,1,0.1436,0.4764
2000-07-08,2000,R,,NYL,MIA,63,51,0.7263,1.0,1,0.0749,0.3198
2000-07-08,2000,R,,ORL,SEA,64,53,0.7552,1.0,1,0.0599,0.2807
2000-07-08,2000,R,,SAC,WAS,78,56,0.7452,1.0,1,0.0649,0.2941
2000-07-09,2000,R,,DET,ORL,62,68,0.5922,0.0,0,0.3507,0.897
2000-07-09,2000,R,,LAS,UTA,92,72,0.8128,1.0,1,0.035,0.2072
2000-07-09,2000,R,,MIN,HOU,60,70,0.3535,0.0,1,0.1249,0.4361
2000-07-09,2000,R,,POR,WAS,75,58,0.6311,1.0,1,0.1361,0.4603
2000-07-10,2000,R,,CLE,CHA,72,65,0.7263,1.0,1,0.0749,0.3199
2000-07-10,2000,R,,MIA,SEA,59,42,0.6673,1.0,1,0.1107,0.4045
2000-07-11,2000,R,,LAS,POR,77,80,0.8354,0.0,0,0.6978,1.804
2000-07-11,2000,R,,PHX,MIN,64,54,0.7326,1.0,1,0.0715,0.3111
2000-07-12,2000,R,,CLE,ORL,74,72,0.5183,1.0,1,0.232,0.6572
2000-07-12,2000,R,,DET,SEA,61,56,0.7444,1.0,1,0.0653,0.2951
2000-07-12,2000,R,,HOU,SAC,77,62,0.7529,1.0,1,0.0611,0.2839
2000-07-12,2000,R,,NYL,CHA,84,70,0.8245,1.0,1,0.0308,0.193
2000-07-12,2000,R,,UTA,POR,76,67,0.6875,1.0,1,0.0976,0.3747
2000-07-12,2000,R,,WAS,IND,58,81,0.6462,0.0,0,0.4176,1.0391
2000-07-13,2000,R,,MIA,WAS,48,60,0.6873,0.0,0,0.4723,1.1624
2000-07-13,2000,R,,PHX,SAC,72,64,0.6526,1.0,1,0.1207,0.4268
2000-07-14,2000,R,,DET,MIA,80,50,0.7048,1.0,1,0.0872,0.3499
2000-07-14,2000,R,,IND,SEA,64,45,0.6781,1.0,1,0.1036,0.3885
2000-07-14,2000,R,,LAS,HOU,63,58,0.5362,1.0,1,0.2151,0.6232
2000-07-14,2000,R,,ORL,NYL,51,55,0.6024,0.0,0,0.3629,0.9223
2000-07-14,2000,R,,POR,MIN,65,54,0.5379,1.0,1,0.2136,0.6201
2000-07-14,2000,R,,UTA,PHX,87,84,0.4983,1.0,0,0.2517,0.6965
2000-07-15,2000,R,,CLE,IND,79,55,0.7146,1.0,1,0.0815,0.336
2000-07-15,2000,R,,LAS,MIN,58,57,0.8021,1.0,1,0.0391,0.2205
2000-07-15,2000,R,,SAC,UTA,69,75,0.7263,0.0,0,0.5275,1.2957
2000-07-15,2000,R,,WAS,CHA,73,76,0.6816,0.0,0,0.4645,1.1443
2000-07-19,2000,R,,MIA,POR,69,62,0.5363,1.0,1,0.215,0.623
2000-07-19,2000,R,,ORL,DET,88,78,0.6531,1.0,1,0.1204,0.4261
2000-07-19,2000,R,,PHX,UTA,86,76,0.7305,1.0,1,0.0726,0.314
2000-07-19,2000,R,,SEA,NYL,55,78,0.3746,0.0,1,0.1403,0.4693
2000-07-20,2000,R,,CLE,HOU,56,74,0.2928,0.0,1,0.0857,0.3464
2000-07-20,2000,R,,LAS,NYL,82,66,0.7742,1.0,1,0.051,0.2559
2000-07-20,2000,R,,SAC,MIN,73,56,0.7081,1.0,1,0.0852,0.3452
2000-07-20,2000,R,,WAS,IND,85,74,0.6194,1.0,1,0.1448,0.479
2000-07-21,2000,R,,CHA,POR,73,64,0.5522,1.0,1,0.2005,0.5938
2000-07-21,2000,R,,DET,HOU,74,76,0.31,0.0,1,0.0961,0.371
2000-07-21,2000,R,,MIA,UTA,76,65,0.4937,1.0,0,0.2563,0.7058
2000-07-21,2000,R,,PHX,LAS,68,74,0.5518,0.0,0,0.3045,0.8026
2000-07-21,2000,R,,SEA,MIN,67,61,0.4694,1.0,0,0.2815,0.7563
2000-07-21,2000,R,,WAS,ORL,61,59,0.4771,1.0,0,0.2734,0.7399
2000-07-22,2000,R,,CLE,MIA,76,47,0.7009,1.0,1,0.0895,0.3554
2000-07-22,2000,R,,IND,CHA,80,59,0.6719,1.0,1,0.1077,0.3977
2000-07-22,2000,R,,SAC,PHX,61,60,0.616,1.0,1,0.1474,0.4845
2000-07-23,2000,R,,LAS,SAC,73,68,0.7564,1.0,1,0.0593,0.2792
2000-07-23,2000,R,,MIN,POR,80,63,0.6437,1.0,1,0.127,0.4406
2000-07-23,2000,R,,NYL,HOU,69,64,0.3988,1.0,0,0.3615,0.9193
2000-07-23,2000,R,,ORL,UTA,66,69,0.6369,0.0,0,0.4057,1.0131
2000-07-24,2000,R,,CHA,IND,82,78,0.5557,1.0,1,0.1974,0.5876
2000-07-24,2000,R,,DET,POR,57,61,0.7004,0.0,0,0.4906,1.2054
2000-07-24,2000,R,,PHX,CLE,67,57,0.7292,1.0,1,0.0733,0.3158
2000-07-24,2000,R,,WAS,NYL,64,78,0.5004,0.0,0,0.2504,0.694
2000-07-25,2000,R,,HOU,SEA,79,53,0.9061,1.0,1,0.0088,0.0986
2000-07-25,2000,R,,LAS,ORL,78,63,0.8123,1.0,1,0.0352,0.2078
2000-07-26,2000,R,,CHA,WAS,87,80,0.5598,1.0,1,0.1938,0.5802
2000-07-26,2000,R,,DET,MIA,78,62,0.6304,1.0,1,0.1366,0.4615
2000-07-26,2000,R,,PHX,IND,79,65,0.8076,1.0,1,0.037,0.2137
2000-07-26,2000,R,,POR,SAC,70,73,0.4348,0.0,1,0.1891,0.5707
2000-07-26,2000,R,,UTA,CLE,84,77,0.6696,1.0,1,0.1092,0.4011
2000-07-27,2000,R,,LAS,SEA,76,63,0.9067,1.0,1,0.0087,0.0979
2000-07-27,2000,R,,SAC,ORL,73,66,0.6965,1.0,1,0.0921,0.3617
2000-07-28,2000,R,,CHA,NYL,56,66,0.3318,0.0,1,0.1101,0.4032
2000-07-28,2000,R,,CLE,DET,80,60,0.6274,1.0,1,0.1389,0.4662
2000-07-28,2000,R,,MIN,MIA,68,44,0.7446,1.0,1,0.0652,0.2949
2000-07-28,2000,R,,POR,IND,58,73,0.6613,0.0,0,0.4373,1.0827
2000-07-28,2000,R,,SEA,PHX,55,65,0.2875,0.0,1,0.0827,0.339
2000-07-29,2000,R,,DET,CHA,75,72,0.7095,1.0,1,0.0844,0.3432
2000-07-29,2000,R,,HOU,LAS,74,84,0.7035,0.0,0,0.4949,1.2156
2000-07-29,2000,R,,NYL,CLE,81,67,0.727,1.0,1,0.0745,0.3188
2000-07-29,2000,R,,UTA,IND,79,71,0.7572,1.0,1,0.0589,0.2781
2000-07-29,2000,R,,WAS,MIN,85,87,0.5685,0.0,0,0.3232,0.8404
2000-07-30,2000,R,,PHX,SAC,63,70,0.6183,0.0,0,0.3822,0.963
2000-07-30,2000,R,,POR,ORL,76,55,0.5093,1.0,1,0.2408,0.6747
2000-07-30,2000,R,,SEA,MIA,51,64,0.556,0.0,0,0.3091,0.8119
2000-07-31,2000,R,,DET,CLE,65,76,0.593,0.0,0,0.3517,0.899
2000-07-31,2000,R,,MIN,LAS,66,73,0.343,0.0,1,0.1176,0.42
2000-07-31,2000,R,,NYL,CHA,81,56,0.8352,1.0,1,0.0272,0.1801
2000-08-01,2000,R,,HOU,WAS,68,60,0.8924,1.0,1,0.0116,0.1139
2000-08-01,2000,R,,PHX,ORL,84,77,0.7492,1.0,1,0.0629,0.2887
2000-08-01,2000,R,,POR,MIA,54,50,0.6558,1.0,1,0.1185,0.4219
2000-08-01,2000,R,,SEA,IND,66,60,0.4778,1.0,0,0.2727,0.7386
2000-08-02,2000,R,,DET,LAS,81,84,0.2789,0.0,1,0.0778,0.327
2000-08-02,2000,R,,MIN,UTA,62,72,0.5348,0.0,0,0.286,0.7653
2000-08-02,2000,R,,SAC,MIA,73,55,0.8462,1.0,1,0.0237,0.167
2000-08-03,2000,R,,CLE,UTA,74,71,0.6163,1.0,1,0.1472,0.484
2000-08-03,2000,R,,IND,WAS,71,75,0.6281,0.0,0,0.3945,0.9891
2000-08-03,2000,R,,PHX,SEA,85,63,0.8615,1.0,1,0.0192,0.1491
2000-08-04,2000,R,,IND,CLE,87,75,0.4843,1.0,0,0.2659,0.725
2000-08-04,2000,R,,MIA,CHA,60,50,0.6116,1.0,1,0.1509,0.4917
2000-08-04,2000,R,,MIN,SAC,63,74,0.4544,0.0,1,0.2065,0.6058
2000-08-04,2000,R,,NYL,ORL,70,57,0.7761,1.0,1,0.0501,0.2535
2000-08-04,2000,R,,POR,HOU,56,81,0.2796,0.0,1,0.0782,0.3279
2000-08-04,2000,R,,WAS,DET,96,72,0.5612,1.0,1,0.1926,0.5777
2000-08-05,2000,R,,CHA,UTA,84,82,0.3794,1.0,0,0.3852,0.9692
2000-08-05,2000,R,,PHX,LAS,63,77,0.4362,0.0,1,0.1903,0.5731
2000-08-06,2000,R,,CLE,WAS,77,60,0.6898,1.0,1,0.0962,0.3714
2000-08-06,2000,R,,MIA,NYL,57,41,0.3688,1.0,0,0.3984,0.9974
2000-08-06,2000,R,,MIN,IND,80,75,0.6834,1.0,1,0.1002,0.3806
2000-08-06,2000,R,,ORL,DET,92,63,0.6635,1.0,1,0.1133,0.4103
2000-08-06,2000,R,,SAC,HOU,63,76,0.4744,0.0,1,0.2251,0.6432
2000-08-06,2000,R,,SEA,POR,66,58,0.511,1.0,1,0.2392,0.6715
2000-08-07,2000,R,,IND,DET,63,74,0.61,0.0,0,0.3722,0.9417
2000-08-07,2000,R,,ORL,WAS,65,57,0.6848,1.0,1,0.0994,0.3787
2000-08-07,2000,R,,PHX,HOU,54,71,0.4467,0.0,1,0.1996,0.5919
2000-08-07,2000,R,,UTA,POR,83,73,0.7419,1.0,1,0.0666,0.2986
2000-08-08,2000,R,,CHA,MIN,67,76,0.5065,0.0,0,0.2565,0.7062
2000-08-08,2000,R,,NYL,CLE,57,44,0.7176,1.0,1,0.0798,0.3319
2000-08-08,2000,R,,SEA,LAS,52,60,0.1604,0.0,1,0.0257,0.1749
2000-08-09,2000,R,,DET,NYL,66,63,0.4292,1.0,0,0.3258,0.8457
2000-08-09,2000,R,,HOU,MIN,77,64,0.8787,1.0,1,0.0147,0.1293
2000-08-09,2000,R,,IND,CHA,67,51,0.68,1.0,1,0.1024,0.3857
2000-08-09,2000,R,,MIA,ORL,68,64,0.5655,1.0,1,0.1888,0.5701
2000-08-09,2000,R,,POR,PHX,60,68,0.419,0.0,1,0.1755,0.543
2000-08-09,2000,R,,SAC,SEA,79,46,0.8846,1.0,1,0.0133,0.1227
2000-08-09,2000,R,,UTA,LAS,89,77,0.3685,1.0,0,0.3988,0.9983
2000-08-09,2000,R,,WAS,CLE,60,48,0.5412,1.0,1,0.2105,0.614
2000-08-11,2000,P,1.0,ORL,CLE,62,55,0.6135,1.0,1,0.1494,0.4885
2000-08-11,2000,P,1.0,PHX,LAS,71,86,0.4397,0.0,1,0.1933,0.5792
2000-08-12,2000,P,1.0,SAC,HOU,64,72,0.4286,0.0,1,0.1837,0.5596
2000-08-12,2000,P,1.0,WAS,NYL,63,72,0.4141,0.0,1,0.1715,0.5346
2000-08-13,2000,P,1.0,CLE,ORL,63,54,0.6009,1.0,1,0.1593,0.5094
2000-08-13,2000,P,1.0,LAS,PHX,101,76,0.7931,1.0,1,0.0428,0.2318
2000-08-14,2000,P,1.0,HOU,SAC,75,70,0.795,1.0,1,0.042,0.2294
2000-08-14,2000,P,1.0,NYL,WAS,78,57,0.8046,1.0,1,0.0382,0.2175
2000-08-15,2000,P,1.0,CLE,ORL,72,43,0.6263,1.0,1,0.1396,0.4679
2000-08-17,2000,P,2.0,CLE,NYL,56,43,0.4645,1.0,0,0.2868,0.7669
2000-08-17,2000,P,2.0,HOU,LAS,77,56,0.6271,1.0,1,0.139,0.4666
2000-08-20,2000,P,2.0,LAS,HOU,69,74,0.5494,0.0,0,0.3018,0.7971
2000-08-20,2000,P,2.0,NYL,CLE,51,45,0.6999,1.0,1,0.0901,0.3569
2000-08-21,2000,P,2.0,NYL,CLE,81,67,0.7149,1.0,1,0.0813,0.3356
2000-08-24,2000,P,3.0,NYL,HOU,52,59,0.3473,0.0,1,0.1206,0.4267
2000-08-26,2000,P,3.0,HOU,NYL,79,73,0.8316,1.0,1,0.0284,0.1844
