date,games_remaining,team,current_w,p10,p50,p90,actual_final_w,in_range,pit
2024-10-27,1189,nba_0013,3,31,44,56,50,True,0.7033
2024-10-27,1189,nba_0019,2,31,43,55,41,True,0.445
2024-10-27,1189,nba_0006,1,28,40,54,39,True,0.4683
2024-10-27,1189,nba_0024,1,28,39,53,34,True,0.2817
2024-10-27,1189,nba_0012,2,31,44,56,50,True,0.7517
2024-10-27,1189,nba_0002,3,32,47,60,61,False,0.9283
2024-10-27,1189,nba_0017,1,29,41,54,26,False,0.0567
2024-10-27,1189,nba_0004,1,26,39,54,39,True,0.51
2024-10-27,1189,nba_0030,1,27,39,54,19,False,0.0067
2024-10-27,1189,nba_0007,0,23,36,50,50,True,0.8917
2024-10-27,1189,nba_0029,0,25,35,47,18,False,0.0217
2024-10-27,1189,nba_0026,1,27,39,52,30,True,0.17
2024-10-27,1189,nba_0009,2,32,46,57,48,True,0.5917
2024-10-27,1189,nba_0018,1,28,41,52,51,True,0.8767
2024-10-27,1189,nba_0014,1,28,42,55,37,True,0.3333
2024-10-27,1189,nba_0025,3,34,48,60,68,False,0.9967
2024-10-27,1189,nba_0010,1,26,39,52,52,True,0.9
2024-10-27,1189,nba_0011,1,28,39,52,50,True,0.8567
2024-10-27,1189,nba_0027,0,25,36,51,17,False,0.01
2024-10-27,1189,nba_0001,2,31,41,53,40,True,0.4267
2024-10-27,1189,nba_0022,1,27,38,51,36,True,0.435
2024-10-27,1189,nba_0008,0,24,37,49,44,True,0.7517
2024-10-27,1189,nba_0005,3,34,48,59,64,False,0.9667
2024-10-27,1189,nba_0015,1,28,40,55,48,True,0.7833
2024-10-27,1189,nba_0021,2,30,43,57,36,True,0.235
2024-10-27,1189,nba_0020,1,26,39,52,24,False,0.06
2024-10-27,1189,nba_0003,2,29,42,55,21,False,0.0033
2024-10-27,1189,nba_0016,2,29,43,56,49,True,0.7167
2024-10-27,1189,nba_0023,0,26,38,52,40,True,0.5883
2024-10-27,1189,nba_0028,2,30,41,54,48,True,0.7067
2024-11-03,1137,nba_0013,4,31,45,56,50,True,0.7267
2024-11-03,1137,nba_0019,3,30,42,53,41,True,0.4783
2024-11-03,1137,nba_0006,4,34,43,55,39,True,0.3033
2024-11-03,1137,nba_0012,2,26,38,50,50,True,0.9083
2024-11-03,1137,nba_0024,3,29,42,53,34,True,0.2217
2024-11-03,1137,nba_0002,6,39,51,61,61,True,0.8933
2024-11-03,1137,nba_0017,3,27,40,54,26,False,0.0883
2024-11-03,1137,nba_0004,3,29,41,53,39,True,0.3917
2024-11-03,1137,nba_0030,2,24,36,49,19,False,0.03
2024-11-03,1137,nba_0007,3,29,40,54,50,True,0.8133
2024-11-03,1137,nba_0029,2,25,36,50,18,False,0.015
2024-11-03,1137,nba_0026,2,23,34,46,30,True,0.3433
2024-11-03,1137,nba_0009,5,36,48,59,48,True,0.4967
2024-11-03,1137,nba_0018,3,34,45,55,51,True,0.73
2024-11-03,1137,nba_0014,3,31,44,55,37,True,0.215
2024-11-03,1137,nba_0025,6,41,53,63,68,False,0.9883
2024-11-03,1137,nba_0010,3,31,42,55,52,True,0.8583
2024-11-03,1137,nba_0011,2,25,38,49,50,False,0.91
2024-11-03,1137,nba_0027,0,19,29,40,17,False,0.065
2024-11-03,1137,nba_0001,3,27,39,50,40,True,0.5367
2024-11-03,1137,nba_0022,2,24,35,47,36,True,0.5333
2024-11-03,1137,nba_0008,2,26,38,50,44,True,0.7383
2024-11-03,1137,nba_0005,7,42,54,64,64,True,0.9067
2024-11-03,1137,nba_0015,1,23,36,48,48,True,0.895
2024-11-03,1137,nba_0021,5,34,46,59,36,True,0.1483
2024-11-03,1137,nba_0020,1,24,33,47,24,True,0.1017
2024-11-03,1137,nba_0003,3,27,38,50,21,False,0.0167
2024-11-03,1137,nba_0016,3,27,40,53,49,True,0.8083
2024-11-03,1137,nba_0023,3,31,43,56,40,True,0.3817
2024-11-03,1137,nba_0028,4,30,42,54,48,True,0.7433
2024-11-10,1079,nba_0013,6,31,41,54,50,True,0.8083
2024-11-10,1079,nba_0019,5,32,43,52,41,True,0.4433
2024-11-10,1079,nba_0006,5,29,39,50,39,True,0.4917
2024-11-10,1079,nba_0024,4,27,39,49,34,True,0.3333
2024-11-10,1079,nba_0012,6,32,43,54,50,True,0.7717
2024-11-10,1079,nba_0002,9,44,54,63,61,True,0.8583
2024-11-10,1079,nba_0017,4,28,41,50,26,False,0.0683
2024-11-10,1079,nba_0004,4,28,39,49,39,True,0.5267
2024-11-10,1079,nba_0030,4,27,38,50,19,False,0.0067
2024-11-10,1079,nba_0007,7,33,45,55,50,True,0.7367
2024-11-10,1079,nba_0029,2,22,32,46,18,False,0.0383
2024-11-10,1079,nba_0026,2,22,32,44,30,True,0.425
2024-11-10,1079,nba_0009,8,42,54,63,48,True,0.27
2024-11-10,1079,nba_0018,4,29,42,53,51,True,0.845
2024-11-10,1079,nba_0014,4,29,41,52,37,True,0.3267
2024-11-10,1079,nba_0025,8,41,52,61,68,False,0.9983
2024-11-10,1079,nba_0010,6,33,44,56,52,True,0.8017
2024-11-10,1079,nba_0011,5,29,41,53,50,True,0.825
2024-11-10,1079,nba_0020,2,23,32,44,24,True,0.1483
2024-11-10,1079,nba_0001,4,25,35,46,40,True,0.71
2024-11-10,1079,nba_0022,3,22,32,42,36,True,0.7
2024-11-10,1079,nba_0008,4,29,39,48,44,True,0.77
2024-11-10,1079,nba_0005,11,48,58,67,64,True,0.7933
2024-11-10,1079,nba_0015,2,25,34,46,48,False,0.9483
2024-11-10,1079,nba_0021,8,37,48,60,36,False,0.0933
2024-11-10,1079,nba_0027,2,20,29,41,17,False,0.0533
2024-11-10,1079,nba_0003,3,22,33,44,21,False,0.0917
2024-11-10,1079,nba_0016,6,32,44,55,49,True,0.7133
2024-11-10,1079,nba_0023,6,31,44,55,40,True,0.3183
2024-11-10,1079,nba_0028,7,35,46,57,48,True,0.605
2024-11-17,1027,nba_0013,9,36,48,59,50,True,0.62
2024-11-17,1027,nba_0019,8,35,46,57,41,True,0.2967
2024-11-17,1027,nba_0006,7,30,41,52,39,True,0.425
2024-11-17,1027,nba_0024,6,28,39,48,34,True,0.2783
2024-11-17,1027,nba_0012,7,31,41,51,50,True,0.8883
2024-11-17,1027,nba_0002,11,43,55,63,61,True,0.8083
2024-11-17,1027,nba_0017,5,27,37,46,26,False,0.065
2024-11-17,1027,nba_0004,5,25,35,46,39,True,0.6767
2024-11-17,1027,nba_0030,5,26,37,46,19,False,0.0133
2024-11-17,1027,nba_0007,7,31,40,52,50,True,0.86
2024-11-17,1027,nba_0029,2,19,28,37,18,False,0.075
2024-11-17,1027,nba_0026,2,20,29,39,30,True,0.5683
2024-11-17,1027,nba_0009,10,44,55,63,48,True,0.2067
2024-11-17,1027,nba_0018,7,33,45,55,51,True,0.7483
2024-11-17,1027,nba_0014,5,29,40,51,37,True,0.4017
2024-11-17,1027,nba_0025,11,41,53,62,68,False,0.9967
2024-11-17,1027,nba_0010,10,40,50,59,52,True,0.6067
2024-11-17,1027,nba_0011,6,29,40,50,50,True,0.905
2024-11-17,1027,nba_0027,3,19,30,39,17,False,0.045
2024-11-17,1027,nba_0001,6,28,37,46,40,True,0.66
2024-11-17,1027,nba_0022,6,27,36,47,36,True,0.4733
2024-11-17,1027,nba_0008,7,30,40,50,44,True,0.63
2024-11-17,1027,nba_0005,15,50,61,69,64,True,0.66
2024-11-17,1027,nba_0015,4,26,36,47,48,False,0.93
2024-11-17,1027,nba_0021,9,35,45,54,36,True,0.1333
2024-11-17,1027,nba_0020,2,19,29,39,24,True,0.28
2024-11-17,1027,nba_0003,4,20,30,41,21,True,0.1233
2024-11-17,1027,nba_0016,8,32,43,54,49,True,0.7533
2024-11-17,1027,nba_0023,8,34,44,55,40,True,0.295
2024-11-17,1027,nba_0028,8,35,45,56,48,True,0.635
2024-11-24,980,nba_0013,10,30,41,51,50,True,0.8733
2024-11-24,980,nba_0019,11,38,48,57,41,True,0.1867
2024-11-24,980,nba_0006,9,33,43,53,39,True,0.325
2024-11-24,980,nba_0012,11,37,47,57,50,True,0.6417
2024-11-24,980,nba_0024,9,32,43,52,34,True,0.1567
2024-11-24,980,nba_0002,14,48,56,64,61,True,0.7733
2024-11-24,980,nba_0017,7,28,38,48,26,False,0.0567
2024-11-24,980,nba_0004,7,26,36,45,39,True,0.6467
2024-11-24,980,nba_0030,6,27,35,46,19,False,0.0133
2024-11-24,980,nba_0007,9,35,46,55,50,True,0.66
2024-11-24,980,nba_0029,2,17,24,35,18,True,0.1517
2024-11-24,980,nba_0026,4,22,30,40,30,True,0.5067
2024-11-24,980,nba_0009,12,43,53,64,48,True,0.2783
2024-11-24,980,nba_0018,9,35,46,55,51,True,0.7533
2024-11-24,980,nba_0014,7,32,41,52,37,True,0.2783
2024-11-24,980,nba_0025,12,42,53,62,68,False,0.9917
2024-11-24,980,nba_0010,12,40,50,58,52,True,0.635
2024-11-24,980,nba_0011,7,28,38,47,50,False,0.945
2024-11-24,980,nba_0020,3,19,29,38,24,True,0.27
2024-11-24,980,nba_0001,7,27,36,46,40,True,0.6933
2024-11-24,980,nba_0022,7,26,36,46,36,True,0.5117
2024-11-24,980,nba_0008,7,28,37,46,44,True,0.86
2024-11-24,980,nba_0005,17,52,61,69,64,True,0.6567
2024-11-24,980,nba_0015,8,32,41,50,48,True,0.8533
2024-11-24,980,nba_0021,9,32,41,52,36,True,0.2417
2024-11-24,980,nba_0027,4,21,30,40,17,False,0.03
2024-11-24,980,nba_0003,4,19,27,38,21,True,0.1733
2024-11-24,980,nba_0016,8,32,40,51,49,True,0.8567
2024-11-24,980,nba_0023,8,27,38,49,40,True,0.59
2024-11-24,980,nba_0028,10,35,45,54,48,True,0.6867
2024-12-01,927,nba_0013,12,34,43,52,50,True,0.815
2024-12-01,927,nba_0019,15,44,52,61,41,False,0.0633
2024-12-01,927,nba_0006,13,39,49,56,39,True,0.0917
2024-12-01,927,nba_0012,13,38,47,55,50,True,0.7
2024-12-01,927,nba_0024,11,34,42,52,34,True,0.1083
2024-12-01,927,nba_0002,16,49,58,66,61,True,0.6983
2024-12-01,927,nba_0017,9,29,38,47,26,False,0.0317
2024-12-01,927,nba_0004,8,28,37,45,39,True,0.6283
2024-12-01,927,nba_0030,6,22,30,39,19,False,0.05
2024-12-01,927,nba_0007,10,35,44,53,50,True,0.7667
2024-12-01,927,nba_0026,6,24,32,41,30,True,0.4
2024-12-01,927,nba_0029,2,14,22,30,18,True,0.285
2024-12-01,927,nba_0009,12,40,49,57,48,True,0.4433
2024-12-01,927,nba_0018,12,40,48,57,51,True,0.6517
2024-12-01,927,nba_0014,9,31,41,51,37,True,0.285
2024-12-01,927,nba_0025,15,48,56,63,68,False,0.9783
2024-12-01,927,nba_0010,15,43,53,61,52,True,0.4583
2024-12-01,927,nba_0011,9,27,36,45,50,False,0.9733
2024-12-01,927,nba_0027,4,17,25,33,17,True,0.0917
2024-12-01,927,nba_0001,10,30,40,48,40,True,0.5267
2024-12-01,927,nba_0022,8,27,34,44,36,True,0.5817
2024-12-01,927,nba_0008,9,27,36,46,44,True,0.855
2024-12-01,927,nba_0005,18,49,58,65,64,True,0.8833
2024-12-01,927,nba_0015,10,33,42,51,48,True,0.8083
2024-12-01,927,nba_0021,11,33,42,51,36,True,0.2217
2024-12-01,927,nba_0020,4,20,29,39,24,True,0.23
2024-12-01,927,nba_0003,4,16,24,33,21,True,0.3333
2024-12-01,927,nba_0016,9,29,39,48,49,False,0.9083
2024-12-01,927,nba_0023,9,29,36,46,40,True,0.6867
2024-12-01,927,nba_0028,14,40,49,57,48,True,0.465
2024-12-08,872,nba_0013,13,32,40,50,50,True,0.905
2024-12-08,872,nba_0019,17,44,52,59,41,False,0.0517
2024-12-08,872,nba_0006,16,43,52,61,39,False,0.0317
2024-12-08,872,nba_0012,14,35,44,52,50,True,0.835
2024-12-08,872,nba_0024,12,28,37,46,34,True,0.3633
2024-12-08,872,nba_0002,19,49,57,64,61,True,0.74
2024-12-08,872,nba_0017,10,28,37,46,26,False,0.055
2024-12-08,872,nba_0004,10,28,36,45,39,True,0.6383
2024-12-08,872,nba_0030,7,21,30,38,19,False,0.0483
2024-12-08,872,nba_0007,12,36,45,53,50,True,0.7733
2024-12-08,872,nba_0026,7,22,31,40,30,True,0.4383
2024-12-08,872,nba_0029,3,14,21,29,18,True,0.3083
2024-12-08,872,nba_0009,14,38,47,56,48,True,0.5617
2024-12-08,872,nba_0018,14,40,49,57,51,True,0.6333
2024-12-08,872,nba_0014,12,35,44,54,37,True,0.1483
2024-12-08,872,nba_0025,18,49,58,65,68,False,0.965
2024-12-08,872,nba_0010,16,41,51,58,52,True,0.5667
2024-12-08,872,nba_0011,10,27,34,43,50,False,0.9933
2024-12-08,872,nba_0020,7,24,32,43,24,True,0.0917
2024-12-08,872,nba_0001,13,32,41,49,40,True,0.43
2024-12-08,872,nba_0022,8,22,30,38,36,True,0.855
2024-12-08,872,nba_0008,10,28,37,45,44,True,0.855
2024-12-08,872,nba_0005,21,48,57,65,64,True,0.885
2024-12-08,872,nba_0015,12,34,43,51,48,True,0.7833
2024-12-08,872,nba_0021,12,33,41,49,36,True,0.215
2024-12-08,872,nba_0027,5,19,27,35,17,False,0.0667
2024-12-08,872,nba_0003,5,17,22,30,21,True,0.3767
2024-12-08,872,nba_0016,12,36,44,53,49,True,0.7633
2024-12-08,872,nba_0023,12,32,41,51,40,True,0.4383
2024-12-08,872,nba_0028,17,43,51,59,48,True,0.3
2024-12-15,847,nba_0013,14,33,42,51,50,True,0.8883
2024-12-15,847,nba_0019,17,41,49,57,41,True,0.1017
2024-12-15,847,nba_0006,17,44,52,59,39,False,0.0267
2024-12-15,847,nba_0012,14,35,42,51,50,True,0.8767
2024-12-15,847,nba_0024,13,29,37,45,34,True,0.3383
2024-12-15,847,nba_0002,21,51,59,65,61,True,0.6617
2024-12-15,847,nba_0017,10,29,36,45,26,False,0.05
2024-12-15,847,nba_0004,11,29,37,46,39,True,0.6133
2024-12-15,847,nba_0030,7,20,28,36,19,False,0.0483
2024-12-15,847,nba_0007,13,37,46,54,50,True,0.7033
2024-12-15,847,nba_0029,3,13,20,27,18,True,0.395
2024-12-15,847,nba_0026,7,22,30,38,30,True,0.4883
2024-12-15,847,nba_0009,14,36,46,55,48,True,0.655
2024-12-15,847,nba_0018,16,41,49,56,51,True,0.63
2024-12-15,847,nba_0014,13,36,46,54,37,True,0.12
2024-12-15,847,nba_0025,20,51,59,66,68,False,0.9667
2024-12-15,847,nba_0010,17,43,51,58,52,True,0.5733
2024-12-15,847,nba_0011,12,28,36,45,50,False,0.9767
2024-12-15,847,nba_0027,5,17,25,33,17,True,0.1033
2024-12-15,847,nba_0001,14,34,41,50,40,True,0.43
2024-12-15,847,nba_0022,8,21,28,37,36,True,0.8767
2024-12-15,847,nba_0008,10,27,35,45,44,True,0.87
2024-12-15,847,nba_0005,22,50,59,66,64,True,0.84
2024-12-15,847,nba_0015,14,37,45,54,48,True,0.6633
2024-12-15,847,nba_0021,14,34,42,50,36,True,0.1883
2024-12-15,847,nba_0020,7,23,31,40,24,True,0.1383
2024-12-15,847,nba_0003,5,15,22,30,21,True,0.4617
2024-12-15,847,nba_0016,14,37,46,54,49,True,0.6833
2024-12-15,847,nba_0023,13,33,42,51,40,True,0.3583
2024-12-15,847,nba_0028,18,43,51,59,48,True,0.2917
2024-12-22,810,nba_0013,16,35,43,50,50,True,0.9
2024-12-22,810,nba_0019,18,42,49,56,41,False,0.0833
2024-12-22,810,nba_0006,18,43,51,59,39,False,0.0367
2024-12-22,810,nba_0012,16,36,44,52,50,True,0.855
2024-12-22,810,nba_0024,15,30,38,47,34,True,0.24
2024-12-22,810,nba_0002,22,51,58,65,61,True,0.715
2024-12-22,810,nba_0017,11,26,34,43,26,True,0.0983
2024-12-22,810,nba_0004,13,31,39,46,39,True,0.4883
2024-12-22,810,nba_0030,7,18,25,33,19,True,0.13
2024-12-22,810,nba_0007,15,39,47,55,50,True,0.6867
2024-12-22,810,nba_0026,7,20,26,33,30,True,0.7517
2024-12-22,810,nba_0029,4,15,21,29,18,True,0.29
2024-12-22,810,nba_0009,15,38,46,54,48,True,0.64
2024-12-22,810,nba_0018,18,44,52,59,51,True,0.4667
2024-12-22,810,nba_0014,13,35,43,50,37,True,0.2017
2024-12-22,810,nba_0025,22,54,62,68,68,True,0.9033
2024-12-22,810,nba_0010,19,45,52,59,52,True,0.4733
2024-12-22,810,nba_0011,14,32,40,48,50,False,0.9483
2024-12-22,810,nba_0020,9,25,33,41,24,False,0.0733
2024-12-22,810,nba_0001,14,31,39,47,40,True,0.555
2024-12-22,810,nba_0022,9,22,28,35,36,False,0.93
2024-12-22,810,nba_0008,12,29,37,44,44,True,0.895
2024-12-22,810,nba_0005,25,53,61,68,64,True,0.7
2024-12-22,810,nba_0015,15,37,46,54,48,True,0.6583
2024-12-22,810,nba_0021,14,31,38,47,36,True,0.365
2024-12-22,810,nba_0027,7,21,28,36,17,False,0.02
2024-12-22,810,nba_0003,5,14,20,27,21,True,0.5783
2024-12-22,810,nba_0016,14,34,43,50,49,True,0.8533
2024-12-22,810,nba_0023,13,28,36,43,40,True,0.7583
2024-12-22,810,nba_0028,20,45,53,60,48,True,0.1783
2024-12-29,759,nba_0013,18,37,45,52,50,True,0.82
2024-12-29,759,nba_0019,20,40,48,54,41,True,0.1217
2024-12-29,759,nba_0006,20,43,49,57,39,False,0.035
2024-12-29,759,nba_0012,18,39,47,54,50,True,0.6867
2024-12-29,759,nba_0024,16,31,37,45,34,True,0.2683
2024-12-29,759,nba_0002,23,47,55,61,61,True,0.9083
2024-12-29,759,nba_0017,12,26,33,41,26,True,0.1067
2024-12-29,759,nba_0004,14,31,38,45,39,True,0.5633
2024-12-29,759,nba_0030,7,17,23,30,19,True,0.2167
2024-12-29,759,nba_0007,17,38,47,54,50,True,0.6917
2024-12-29,759,nba_0029,5,15,21,28,18,True,0.2333
2024-12-29,759,nba_0026,7,19,24,31,30,True,0.8667
2024-12-29,759,nba_0009,16,36,42,50,48,True,0.8433
2024-12-29,759,nba_0018,22,48,54,60,51,True,0.2733
2024-12-29,759,nba_0014,16,38,45,54,37,False,0.075
2024-12-29,759,nba_0025,26,56,63,69,68,True,0.855
2024-12-29,759,nba_0010,21,43,50,57,52,True,0.6
2024-12-29,759,nba_0011,16,35,43,49,50,False,0.9367
2024-12-29,759,nba_0027,7,20,26,34,17,False,0.035
2024-12-29,759,nba_0001,18,36,43,50,40,True,0.2667
2024-12-29,759,nba_0022,11,23,30,37,36,True,0.8667
2024-12-29,759,nba_0008,14,31,38,46,44,True,0.8133
2024-12-29,759,nba_0005,27,54,62,68,64,True,0.6433
2024-12-29,759,nba_0015,16,35,43,51,48,True,0.81
2024-12-29,759,nba_0021,15,31,37,44,36,True,0.4333
2024-12-29,759,nba_0020,12,29,37,44,24,False,0.0117
2024-12-29,759,nba_0003,5,13,18,25,21,True,0.6717
2024-12-29,759,nba_0016,17,37,44,52,49,True,0.8183
2024-12-29,759,nba_0023,13,27,34,41,40,True,0.8833
2024-12-29,759,nba_0028,22,44,53,59,48,True,0.24
2025-01-05,708,nba_0013,20,39,45,52,50,True,0.83
2025-01-05,708,nba_0019,21,39,46,53,41,True,0.2083
2025-01-05,708,nba_0006,20,39,46,53,39,True,0.0917
2025-01-05,708,nba_0024,18,32,40,47,34,True,0.16
2025-01-05,708,nba_0012,20,38,45,52,50,True,0.7983
2025-01-05,708,nba_0002,26,51,57,62,61,True,0.835
2025-01-05,708,nba_0017,13,25,32,39,26,True,0.14
2025-01-05,708,nba_0004,16,32,38,45,39,True,0.57
2025-01-05,708,nba_0030,7,16,22,28,19,True,0.2583
2025-01-05,708,nba_0007,20,41,48,56,50,True,0.6083
2025-01-05,708,nba_0026,8,18,24,30,30,True,0.8817
2025-01-05,708,nba_0029,6,15,20,26,18,True,0.3583
2025-01-05,708,nba_0009,18,35,41,49,48,True,0.8767
2025-01-05,708,nba_0018,24,48,54,60,51,True,0.255
2025-01-05,708,nba_0014,17,35,41,49,37,True,0.215
2025-01-05,708,nba_0025,30,59,66,70,68,True,0.7133
2025-01-05,708,nba_0010,23,42,50,56,52,True,0.645
2025-01-05,708,nba_0011,18,36,44,51,50,True,0.85
2025-01-05,708,nba_0020,14,30,38,45,24,False,0.0
2025-01-05,708,nba_0001,18,33,40,47,40,True,0.5017
2025-01-05,708,nba_0022,12,23,29,36,36,True,0.8817
2025-01-05,708,nba_0008,17,34,42,48,44,True,0.715
2025-01-05,708,nba_0005,31,59,65,70,64,True,0.4133
2025-01-05,708,nba_0015,17,35,42,49,48,True,0.8567
2025-01-05,708,nba_0021,15,29,36,43,36,True,0.5167
2025-01-05,708,nba_0027,9,23,29,36,17,False,0.0017
2025-01-05,708,nba_0003,7,15,21,26,21,True,0.5333
2025-01-05,708,nba_0016,17,34,41,48,49,False,0.9367
2025-01-05,708,nba_0023,17,33,40,46,40,True,0.56
2025-01-05,708,nba_0028,23,43,51,57,48,True,0.3133
2025-01-12,657,nba_0013,20,37,44,50,50,True,0.9017
2025-01-12,657,nba_0019,23,40,45,51,41,True,0.155
2025-01-12,657,nba_0006,22,39,45,51,39,True,0.0967
2025-01-12,657,nba_0012,20,37,44,51,50,True,0.8683
2025-01-12,657,nba_0024,18,32,38,45,34,True,0.2217
2025-01-12,657,nba_0002,28,51,57,62,61,True,0.8633
2025-01-12,657,nba_0017,13,23,28,35,26,True,0.3133
2025-01-12,657,nba_0004,18,32,38,43,39,True,0.5933
2025-01-12,657,nba_0030,8,17,23,28,19,True,0.175
2025-01-12,657,nba_0007,23,43,49,55,50,True,0.5633
2025-01-12,657,nba_0026,8,18,23,28,30,False,0.9617
2025-01-12,657,nba_0029,6,13,18,23,18,True,0.495
2025-01-12,657,nba_0009,19,34,40,47,48,False,0.9367
2025-01-12,657,nba_0018,26,45,52,58,51,True,0.4467
2025-01-12,657,nba_0014,20,38,44,52,37,False,0.0817
2025-01-12,657,nba_0025,32,61,66,71,68,True,0.6683
2025-01-12,657,nba_0010,25,45,52,59,52,True,0.49
2025-01-12,657,nba_0011,22,42,48,53,50,True,0.7283
2025-01-12,657,nba_0027,10,21,27,34,17,False,0.005
2025-01-12,657,nba_0001,19,34,41,47,40,True,0.4617
2025-01-12,657,nba_0022,13,23,29,35,36,False,0.9333
2025-01-12,657,nba_0008,20,35,42,47,44,True,0.6733
2025-01-12,657,nba_0005,33,58,64,70,64,True,0.4917
2025-01-12,657,nba_0015,20,36,43,50,48,True,0.82
2025-01-12,657,nba_0021,19,32,38,45,36,True,0.3367
2025-01-12,657,nba_0020,15,28,34,41,24,False,0.01
2025-01-12,657,nba_0003,8,15,19,26,21,True,0.6217
2025-01-12,657,nba_0016,20,38,44,50,49,True,0.8367
2025-01-12,657,nba_0023,20,37,43,49,40,True,0.2767
2025-01-12,657,nba_0028,25,44,50,57,48,True,0.3133
2025-01-19,606,nba_0013,22,36,43,48,50,False,0.9417
2025-01-19,606,nba_0019,23,36,42,48,41,True,0.4117
2025-01-19,606,nba_0006,23,39,44,49,39,True,0.1083
2025-01-19,606,nba_0012,24,40,47,54,50,True,0.695
2025-01-19,606,nba_0024,19,30,37,43,34,True,0.3133
2025-01-19,606,nba_0002,29,49,55,60,61,False,0.9233
2025-01-19,606,nba_0017,14,23,28,35,26,True,0.2717
2025-01-19,606,nba_0004,18,28,33,39,39,True,0.9117
2025-01-19,606,nba_0030,10,20,25,32,19,False,0.0733
2025-01-19,606,nba_0007,26,46,52,57,50,True,0.345
2025-01-19,606,nba_0029,6,12,16,21,18,True,0.6867
2025-01-19,606,nba_0026,10,20,26,31,30,True,0.8567
2025-01-19,606,nba_0009,21,35,40,47,48,False,0.9283
2025-01-19,606,nba_0018,27,44,49,56,51,True,0.6383
2025-01-19,606,nba_0014,21,37,43,48,37,True,0.105
2025-01-19,606,nba_0025,35,61,66,71,68,True,0.715
2025-01-19,606,nba_0010,28,48,54,60,52,True,0.3033
2025-01-19,606,nba_0011,24,43,48,53,50,True,0.6667
2025-01-19,606,nba_0020,15,26,32,39,24,False,0.03
2025-01-19,606,nba_0001,22,37,44,49,40,True,0.2583
2025-01-19,606,nba_0022,14,21,27,32,36,False,0.98
2025-01-19,606,nba_0008,21,35,40,46,44,True,0.785
2025-01-19,606,nba_0005,35,59,65,70,64,True,0.4333
2025-01-19,606,nba_0015,24,41,47,53,48,True,0.595
2025-01-19,606,nba_0021,21,34,39,45,36,True,0.205
2025-01-19,606,nba_0027,10,19,24,30,17,False,0.0333
2025-01-19,606,nba_0003,11,18,23,28,21,True,0.3017
2025-01-19,606,nba_0016,22,38,44,49,49,True,0.8917
2025-01-19,606,nba_0023,22,37,43,48,40,True,0.265
2025-01-19,606,nba_0028,27,46,52,58,48,True,0.175
2025-01-26,558,nba_0013,25,39,45,51,50,True,0.8717
2025-01-26,558,nba_0019,24,36,41,46,41,True,0.4833
2025-01-26,558,nba_0006,24,37,43,48,39,True,0.1633
2025-01-26,558,nba_0012,26,40,46,51,50,True,0.8433
2025-01-26,558,nba_0024,20,31,37,43,34,True,0.2417
2025-01-26,558,nba_0002,32,51,57,61,61,True,0.9033
2025-01-26,558,nba_0017,14,22,27,32,26,True,0.4467
2025-01-26,558,nba_0004,19,28,32,38,39,False,0.9483
2025-01-26,558,nba_0030,12,21,26,31,19,False,0.04
2025-01-26,558,nba_0007,28,45,51,56,50,True,0.3717
2025-01-26,558,nba_0026,13,24,29,35,30,True,0.5717
2025-01-26,558,nba_0029,6,12,16,21,18,True,0.7433
2025-01-26,558,nba_0009,22,33,38,45,48,False,0.9917
2025-01-26,558,nba_0018,30,46,51,57,51,True,0.48
2025-01-26,558,nba_0014,22,35,41,47,37,True,0.2117
2025-01-26,558,nba_0025,37,60,65,69,68,True,0.8267
2025-01-26,558,nba_0010,30,50,55,60,52,True,0.23
2025-01-26,558,nba_0011,25,42,48,53,50,True,0.685
2025-01-26,558,nba_0027,10,18,23,28,17,False,0.0517
2025-01-26,558,nba_0001,22,33,39,45,40,True,0.6333
2025-01-26,558,nba_0022,17,26,31,36,36,True,0.8917
2025-01-26,558,nba_0008,23,37,42,49,44,True,0.6383
2025-01-26,558,nba_0005,36,57,62,67,64,True,0.6717
2025-01-26,558,nba_0015,25,41,47,53,48,True,0.6117
2025-01-26,558,nba_0021,23,35,40,45,36,True,0.1417
2025-01-26,558,nba_0020,17,29,34,39,24,False,0.01
2025-01-26,558,nba_0003,12,18,22,27,21,True,0.3883
2025-01-26,558,nba_0016,24,40,46,51,49,True,0.7767
2025-01-26,558,nba_0023,23,37,42,47,40,True,0.3067
2025-01-26,558,nba_0028,31,49,54,59,48,False,0.0683
2025-02-02,505,nba_0013,28,42,47,53,50,True,0.745
2025-02-02,505,nba_0019,24,34,38,43,41,True,0.7533
2025-02-02,505,nba_0006,26,37,42,47,39,True,0.25
2025-02-02,505,nba_0024,21,31,36,42,34,True,0.275
2025-02-02,505,nba_0012,28,40,46,51,50,True,0.865
2025-02-02,505,nba_0002,35,53,57,61,61,True,0.9017
2025-02-02,505,nba_0017,16,24,29,33,26,True,0.2417
2025-02-02,505,nba_0004,21,29,34,38,39,False,0.9233
2025-02-02,505,nba_0030,12,18,22,28,19,True,0.1633
2025-02-02,505,nba_0007,30,46,51,55,50,True,0.4483
2025-02-02,505,nba_0026,16,25,30,36,30,True,0.47
2025-02-02,505,nba_0029,7,12,15,19,18,True,0.83
2025-02-02,505,nba_0009,24,34,39,44,48,False,0.9883
2025-02-02,505,nba_0018,32,47,51,57,51,True,0.4483
2025-02-02,505,nba_0014,24,38,42,47,37,False,0.075
2025-02-02,505,nba_0025,38,60,64,68,68,True,0.8767
2025-02-02,505,nba_0010,32,49,55,59,52,True,0.2767
2025-02-02,505,nba_0011,27,44,49,53,50,True,0.6483
2025-02-02,505,nba_0027,11,17,22,26,17,True,0.09
2025-02-02,505,nba_0001,22,32,37,42,40,True,0.7583
2025-02-02,505,nba_0022,20,29,33,39,36,True,0.7133
2025-02-02,505,nba_0008,25,39,43,49,44,True,0.6133
2025-02-02,505,nba_0005,40,59,64,68,64,True,0.5217
2025-02-02,505,nba_0015,26,39,44,50,48,True,0.7967
2025-02-02,505,nba_0021,25,35,39,45,36,True,0.1683
2025-02-02,505,nba_0020,19,30,34,40,24,False,0.005
2025-02-02,505,nba_0003,12,17,21,26,21,True,0.4783
2025-02-02,505,nba_0016,27,42,47,52,49,True,0.755
2025-02-02,505,nba_0023,24,37,42,47,40,True,0.3283
2025-02-02,505,nba_0028,33,48,54,59,48,True,0.085
2025-02-09,450,nba_0013,31,45,50,54,50,True,0.5367
2025-02-09,450,nba_0019,26,35,39,43,41,True,0.7167
2025-02-09,450,nba_0006,28,39,44,49,39,True,0.1033
2025-02-09,450,nba_0024,22,31,36,40,34,True,0.3383
2025-02-09,450,nba_0012,29,39,44,49,50,False,0.9483
2025-02-09,450,nba_0002,37,54,58,61,61,True,0.855
2025-02-09,450,nba_0017,18,26,29,35,26,True,0.155
2025-02-09,450,nba_0004,22,29,33,38,39,False,0.93
2025-02-09,450,nba_0030,13,18,21,26,19,True,0.2067
2025-02-09,450,nba_0007,34,48,52,56,50,True,0.2483
2025-02-09,450,nba_0029,9,14,17,21,18,True,0.6
2025-02-09,450,nba_0026,16,24,28,33,30,True,0.655
2025-02-09,450,nba_0009,26,35,40,44,48,False,0.99
2025-02-09,450,nba_0018,34,47,52,56,51,True,0.3967
2025-02-09,450,nba_0014,25,36,41,45,37,True,0.1333
2025-02-09,450,nba_0025,42,63,66,69,68,True,0.7717
2025-02-09,450,nba_0010,33,46,51,55,52,True,0.6083
2025-02-09,450,nba_0011,29,43,48,52,50,True,0.7233
2025-02-09,450,nba_0027,12,18,22,26,17,False,0.0583
2025-02-09,450,nba_0001,25,34,39,44,40,True,0.57
2025-02-09,450,nba_0022,23,31,35,40,36,True,0.5733
2025-02-09,450,nba_0008,27,38,42,47,44,True,0.6717
2025-02-09,450,nba_0005,42,59,64,67,64,True,0.5717
2025-02-09,450,nba_0015,28,39,44,49,48,True,0.8267
2025-02-09,450,nba_0021,26,34,39,44,36,True,0.2317
2025-02-09,450,nba_0020,20,29,33,39,24,False,0.0
2025-02-09,450,nba_0003,12,17,20,25,21,True,0.565
2025-02-09,450,nba_0016,30,43,47,52,49,True,0.7383
2025-02-09,450,nba_0023,26,36,41,46,40,True,0.4433
2025-02-09,450,nba_0028,35,50,54,58,48,False,0.0417
2025-02-16,416,nba_0013,32,44,49,53,50,True,0.6817
2025-02-16,416,nba_0019,27,35,39,43,41,True,0.75
2025-02-16,416,nba_0006,30,40,44,48,39,False,0.045
2025-02-16,416,nba_0012,31,41,45,50,50,True,0.8967
2025-02-16,416,nba_0024,23,31,36,40,34,True,0.3267
2025-02-16,416,nba_0002,39,54,59,62,61,True,0.7733
2025-02-16,416,nba_0017,20,26,30,35,26,True,0.0967
2025-02-16,416,nba_0004,22,28,31,36,39,False,0.995
2025-02-16,416,nba_0030,13,17,20,24,19,True,0.2683
2025-02-16,416,nba_0007,36,49,53,57,50,True,0.1517
2025-02-16,416,nba_0026,17,26,30,34,30,True,0.5217
2025-02-16,416,nba_0029,9,13,16,21,18,True,0.7167
2025-02-16,416,nba_0009,28,37,41,46,48,False,0.9717
2025-02-16,416,nba_0018,36,48,53,58,51,True,0.285
2025-02-16,416,nba_0014,25,36,39,43,37,True,0.2383
2025-02-16,416,nba_0025,44,62,65,68,68,True,0.9167
2025-02-16,416,nba_0010,34,46,50,55,52,True,0.6833
2025-02-16,416,nba_0011,30,43,47,51,50,True,0.8
2025-02-16,416,nba_0027,13,18,22,26,17,False,0.0417
2025-02-16,416,nba_0001,26,36,40,44,40,True,0.54
2025-02-16,416,nba_0022,23,31,35,39,36,True,0.6567
2025-02-16,416,nba_0008,29,40,44,48,44,True,0.4967
2025-02-16,416,nba_0005,44,61,64,68,64,True,0.4417
2025-02-16,416,nba_0015,29,39,44,49,48,True,0.8633
2025-02-16,416,nba_0021,26,34,38,42,36,True,0.3
2025-02-16,416,nba_0020,20,28,32,36,24,False,0.005
2025-02-16,416,nba_0003,13,17,21,25,21,True,0.5733
2025-02-16,416,nba_0016,31,43,47,51,49,True,0.7017
2025-02-16,416,nba_0023,28,37,41,45,40,True,0.36
2025-02-16,416,nba_0028,36,50,54,57,48,False,0.0517
2025-02-23,382,nba_0013,34,45,49,54,50,True,0.5833
2025-02-23,382,nba_0019,29,36,40,43,41,True,0.695
2025-02-23,382,nba_0006,31,40,44,48,39,False,0.0517
2025-02-23,382,nba_0012,31,40,44,48,50,False,0.9567
2025-02-23,382,nba_0024,24,31,35,39,34,True,0.365
2025-02-23,382,nba_0002,41,56,59,63,61,True,0.7517
2025-02-23,382,nba_0017,21,27,31,35,26,False,0.05
2025-02-23,382,nba_0004,22,27,31,35,39,False,0.9983
2025-02-23,382,nba_0030,14,18,21,25,19,True,0.195
2025-02-23,382,nba_0007,37,48,52,55,50,True,0.31
2025-02-23,382,nba_0026,18,25,29,34,30,True,0.5733
2025-02-23,382,nba_0029,9,12,16,19,18,True,0.8117
2025-02-23,382,nba_0009,30,39,43,48,48,True,0.9167
2025-02-23,382,nba_0018,37,48,52,55,51,True,0.4083
2025-02-23,382,nba_0014,26,36,40,44,37,True,0.2267
2025-02-23,382,nba_0025,46,63,66,69,68,True,0.7967
2025-02-23,382,nba_0010,35,47,50,54,52,True,0.7367
2025-02-23,382,nba_0011,32,45,49,53,50,True,0.6033
2025-02-23,382,nba_0020,20,27,31,34,24,False,0.015
2025-02-23,382,nba_0001,26,34,38,42,40,True,0.7567
2025-02-23,382,nba_0022,24,31,35,38,36,True,0.67
2025-02-23,382,nba_0008,31,42,46,49,44,True,0.2767
2025-02-23,382,nba_0005,47,62,66,69,64,True,0.24
2025-02-23,382,nba_0015,32,41,45,49,48,True,0.8
2025-02-23,382,nba_0021,27,34,37,41,36,True,0.3583
2025-02-23,382,nba_0027,14,19,23,27,17,False,0.0117
2025-02-23,382,nba_0003,14,18,21,25,21,True,0.4833
2025-02-23,382,nba_0016,31,42,46,49,49,True,0.8983
2025-02-23,382,nba_0023,28,35,39,44,40,True,0.5667
2025-02-23,382,nba_0028,37,49,53,57,48,False,0.0533
2025-03-02,328,nba_0013,38,49,52,55,50,True,0.235
2025-03-02,328,nba_0019,29,34,37,40,41,False,0.9367
2025-03-02,328,nba_0006,32,39,43,46,39,True,0.1133
2025-03-02,328,nba_0024,25,31,34,38,34,True,0.4783
2025-03-02,328,nba_0012,32,40,43,47,50,False,0.99
2025-03-02,328,nba_0002,43,55,59,61,61,True,0.8467
2025-03-02,328,nba_0017,21,25,28,32,26,True,0.1517
2025-03-02,328,nba_0004,24,28,32,35,39,False,0.9983
2025-03-02,328,nba_0030,14,17,20,23,19,True,0.4017
2025-03-02,328,nba_0007,39,49,52,55,50,True,0.1833
2025-03-02,328,nba_0029,11,14,17,20,18,True,0.69
2025-03-02,328,nba_0026,19,26,29,33,30,True,0.6033
2025-03-02,328,nba_0009,32,40,44,48,48,True,0.8967
2025-03-02,328,nba_0018,40,50,54,57,51,True,0.1633
2025-03-02,328,nba_0014,28,37,41,44,37,True,0.1167
2025-03-02,328,nba_0025,49,63,66,69,68,True,0.8283
2025-03-02,328,nba_0010,37,46,50,53,52,True,0.7983
2025-03-02,328,nba_0011,34,44,48,51,50,True,0.77
2025-03-02,328,nba_0020,21,27,30,34,24,False,0.0117
2025-03-02,328,nba_0001,27,34,37,41,40,True,0.805
2025-03-02,328,nba_0022,27,33,36,40,36,True,0.4817
2025-03-02,328,nba_0008,34,43,46,50,44,True,0.1767
2025-03-02,328,nba_0005,50,64,67,70,64,True,0.1083
2025-03-02,328,nba_0015,34,42,46,50,48,True,0.715
2025-03-02,328,nba_0021,28,32,35,38,36,True,0.645
2025-03-02,328,nba_0027,15,18,21,24,17,False,0.0283
2025-03-02,328,nba_0003,17,21,23,26,21,True,0.1433
2025-03-02,328,nba_0016,33,43,46,49,49,True,0.895
2025-03-02,328,nba_0023,31,39,42,46,40,True,0.235
2025-03-02,328,nba_0028,38,48,51,55,48,True,0.15
2025-03-09,274,nba_0013,40,49,52,55,50,True,0.2317
2025-03-09,274,nba_0019,30,34,37,40,41,False,0.9633
2025-03-09,274,nba_0006,32,37,39,42,39,True,0.47
2025-03-09,274,nba_0012,35,41,45,48,50,False,0.9883
2025-03-09,274,nba_0024,26,31,34,38,34,True,0.4533
2025-03-09,274,nba_0002,46,57,60,62,61,True,0.7167
2025-03-09,274,nba_0017,21,24,27,30,26,True,0.3617
2025-03-09,274,nba_0004,26,30,33,36,39,False,1.0
2025-03-09,274,nba_0030,15,17,19,22,19,True,0.4617
2025-03-09,274,nba_0007,41,49,52,55,50,True,0.15
2025-03-09,274,nba_0026,21,27,29,33,30,True,0.6033
2025-03-09,274,nba_0029,13,16,18,21,18,True,0.4583
2025-03-09,274,nba_0009,36,44,47,50,48,True,0.6983
2025-03-09,274,nba_0018,40,48,51,54,51,True,0.47
2025-03-09,274,nba_0014,29,36,39,42,37,True,0.2567
2025-03-09,274,nba_0025,53,64,67,69,68,True,0.69
2025-03-09,274,nba_0010,39,47,50,53,52,True,0.8233
2025-03-09,274,nba_0011,35,44,47,50,50,True,0.905
2025-03-09,274,nba_0020,22,26,29,32,24,False,0.0067
2025-03-09,274,nba_0001,30,36,40,43,40,True,0.525
2025-03-09,274,nba_0022,28,33,36,39,36,True,0.515
2025-03-09,274,nba_0008,36,43,46,49,44,True,0.175
2025-03-09,274,nba_0005,54,65,68,70,64,False,0.0267
2025-03-09,274,nba_0015,36,43,46,50,48,True,0.77
2025-03-09,274,nba_0021,30,34,36,40,36,True,0.4617
2025-03-09,274,nba_0027,15,17,20,22,17,True,0.07
2025-03-09,274,nba_0003,17,20,22,25,21,True,0.3017
2025-03-09,274,nba_0016,37,45,48,50,49,True,0.75
2025-03-09,274,nba_0023,33,39,42,45,40,True,0.195
2025-03-09,274,nba_0028,40,47,51,53,48,True,0.16
2025-03-16,218,nba_0013,41,47,50,53,50,True,0.5233
2025-03-16,218,nba_0019,32,35,38,41,41,True,0.9083
2025-03-16,218,nba_0006,33,36,38,41,39,True,0.68
2025-03-16,218,nba_0012,38,43,45,48,50,False,0.9933
2025-03-16,218,nba_0024,28,31,33,36,34,True,0.6883
2025-03-16,218,nba_0002,49,58,60,62,61,True,0.79
2025-03-16,218,nba_0017,23,26,28,30,26,True,0.155
2025-03-16,218,nba_0004,28,32,35,37,39,False,0.9883
2025-03-16,218,nba_0030,17,19,21,23,19,True,0.145
2025-03-16,218,nba_0007,43,49,52,54,50,True,0.2317
2025-03-16,218,nba_0026,24,28,31,34,30,True,0.3817
2025-03-16,218,nba_0029,15,17,20,23,18,True,0.18
2025-03-16,218,nba_0009,39,45,48,51,48,True,0.4983
2025-03-16,218,nba_0018,42,49,52,55,51,True,0.3333
2025-03-16,218,nba_0014,29,33,36,39,37,True,0.6517
2025-03-16,218,nba_0025,56,66,68,69,68,True,0.6133
2025-03-16,218,nba_0010,43,49,51,54,52,True,0.6733
2025-03-16,218,nba_0011,37,44,46,49,50,False,0.97
2025-03-16,218,nba_0020,23,26,29,31,24,False,0.0067
2025-03-16,218,nba_0001,32,36,39,41,40,True,0.71
2025-03-16,218,nba_0022,29,33,35,38,36,True,0.6017
2025-03-16,218,nba_0008,37,42,45,47,44,True,0.335
2025-03-16,218,nba_0005,56,65,68,70,64,False,0.0167
2025-03-16,218,nba_0015,38,44,46,49,48,True,0.7533
2025-03-16,218,nba_0021,31,34,36,39,36,True,0.4717
2025-03-16,218,nba_0027,15,16,18,20,17,True,0.23
2025-03-16,218,nba_0003,18,20,22,24,21,True,0.2967
2025-03-16,218,nba_0016,40,47,49,51,49,True,0.5067
2025-03-16,218,nba_0023,33,38,40,43,40,True,0.4317
2025-03-16,218,nba_0028,43,48,51,54,48,True,0.08
2025-03-23,165,nba_0013,43,46,49,51,50,True,0.74
2025-03-23,165,nba_0019,33,36,38,41,41,True,0.93
2025-03-23,165,nba_0006,34,37,38,41,39,True,0.61
2025-03-23,165,nba_0024,31,33,35,37,34,True,0.3267
2025-03-23,165,nba_0012,40,44,46,48,50,False,0.9967
2025-03-23,165,nba_0002,52,59,60,62,61,True,0.6467
2025-03-23,165,nba_0017,23,26,28,30,26,True,0.1883
2025-03-23,165,nba_0004,31,34,36,39,39,True,0.9
2025-03-23,165,nba_0030,18,19,21,23,19,True,0.0867
2025-03-23,165,nba_0007,45,50,52,54,50,True,0.1633
2025-03-23,165,nba_0029,15,17,19,21,18,True,0.3533
2025-03-23,165,nba_0026,24,27,29,31,30,True,0.7333
2025-03-23,165,nba_0009,41,45,47,50,48,True,0.6083
2025-03-23,165,nba_0018,44,48,51,53,51,True,0.5517
2025-03-23,165,nba_0014,30,32,35,37,37,True,0.8683
2025-03-23,165,nba_0025,59,66,68,70,68,True,0.43
2025-03-23,165,nba_0010,46,49,52,54,52,True,0.6183
2025-03-23,165,nba_0011,41,46,48,50,50,True,0.8783
2025-03-23,165,nba_0001,35,38,41,43,40,True,0.385
2025-03-23,165,nba_0022,32,34,37,39,36,True,0.3517
2025-03-23,165,nba_0008,40,43,45,48,44,True,0.2167
2025-03-23,165,nba_0005,57,63,65,67,64,True,0.2283
2025-03-23,165,nba_0015,40,45,48,50,48,True,0.5567
2025-03-23,165,nba_0021,34,36,38,40,36,True,0.1367
2025-03-23,165,nba_0020,23,26,28,30,24,False,0.02
2025-03-23,165,nba_0003,19,21,22,24,21,True,0.1833
2025-03-23,165,nba_0016,41,45,47,49,49,True,0.8633
2025-03-23,165,nba_0023,35,38,40,42,40,True,0.4533
2025-03-23,165,nba_0028,43,47,49,51,48,True,0.2883
2025-03-23,165,nba_0027,16,17,18,20,17,True,0.2291
2025-03-30,113,nba_0013,45,47,49,51,50,True,0.77
2025-03-30,113,nba_0019,36,37,39,41,41,True,0.905
2025-03-30,113,nba_0006,37,39,40,42,39,True,0.1817
2025-03-30,113,nba_0012,42,45,47,49,50,False,0.9883
2025-03-30,113,nba_0024,31,32,34,35,34,True,0.6067
2025-03-30,113,nba_0002,55,60,62,63,61,True,0.34
2025-03-30,113,nba_0017,24,25,26,28,26,True,0.4267
2025-03-30,113,nba_0004,33,36,37,39,39,True,0.895
2025-03-30,113,nba_0030,18,18,20,21,19,True,0.2717
2025-03-30,113,nba_0007,47,49,51,53,50,True,0.1983
2025-03-30,113,nba_0029,16,17,18,19,18,True,0.5167
2025-03-30,113,nba_0026,28,29,31,33,30,True,0.1917
2025-03-30,113,nba_0009,43,46,47,49,48,True,0.6483
2025-03-30,113,nba_0018,47,49,51,53,51,True,0.4467
2025-03-30,113,nba_0014,33,35,37,39,37,True,0.4217
2025-03-30,113,nba_0025,62,68,69,70,68,True,0.2117
2025-03-30,113,nba_0010,49,51,53,54,52,True,0.33
2025-03-30,113,nba_0011,43,47,48,50,50,True,0.92
2025-03-30,113,nba_0001,36,39,40,42,40,True,0.4033
2025-03-30,113,nba_0022,32,34,35,37,36,True,0.6733
2025-03-30,113,nba_0008,42,44,46,48,44,True,0.1017
2025-03-30,113,nba_0005,60,64,65,67,64,True,0.165
2025-03-30,113,nba_0015,40,43,45,46,48,False,0.99
2025-03-30,113,nba_0021,35,36,37,39,36,True,0.1617
2025-03-30,113,nba_0020,23,24,25,27,24,True,0.175
2025-03-30,113,nba_0003,21,21,23,24,21,True,0.0583
2025-03-30,113,nba_0016,43,46,48,49,49,True,0.845
2025-03-30,113,nba_0023,36,38,40,41,40,True,0.6017
2025-03-30,113,nba_0028,44,47,48,50,48,True,0.4233
2025-03-30,113,nba_0027,16,16,17,19,17,True,0.398
2025-04-06,57,nba_0013,48,49,50,51,50,True,0.5467
2025-04-06,57,nba_0019,38,38,40,41,41,True,0.8967
2025-04-06,57,nba_0006,38,38,39,40,39,True,0.395
2025-04-06,57,nba_0012,46,47,48,50,50,True,0.9283
2025-04-06,57,nba_0024,32,32,33,35,34,True,0.735
2025-04-06,57,nba_0002,58,60,61,62,61,True,0.4367
2025-04-06,57,nba_0004,36,37,38,39,39,True,0.7483
2025-04-06,57,nba_0030,19,19,19,21,19,True,0.2817
2025-04-06,57,nba_0029,17,17,18,19,18,True,0.5583
2025-04-06,57,nba_0026,29,30,30,32,30,True,0.3067
2025-04-06,57,nba_0009,46,47,49,50,48,True,0.3233
2025-04-06,57,nba_0018,50,51,52,53,51,True,0.17
2025-04-06,57,nba_0014,35,36,38,39,37,True,0.3067
2025-04-06,57,nba_0025,64,66,67,68,68,True,0.7517
2025-04-06,57,nba_0010,52,52,54,55,52,True,0.0583
2025-04-06,57,nba_0011,47,48,49,50,50,True,0.7667
2025-04-06,57,nba_0001,37,38,39,40,40,True,0.785
2025-04-06,57,nba_0022,35,36,37,38,36,True,0.2683
2025-04-06,57,nba_0008,43,44,45,47,44,True,0.12
2025-04-06,57,nba_0005,62,64,65,66,64,True,0.22
2025-04-06,57,nba_0015,44,45,46,48,48,True,0.935
2025-04-06,57,nba_0003,21,21,22,23,21,True,0.1517
2025-04-06,57,nba_0016,46,48,49,50,49,True,0.58
2025-04-06,57,nba_0023,38,39,40,41,40,True,0.5533
2025-04-06,57,nba_0028,46,47,48,50,48,True,0.3667
2025-04-06,57,nba_0007,47,47,49,50,50,True,0.9415
2025-04-06,57,nba_0020,23,23,24,26,24,True,0.3662
2025-04-06,57,nba_0017,25,25,26,28,26,True,0.3763
2025-04-06,57,nba_0021,35,35,37,38,36,True,0.2836
2025-04-06,57,nba_0027,16,16,16,17,17,True,0.7678
