Date,Season,Type,Round,Team,Opp,HomeAway,PointsFor,PointsAgainst,OT,TeamAPRank,OppAPRank
2007-08-30,2007,R,,boise-state,weber-state,H,56,7,0,24.0,
2007-08-30,2007,R,,weber-state,boise-state,A,7,56,0,,24.0
2007-08-30,2007,R,,cincinnati,southeast-missouri-state,H,59,3,0,,
2007-08-30,2007,R,,southeast-missouri-state,cincinnati,A,3,59,0,,
2007-08-30,2007,R,,kent-state,iowa-state,A,23,14,0,,
2007-08-30,2007,R,,iowa-state,kent-state,H,14,23,0,,
2007-08-30,2007,R,,louisiana-state,mississippi-state,A,45,0,0,2.0,
2007-08-30,2007,R,,mississippi-state,louisiana-state,H,0,45,0,,2.0
2007-08-30,2007,R,,louisville,murray-state,H,73,10,0,10.0,
2007-08-30,2007,R,,murray-state,louisville,A,10,73,0,,10.0
2007-08-30,2007,R,,miami-oh,ball-state,A,14,13,0,,
2007-08-30,2007,R,,ball-state,miami-oh,H,13,14,0,,
2007-08-30,2007,R,,nevada-las-vegas,utah-state,A,23,16,0,,
2007-08-30,2007,R,,utah-state,nevada-las-vegas,H,16,23,0,,
2007-08-30,2007,R,,new-mexico-state,southeastern-louisiana,H,35,14,0,,
2007-08-30,2007,R,,southeastern-louisiana,new-mexico-state,A,14,35,0,,
2007-08-30,2007,R,,oregon-state,utah,H,24,7,0,,
2007-08-30,2007,R,,utah,oregon-state,A,7,24,0,,
2007-08-30,2007,R,,rutgers,buffalo,H,38,3,0,16.0,
2007-08-30,2007,R,,buffalo,rutgers,A,3,38,0,,16.0
2007-08-30,2007,R,,tulsa,louisiana-monroe,A,35,17,0,,
2007-08-30,2007,R,,louisiana-monroe,tulsa,H,17,35,0,,
2007-08-31,2007,R,,navy,temple,A,30,19,0,,
2007-08-31,2007,R,,temple,navy,H,19,30,0,,
2007-08-31,2007,R,,washington,syracuse,A,42,12,0,,
2007-08-31,2007,R,,syracuse,washington,H,12,42,0,,
2007-09-01,2007,R,,air-force,south-carolina-state,H,34,3,0,,
2007-09-01,2007,R,,south-carolina-state,air-force,A,3,34,0,,
2007-09-01,2007,R,,akron,army,H,22,14,0,,
2007-09-01,2007,R,,army,akron,A,14,22,0,,
2007-09-01,2007,R,,alabama,western-carolina,H,52,6,0,,
2007-09-01,2007,R,,western-carolina,alabama,A,6,52,0,,
2007-09-01,2007,R,,appalachian-state,michigan,A,34,32,0,,5.0
2007-09-01,2007,R,,michigan,appalachian-state,H,32,34,0,5.0,
2007-09-01,2007,R,,arizona-state,san-jose-state,H,45,3,0,,
2007-09-01,2007,R,,san-jose-state,arizona-state,A,3,45,0,,
2007-09-01,2007,R,,arkansas,troy,H,46,26,0,21.0,
2007-09-01,2007,R,,troy,arkansas,A,26,46,0,,21.0
2007-09-01,2007,R,,auburn,kansas-state,H,23,13,0,18.0,
2007-09-01,2007,R,,kansas-state,auburn,A,13,23,0,,18.0
2007-09-01,2007,R,,boston-college,wake-forest,H,38,28,0,,
2007-09-01,2007,R,,wake-forest,boston-college,A,28,38,0,,
2007-09-01,2007,R,,bowling-green,minnesota,A,32,31,0,,
2007-09-01,2007,R,,minnesota,bowling-green,H,31,32,0,,
2007-09-01,2007,R,,brigham-young,arizona,H,20,7,0,,
2007-09-01,2007,R,,arizona,brigham-young,A,7,20,0,,
2007-09-01,2007,R,,california,tennessee,H,45,31,0,12.0,15.0
2007-09-01,2007,R,,tennessee,california,A,31,45,0,15.0,12.0
2007-09-01,2007,R,,central-florida,north-carolina-state,A,25,23,0,,
2007-09-01,2007,R,,north-carolina-state,central-florida,H,23,25,0,,
2007-09-01,2007,R,,colorado,colorado-state,N,31,28,0,,
2007-09-01,2007,R,,colorado-state,colorado,N,28,31,0,,
2007-09-01,2007,R,,connecticut,duke,A,45,14,0,,
2007-09-01,2007,R,,duke,connecticut,H,14,45,0,,
2007-09-01,2007,R,,florida,western-kentucky,H,49,3,0,6.0,
2007-09-01,2007,R,,western-kentucky,florida,A,3,49,0,,6.0
2007-09-01,2007,R,,florida-atlantic,middle-tennessee-state,H,27,14,0,,
2007-09-01,2007,R,,middle-tennessee-state,florida-atlantic,A,14,27,0,,
2007-09-01,2007,R,,fresno-state,sacramento-state,H,24,3,0,,
2007-09-01,2007,R,,sacramento-state,fresno-state,A,3,24,0,,
2007-09-01,2007,R,,georgia,oklahoma-state,H,35,14,0,13.0,
2007-09-01,2007,R,,oklahoma-state,georgia,A,14,35,0,,13.0
2007-09-01,2007,R,,georgia-tech,notre-dame,A,33,3,0,,
2007-09-01,2007,R,,notre-dame,georgia-tech,H,3,33,0,,
2007-09-01,2007,R,,hawaii,northern-colorado,H,63,6,0,23.0,
2007-09-01,2007,R,,northern-colorado,hawaii,A,6,63,0,,23.0
2007-09-01,2007,R,,indiana,indiana-state,H,55,7,0,,
2007-09-01,2007,R,,indiana-state,indiana,A,7,55,0,,
2007-09-01,2007,R,,iowa,northern-illinois,A,16,3,0,,
2007-09-01,2007,R,,northern-illinois,iowa,H,3,16,0,,
2007-09-01,2007,R,,kansas,central-michigan,H,52,7,0,,
2007-09-01,2007,R,,central-michigan,kansas,A,7,52,0,,
2007-09-01,2007,R,,kentucky,eastern-kentucky,H,50,10,0,,
2007-09-01,2007,R,,eastern-kentucky,kentucky,A,10,50,0,,
2007-09-01,2007,R,,louisiana-tech,central-arkansas,H,28,7,0,,
2007-09-01,2007,R,,central-arkansas,louisiana-tech,A,7,28,0,,
2007-09-01,2007,R,,maryland,villanova,H,31,14,0,,
2007-09-01,2007,R,,villanova,maryland,A,14,31,0,,
2007-09-01,2007,R,,miami-fl,marshall,H,31,3,0,,
2007-09-01,2007,R,,marshall,miami-fl,A,3,31,0,,
2007-09-01,2007,R,,michigan-state,alabama-birmingham,H,55,18,0,,
2007-09-01,2007,R,,alabama-birmingham,michigan-state,A,18,55,0,,
2007-09-01,2007,R,,mississippi,memphis,A,23,21,0,,
2007-09-01,2007,R,,memphis,mississippi,H,21,23,0,,
2007-09-01,2007,R,,missouri,illinois,N,40,34,0,,
2007-09-01,2007,R,,illinois,missouri,N,34,40,0,,
2007-09-01,2007,R,,nebraska,nevada,H,52,10,0,20.0,
2007-09-01,2007,R,,nevada,nebraska,A,10,52,0,,20.0
2007-09-01,2007,R,,nicholls-state,rice,A,16,14,0,,
2007-09-01,2007,R,,rice,nicholls-state,H,14,16,0,,
2007-09-01,2007,R,,north-carolina,james-madison,H,37,14,0,,
2007-09-01,2007,R,,james-madison,north-carolina,A,14,37,0,,
2007-09-01,2007,R,,northwestern,northeastern,H,27,0,0,,
2007-09-01,2007,R,,northeastern,northwestern,A,0,27,0,,
2007-09-01,2007,R,,ohio,gardner-webb,H,36,14,0,,
2007-09-01,2007,R,,gardner-webb,ohio,A,14,36,0,,
2007-09-01,2007,R,,ohio-state,youngstown-state,H,38,6,0,11.0,
2007-09-01,2007,R,,youngstown-state,ohio-state,A,6,38,0,,11.0
2007-09-01,2007,R,,oklahoma,north-texas,H,79,10,0,8.0,
2007-09-01,2007,R,,north-texas,oklahoma,A,10,79,0,,8.0
2007-09-01,2007,R,,oregon,houston,H,48,27,0,,
2007-09-01,2007,R,,houston,oregon,A,27,48,0,,
2007-09-01,2007,R,,penn-state,florida-international,H,59,0,0,17.0,
2007-09-01,2007,R,,florida-international,penn-state,A,0,59,0,,17.0
2007-09-01,2007,R,,pittsburgh,eastern-michigan,H,27,3,0,,
2007-09-01,2007,R,,eastern-michigan,pittsburgh,A,3,27,0,,
2007-09-01,2007,R,,purdue,toledo,A,52,24,0,,
2007-09-01,2007,R,,toledo,purdue,H,24,52,0,,
2007-09-01,2007,R,,south-carolina,louisiana,H,28,14,0,,
2007-09-01,2007,R,,louisiana,south-carolina,A,14,28,0,,
2007-09-01,2007,R,,south-florida,elon,H,28,13,0,,
2007-09-01,2007,R,,elon,south-florida,A,13,28,0,,
2007-09-01,2007,R,,southern-california,idaho,H,38,10,0,1.0,
2007-09-01,2007,R,,idaho,southern-california,A,10,38,0,,1.0
2007-09-01,2007,R,,southern-mississippi,tennessee-martin,H,35,13,0,,
2007-09-01,2007,R,,tennessee-martin,southern-mississippi,A,13,35,0,,
2007-09-01,2007,R,,texas,arkansas-state,H,21,13,0,4.0,
2007-09-01,2007,R,,arkansas-state,texas,A,13,21,0,,4.0
2007-09-01,2007,R,,texas-a-m,montana-state,H,38,7,0,25.0,
2007-09-01,2007,R,,montana-state,texas-a-m,A,7,38,0,,25.0
2007-09-01,2007,R,,texas-christian,baylor,H,27,0,0,22.0,
2007-09-01,2007,R,,baylor,texas-christian,A,0,27,0,,22.0
2007-09-01,2007,R,,texas-el-paso,new-mexico,H,10,6,0,,
2007-09-01,2007,R,,new-mexico,texas-el-paso,A,6,10,0,,
2007-09-01,2007,R,,ucla,stanford,A,45,17,0,14.0,
2007-09-01,2007,R,,stanford,ucla,H,17,45,0,,14.0
2007-09-01,2007,R,,vanderbilt,richmond,H,41,17,0,,
2007-09-01,2007,R,,richmond,vanderbilt,A,17,41,0,,
2007-09-01,2007,R,,virginia-tech,east-carolina,H,17,7,0,9.0,
2007-09-01,2007,R,,east-carolina,virginia-tech,A,7,17,0,,9.0
2007-09-01,2007,R,,west-virginia,western-michigan,H,62,24,0,3.0,
2007-09-01,2007,R,,western-michigan,west-virginia,A,24,62,0,,3.0
2007-09-01,2007,R,,wisconsin,washington-state,H,42,21,0,7.0,
2007-09-01,2007,R,,washington-state,wisconsin,A,21,42,0,,7.0
2007-09-01,2007,R,,wyoming,virginia,H,23,3,0,,
2007-09-01,2007,R,,virginia,wyoming,A,3,23,0,,
2007-09-03,2007,R,,clemson,florida-state,H,24,18,0,,19.0
2007-09-03,2007,R,,florida-state,clemson,A,18,24,0,19.0,
2007-09-03,2007,R,,texas-tech,southern-methodist,A,49,9,0,,
2007-09-03,2007,R,,southern-methodist,texas-tech,H,9,49,0,,
2007-09-06,2007,R,,cincinnati,oregon-state,H,34,3,0,,
2007-09-06,2007,R,,oregon-state,cincinnati,A,3,34,0,,
2007-09-06,2007,R,,louisville,middle-tennessee-state,H,58,42,0,8.0,
2007-09-06,2007,R,,middle-tennessee-state,louisville,A,42,58,0,,8.0
2007-09-07,2007,R,,rutgers,navy,H,41,24,0,15.0,
2007-09-07,2007,R,,navy,rutgers,A,24,41,0,,15.0
2007-09-08,2007,R,,air-force,utah,A,20,12,0,,
2007-09-08,2007,R,,utah,air-force,H,12,20,0,,
2007-09-08,2007,R,,alabama,vanderbilt,A,24,10,0,,
2007-09-08,2007,R,,vanderbilt,alabama,H,10,24,0,,
2007-09-08,2007,R,,arizona,northern-arizona,H,45,24,0,,
2007-09-08,2007,R,,northern-arizona,arizona,A,24,45,0,,
2007-09-08,2007,R,,arizona-state,colorado,H,33,14,0,,
2007-09-08,2007,R,,colorado,arizona-state,A,14,33,0,,
2007-09-08,2007,R,,army,rhode-island,H,14,7,0,,
2007-09-08,2007,R,,rhode-island,army,A,7,14,0,,
2007-09-08,2007,R,,ball-state,eastern-michigan,A,38,16,0,,
2007-09-08,2007,R,,eastern-michigan,ball-state,H,16,38,0,,
2007-09-08,2007,R,,baylor,rice,H,42,17,0,,
2007-09-08,2007,R,,rice,baylor,A,17,42,0,,
2007-09-08,2007,R,,boston-college,north-carolina-state,H,37,17,0,,
2007-09-08,2007,R,,north-carolina-state,boston-college,A,17,37,0,,
2007-09-08,2007,R,,buffalo,temple,A,42,7,0,,
2007-09-08,2007,R,,temple,buffalo,H,7,42,0,,
2007-09-08,2007,R,,california,colorado-state,A,34,28,0,10.0,
2007-09-08,2007,R,,colorado-state,california,H,28,34,0,,10.0
2007-09-08,2007,R,,central-michigan,toledo,H,52,31,0,,
2007-09-08,2007,R,,toledo,central-michigan,A,31,52,0,,
2007-09-08,2007,R,,clemson,louisiana-monroe,H,49,26,0,25.0,
2007-09-08,2007,R,,louisiana-monroe,clemson,A,26,49,0,,25.0
2007-09-08,2007,R,,connecticut,maine,H,38,0,0,,
2007-09-08,2007,R,,maine,connecticut,A,0,38,0,,
2007-09-08,2007,R,,east-carolina,north-carolina,H,34,31,0,,
2007-09-08,2007,R,,north-carolina,east-carolina,A,31,34,0,,
2007-09-08,2007,R,,florida,troy,H,59,31,0,4.0,
2007-09-08,2007,R,,troy,florida,A,31,59,0,,4.0
2007-09-08,2007,R,,florida-state,alabama-birmingham,H,34,24,0,,
2007-09-08,2007,R,,alabama-birmingham,florida-state,A,24,34,0,,
2007-09-08,2007,R,,georgia-tech,samford,H,69,14,0,21.0,
2007-09-08,2007,R,,samford,georgia-tech,A,14,69,0,,21.0
2007-09-08,2007,R,,hawaii,louisiana-tech,A,45,44,0,20.0,
2007-09-08,2007,R,,louisiana-tech,hawaii,H,44,45,0,,20.0
2007-09-08,2007,R,,idaho,cal-poly,H,20,13,0,,
2007-09-08,2007,R,,cal-poly,idaho,A,13,20,0,,
2007-09-08,2007,R,,illinois,western-illinois,H,21,0,0,,
2007-09-08,2007,R,,western-illinois,illinois,A,0,21,0,,
2007-09-08,2007,R,,indiana,western-michigan,A,37,27,0,,
2007-09-08,2007,R,,western-michigan,indiana,H,27,37,0,,
2007-09-08,2007,R,,iowa,syracuse,H,35,0,0,,
2007-09-08,2007,R,,syracuse,iowa,A,0,35,0,,
2007-09-08,2007,R,,kansas,southeastern-louisiana,H,62,0,0,,
2007-09-08,2007,R,,southeastern-louisiana,kansas,A,0,62,0,,
2007-09-08,2007,R,,kansas-state,san-jose-state,H,34,14,0,,
2007-09-08,2007,R,,san-jose-state,kansas-state,A,14,34,0,,
2007-09-08,2007,R,,kentucky,kent-state,H,56,20,0,,
2007-09-08,2007,R,,kent-state,kentucky,A,20,56,0,,
2007-09-08,2007,R,,louisiana-state,virginia-tech,H,48,7,0,2.0,9.0
2007-09-08,2007,R,,virginia-tech,louisiana-state,A,7,48,0,9.0,2.0
2007-09-08,2007,R,,maryland,florida-international,A,26,10,0,,
2007-09-08,2007,R,,florida-international,maryland,H,10,26,0,,
2007-09-08,2007,R,,michigan-state,bowling-green,H,28,17,0,,
2007-09-08,2007,R,,bowling-green,michigan-state,A,17,28,0,,
2007-09-08,2007,R,,minnesota,miami-oh,H,41,35,0,,
2007-09-08,2007,R,,miami-oh,minnesota,A,35,41,0,,
2007-09-08,2007,R,,mississippi-state,tulane,A,38,17,0,,
2007-09-08,2007,R,,tulane,mississippi-state,H,17,38,0,,
2007-09-08,2007,R,,missouri,mississippi,A,38,25,0,,
2007-09-08,2007,R,,mississippi,missouri,H,25,38,0,,
2007-09-08,2007,R,,nebraska,wake-forest,A,20,17,0,16.0,
2007-09-08,2007,R,,wake-forest,nebraska,H,17,20,0,,16.0
2007-09-08,2007,R,,new-mexico,new-mexico-state,H,44,34,0,,
2007-09-08,2007,R,,new-mexico-state,new-mexico,A,34,44,0,,
2007-09-08,2007,R,,northern-iowa,iowa-state,A,24,13,0,,
2007-09-08,2007,R,,iowa-state,northern-iowa,H,13,24,0,,
2007-09-08,2007,R,,northwestern,nevada,H,36,31,0,,
2007-09-08,2007,R,,nevada,northwestern,A,31,36,0,,
2007-09-08,2007,R,,ohio,louisiana,A,31,23,0,,
2007-09-08,2007,R,,louisiana,ohio,H,23,31,0,,
2007-09-08,2007,R,,ohio-state,akron,H,20,2,0,12.0,
2007-09-08,2007,R,,akron,ohio-state,A,2,20,0,,12.0
2007-09-08,2007,R,,oklahoma,miami-fl,H,51,13,0,5.0,
2007-09-08,2007,R,,miami-fl,oklahoma,A,13,51,0,,5.0
2007-09-08,2007,R,,oklahoma-state,florida-atlantic,H,42,6,0,,
2007-09-08,2007,R,,florida-atlantic,oklahoma-state,A,6,42,0,,
2007-09-08,2007,R,,oregon,michigan,A,39,7,0,,
2007-09-08,2007,R,,michigan,oregon,H,7,39,0,,
2007-09-08,2007,R,,penn-state,notre-dame,H,31,10,0,14.0,
2007-09-08,2007,R,,notre-dame,penn-state,A,10,31,0,,14.0
2007-09-08,2007,R,,pittsburgh,grambling-state,H,34,10,0,,
2007-09-08,2007,R,,grambling-state,pittsburgh,A,10,34,0,,
2007-09-08,2007,R,,purdue,eastern-illinois,H,52,6,0,,
2007-09-08,2007,R,,eastern-illinois,purdue,A,6,52,0,,
2007-09-08,2007,R,,south-carolina,georgia,A,16,12,0,,11.0
2007-09-08,2007,R,,georgia,south-carolina,H,12,16,0,11.0,
2007-09-08,2007,R,,south-florida,auburn,A,26,23,0,,17.0
2007-09-08,2007,R,,auburn,south-florida,H,23,26,0,17.0,
2007-09-08,2007,R,,southern-illinois,northern-illinois,A,34,31,0,,
2007-09-08,2007,R,,northern-illinois,southern-illinois,H,31,34,0,,
2007-09-08,2007,R,,southern-methodist,north-texas,H,45,31,0,,
2007-09-08,2007,R,,north-texas,southern-methodist,A,31,45,0,,
2007-09-08,2007,R,,tennessee,southern-mississippi,H,39,19,0,24.0,
2007-09-08,2007,R,,southern-mississippi,tennessee,A,19,39,0,,24.0
2007-09-08,2007,R,,texas,texas-christian,H,34,13,0,7.0,19.0
2007-09-08,2007,R,,texas-christian,texas,A,13,34,0,19.0,7.0
2007-09-08,2007,R,,texas-a-m,fresno-state,H,47,45,0,23.0,
2007-09-08,2007,R,,fresno-state,texas-a-m,A,45,47,0,,23.0
2007-09-08,2007,R,,texas-tech,texas-el-paso,H,45,31,0,,
2007-09-08,2007,R,,texas-el-paso,texas-tech,A,31,45,0,,
2007-09-08,2007,R,,ucla,brigham-young,H,27,17,0,13.0,
2007-09-08,2007,R,,brigham-young,ucla,A,17,27,0,,13.0
2007-09-08,2007,R,,virginia,duke,H,24,13,0,,
2007-09-08,2007,R,,duke,virginia,A,13,24,0,,
2007-09-08,2007,R,,washington,boise-state,H,24,10,0,,22.0
2007-09-08,2007,R,,boise-state,washington,A,10,24,0,22.0,
2007-09-08,2007,R,,washington-state,san-diego-state,H,45,17,0,,
2007-09-08,2007,R,,san-diego-state,washington-state,A,17,45,0,,
2007-09-08,2007,R,,west-virginia,marshall,A,48,23,0,3.0,
2007-09-08,2007,R,,marshall,west-virginia,H,23,48,0,,3.0
2007-09-08,2007,R,,western-kentucky,west-virginia-tech,H,87,0,0,,
2007-09-08,2007,R,,west-virginia-tech,western-kentucky,A,0,87,0,,
2007-09-08,2007,R,,wisconsin,nevada-las-vegas,A,20,13,0,5.0,
2007-09-08,2007,R,,nevada-las-vegas,wisconsin,H,13,20,0,,5.0
2007-09-08,2007,R,,wyoming,utah-state,H,32,18,0,,
2007-09-08,2007,R,,utah-state,wyoming,A,18,32,0,,
2007-09-13,2007,R,,air-force,texas-christian,H,20,17,0,,
2007-09-13,2007,R,,texas-christian,air-force,A,17,20,0,,
2007-09-13,2007,R,,west-virginia,maryland,A,31,14,0,4.0,
2007-09-13,2007,R,,maryland,west-virginia,H,14,31,0,,4.0
2007-09-14,2007,R,,troy,oklahoma-state,H,41,23,0,,
2007-09-14,2007,R,,oklahoma-state,troy,A,23,41,0,,
2007-09-15,2007,R,,alabama,arkansas,H,41,38,0,,16.0
2007-09-15,2007,R,,arkansas,alabama,A,38,41,0,16.0,
2007-09-15,2007,R,,alabama-birmingham,alcorn-state,H,22,0,0,,
2007-09-15,2007,R,,alcorn-state,alabama-birmingham,A,0,22,0,,
2007-09-15,2007,R,,arizona-state,san-diego-state,H,34,13,0,,
2007-09-15,2007,R,,san-diego-state,arizona-state,A,13,34,0,,
2007-09-15,2007,R,,arkansas-state,southern-methodist,H,45,28,0,,
2007-09-15,2007,R,,southern-methodist,arkansas-state,A,28,45,0,,
2007-09-15,2007,R,,ball-state,navy,A,34,31,0,,
2007-09-15,2007,R,,navy,ball-state,H,31,34,0,,
2007-09-15,2007,R,,baylor,texas-state,H,34,27,0,,
2007-09-15,2007,R,,texas-state,baylor,A,27,34,0,,
2007-09-15,2007,R,,boise-state,wyoming,H,24,14,0,,
2007-09-15,2007,R,,wyoming,boise-state,A,14,24,0,,
2007-09-15,2007,R,,boston-college,georgia-tech,A,24,10,0,21.0,15.0
2007-09-15,2007,R,,georgia-tech,boston-college,H,10,24,0,15.0,21.0
2007-09-15,2007,R,,california,louisiana-tech,H,42,12,0,8.0,
2007-09-15,2007,R,,louisiana-tech,california,A,12,42,0,,8.0
2007-09-15,2007,R,,cincinnati,miami-oh,A,47,10,0,,
2007-09-15,2007,R,,miami-oh,cincinnati,H,10,47,0,,
2007-09-15,2007,R,,clemson,furman,H,38,10,0,20.0,
2007-09-15,2007,R,,furman,clemson,A,10,38,0,,20.0
2007-09-15,2007,R,,connecticut,temple,H,22,17,0,,
2007-09-15,2007,R,,temple,connecticut,A,17,22,0,,
2007-09-15,2007,R,,duke,northwestern,A,20,14,0,,
2007-09-15,2007,R,,northwestern,duke,H,14,20,0,,
2007-09-15,2007,R,,eastern-michigan,northern-illinois,A,21,19,0,,
2007-09-15,2007,R,,northern-illinois,eastern-michigan,H,19,21,0,,
2007-09-15,2007,R,,florida,tennessee,H,59,20,0,5.0,22.0
2007-09-15,2007,R,,tennessee,florida,A,20,59,0,22.0,5.0
2007-09-15,2007,R,,florida-atlantic,minnesota,H,42,39,0,,
2007-09-15,2007,R,,minnesota,florida-atlantic,A,39,42,0,,
2007-09-15,2007,R,,florida-state,colorado,A,16,6,0,,
2007-09-15,2007,R,,colorado,florida-state,H,6,16,0,,
2007-09-15,2007,R,,georgia,western-carolina,H,45,16,0,23.0,
2007-09-15,2007,R,,western-carolina,georgia,A,16,45,0,,23.0
2007-09-15,2007,R,,hawaii,nevada-las-vegas,A,49,14,0,24.0,
2007-09-15,2007,R,,nevada-las-vegas,hawaii,H,14,49,0,,24.0
2007-09-15,2007,R,,houston,tulane,A,34,10,0,,
2007-09-15,2007,R,,tulane,houston,H,10,34,0,,
2007-09-15,2007,R,,illinois,syracuse,A,41,20,0,,
2007-09-15,2007,R,,syracuse,illinois,H,20,41,0,,
2007-09-15,2007,R,,indiana,akron,H,41,24,0,,
2007-09-15,2007,R,,akron,indiana,A,24,41,0,,
2007-09-15,2007,R,,iowa-state,iowa,H,15,13,0,,
2007-09-15,2007,R,,iowa,iowa-state,A,13,15,0,,
2007-09-15,2007,R,,kansas,toledo,H,45,13,0,,
2007-09-15,2007,R,,toledo,kansas,A,13,45,0,,
2007-09-15,2007,R,,kansas-state,missouri-state,H,61,10,0,,
2007-09-15,2007,R,,missouri-state,kansas-state,A,10,61,0,,
2007-09-15,2007,R,,kent-state,delaware-state,H,38,7,0,,
2007-09-15,2007,R,,delaware-state,kent-state,A,7,38,0,,
2007-09-15,2007,R,,kentucky,louisville,H,40,34,0,,9.0
2007-09-15,2007,R,,louisville,kentucky,A,34,40,0,9.0,
2007-09-15,2007,R,,louisiana-state,middle-tennessee-state,H,44,0,0,2.0,
2007-09-15,2007,R,,middle-tennessee-state,louisiana-state,A,0,44,0,,2.0
2007-09-15,2007,R,,mcneese-state,louisiana,A,38,17,0,,
2007-09-15,2007,R,,louisiana,mcneese-state,H,17,38,0,,
2007-09-15,2007,R,,memphis,jacksonville-state,H,35,14,0,,
2007-09-15,2007,R,,jacksonville-state,memphis,A,14,35,0,,
2007-09-15,2007,R,,miami-fl,florida-international,H,23,9,0,,
2007-09-15,2007,R,,florida-international,miami-fl,A,9,23,0,,
2007-09-15,2007,R,,michigan,notre-dame,H,38,0,0,,
2007-09-15,2007,R,,notre-dame,michigan,A,0,38,0,,
2007-09-15,2007,R,,michigan-state,pittsburgh,H,17,13,0,,
2007-09-15,2007,R,,pittsburgh,michigan-state,A,13,17,0,,
2007-09-15,2007,R,,mississippi-state,auburn,A,19,14,0,,
2007-09-15,2007,R,,auburn,mississippi-state,H,14,19,0,,
2007-09-15,2007,R,,missouri,western-michigan,H,52,24,0,,
2007-09-15,2007,R,,western-michigan,missouri,A,24,52,0,,
2007-09-15,2007,R,,nevada,nicholls-state,H,52,17,0,,
2007-09-15,2007,R,,nicholls-state,nevada,A,17,52,0,,
2007-09-15,2007,R,,new-hampshire,marshall,A,48,35,0,,
2007-09-15,2007,R,,marshall,new-hampshire,H,35,48,0,,
2007-09-15,2007,R,,new-mexico,arizona,A,29,27,0,,
2007-09-15,2007,R,,arizona,new-mexico,H,27,29,0,,
2007-09-15,2007,R,,new-mexico-state,texas-el-paso,H,29,24,0,,
2007-09-15,2007,R,,texas-el-paso,new-mexico-state,A,24,29,0,,
2007-09-15,2007,R,,north-carolina-state,wofford,H,38,17,0,,
2007-09-15,2007,R,,wofford,north-carolina-state,A,17,38,0,,
2007-09-15,2007,R,,ohio-state,washington,A,33,14,0,10.0,
2007-09-15,2007,R,,washington,ohio-state,H,14,33,0,,10.0
2007-09-15,2007,R,,oklahoma,utah-state,H,54,3,0,3.0,
2007-09-15,2007,R,,utah-state,oklahoma,A,3,54,0,,3.0
2007-09-15,2007,R,,oregon,fresno-state,H,52,21,0,19.0,
2007-09-15,2007,R,,fresno-state,oregon,A,21,52,0,,19.0
2007-09-15,2007,R,,oregon-state,idaho-state,H,61,10,0,,
2007-09-15,2007,R,,idaho-state,oregon-state,A,10,61,0,,
2007-09-15,2007,R,,penn-state,buffalo,H,45,24,0,12.0,
2007-09-15,2007,R,,buffalo,penn-state,A,24,45,0,,12.0
2007-09-15,2007,R,,purdue,central-michigan,H,45,22,0,,
2007-09-15,2007,R,,central-michigan,purdue,A,22,45,0,,
2007-09-15,2007,R,,rutgers,norfolk-state,H,59,0,0,13.0,
2007-09-15,2007,R,,norfolk-state,rutgers,A,0,59,0,,13.0
2007-09-15,2007,R,,south-carolina,south-carolina-state,H,38,3,0,17.0,
2007-09-15,2007,R,,south-carolina-state,south-carolina,A,3,38,0,,17.0
2007-09-15,2007,R,,southern-california,nebraska,A,49,31,0,1.0,14.0
2007-09-15,2007,R,,nebraska,southern-california,H,31,49,0,14.0,1.0
2007-09-15,2007,R,,southern-mississippi,east-carolina,A,28,21,0,,
2007-09-15,2007,R,,east-carolina,southern-mississippi,H,21,28,0,,
2007-09-15,2007,R,,stanford,san-jose-state,H,37,0,0,,
2007-09-15,2007,R,,san-jose-state,stanford,A,0,37,0,,
2007-09-15,2007,R,,texas,central-florida,A,35,32,0,6.0,
2007-09-15,2007,R,,central-florida,texas,H,32,35,0,,6.0
2007-09-15,2007,R,,texas-a-m,louisiana-monroe,H,54,14,0,25.0,
2007-09-15,2007,R,,louisiana-monroe,texas-a-m,A,14,54,0,,25.0
2007-09-15,2007,R,,texas-tech,rice,A,59,24,0,,
2007-09-15,2007,R,,rice,texas-tech,H,24,59,0,,
2007-09-15,2007,R,,tulsa,brigham-young,H,55,47,0,,
2007-09-15,2007,R,,brigham-young,tulsa,A,47,55,0,,
2007-09-15,2007,R,,utah,ucla,H,44,6,0,,11.0
2007-09-15,2007,R,,ucla,utah,A,6,44,0,11.0,
2007-09-15,2007,R,,vanderbilt,mississippi,H,31,17,0,,
2007-09-15,2007,R,,mississippi,vanderbilt,A,17,31,0,,
2007-09-15,2007,R,,virginia,north-carolina,A,22,20,0,,
2007-09-15,2007,R,,north-carolina,virginia,H,20,22,0,,
2007-09-15,2007,R,,virginia-tech,ohio,H,28,7,0,18.0,
2007-09-15,2007,R,,ohio,virginia-tech,A,7,28,0,,18.0
2007-09-15,2007,R,,wake-forest,army,H,21,10,0,,
2007-09-15,2007,R,,army,wake-forest,A,10,21,0,,
2007-09-15,2007,R,,washington-state,idaho,H,45,28,0,,
2007-09-15,2007,R,,idaho,washington-state,A,28,45,0,,
2007-09-15,2007,R,,western-kentucky,eastern-kentucky,H,26,6,0,,
2007-09-15,2007,R,,eastern-kentucky,western-kentucky,A,6,26,0,,
2007-09-15,2007,R,,wisconsin,citadel,H,45,31,0,7.0,
2007-09-15,2007,R,,citadel,wisconsin,A,31,45,0,,7.0
2007-09-20,2007,R,,miami-fl,texas-a-m,H,34,17,0,,20.0
2007-09-20,2007,R,,texas-a-m,miami-fl,A,17,34,0,20.0,
2007-09-20,2007,R,,western-kentucky,middle-tennessee-state,A,20,17,0,,
2007-09-20,2007,R,,middle-tennessee-state,western-kentucky,H,17,20,0,,
2007-09-21,2007,R,,oklahoma,tulsa,A,62,21,0,4.0,
2007-09-21,2007,R,,tulsa,oklahoma,H,21,62,0,,4.0
2007-09-22,2007,R,,akron,kent-state,H,27,20,0,,
2007-09-22,2007,R,,kent-state,akron,A,20,27,0,,
2007-09-22,2007,R,,arizona-state,oregon-state,H,44,32,0,,
2007-09-22,2007,R,,oregon-state,arizona-state,A,32,44,0,,
2007-09-22,2007,R,,auburn,new-mexico-state,H,55,20,0,,
2007-09-22,2007,R,,new-mexico-state,auburn,A,20,55,0,,
2007-09-22,2007,R,,baylor,buffalo,A,34,21,0,,
2007-09-22,2007,R,,buffalo,baylor,H,21,34,0,,
2007-09-22,2007,R,,boston-college,army,H,37,17,0,14.0,
2007-09-22,2007,R,,army,boston-college,A,17,37,0,,14.0
2007-09-22,2007,R,,bowling-green,temple,H,48,35,0,,
2007-09-22,2007,R,,temple,bowling-green,A,35,48,0,,
2007-09-22,2007,R,,brigham-young,air-force,H,31,6,0,,
2007-09-22,2007,R,,air-force,brigham-young,A,6,31,0,,
2007-09-22,2007,R,,california,arizona,H,45,27,0,6.0,
2007-09-22,2007,R,,arizona,california,A,27,45,0,,6.0
2007-09-22,2007,R,,central-florida,memphis,H,56,20,0,,
2007-09-22,2007,R,,memphis,central-florida,A,20,56,0,,
2007-09-22,2007,R,,cincinnati,marshall,H,40,14,0,,
2007-09-22,2007,R,,marshall,cincinnati,A,14,40,0,,
2007-09-22,2007,R,,clemson,north-carolina-state,A,42,20,0,15.0,
2007-09-22,2007,R,,north-carolina-state,clemson,H,20,42,0,,15.0
2007-09-22,2007,R,,colorado,miami-oh,H,42,0,0,,
2007-09-22,2007,R,,miami-oh,colorado,A,0,42,0,,
2007-09-22,2007,R,,connecticut,pittsburgh,A,34,14,0,,
2007-09-22,2007,R,,pittsburgh,connecticut,H,14,34,0,,
2007-09-22,2007,R,,eastern-michigan,howard,H,38,15,0,,
2007-09-22,2007,R,,howard,eastern-michigan,A,15,38,0,,
2007-09-22,2007,R,,florida,mississippi,A,30,24,0,3.0,
2007-09-22,2007,R,,mississippi,florida,H,24,30,0,,3.0
2007-09-22,2007,R,,florida-atlantic,north-texas,A,30,20,0,,
2007-09-22,2007,R,,north-texas,florida-atlantic,H,20,30,0,,
2007-09-22,2007,R,,georgia,alabama,A,26,23,0,22.0,16.0
2007-09-22,2007,R,,alabama,georgia,H,23,26,0,16.0,22.0
2007-09-22,2007,R,,hawaii,charleston-southern,H,66,10,0,19.0,
2007-09-22,2007,R,,charleston-southern,hawaii,A,10,66,0,,19.0
2007-09-22,2007,R,,houston,colorado-state,H,38,27,0,,
2007-09-22,2007,R,,colorado-state,houston,A,27,38,0,,
2007-09-22,2007,R,,illinois,indiana,A,27,14,0,,
2007-09-22,2007,R,,indiana,illinois,H,14,27,0,,
2007-09-22,2007,R,,kansas,florida-international,H,55,3,0,,
2007-09-22,2007,R,,florida-international,kansas,A,3,55,0,,
2007-09-22,2007,R,,kentucky,arkansas,A,42,29,0,21.0,
2007-09-22,2007,R,,arkansas,kentucky,H,29,42,0,,21.0
2007-09-22,2007,R,,louisiana-state,south-carolina,H,28,16,0,2.0,12.0
2007-09-22,2007,R,,south-carolina,louisiana-state,A,16,28,0,12.0,2.0
2007-09-22,2007,R,,michigan,penn-state,H,14,9,0,,10.0
2007-09-22,2007,R,,penn-state,michigan,A,9,14,0,10.0,
2007-09-22,2007,R,,michigan-state,notre-dame,A,31,14,0,,
2007-09-22,2007,R,,notre-dame,michigan-state,H,14,31,0,,
2007-09-22,2007,R,,mississippi-state,gardner-webb,H,31,15,0,,
2007-09-22,2007,R,,gardner-webb,mississippi-state,A,15,31,0,,
2007-09-22,2007,R,,missouri,illinois-state,H,38,17,0,25.0,
2007-09-22,2007,R,,illinois-state,missouri,A,17,38,0,,25.0
2007-09-22,2007,R,,navy,duke,H,46,43,0,,
2007-09-22,2007,R,,duke,navy,A,43,46,0,,
2007-09-22,2007,R,,nebraska,ball-state,H,41,40,0,24.0,
2007-09-22,2007,R,,ball-state,nebraska,A,40,41,0,,24.0
2007-09-22,2007,R,,nevada-las-vegas,utah,H,27,0,0,,
2007-09-22,2007,R,,utah,nevada-las-vegas,A,0,27,0,,
2007-09-22,2007,R,,new-mexico,sacramento-state,H,58,0,0,,
2007-09-22,2007,R,,sacramento-state,new-mexico,A,0,58,0,,
2007-09-22,2007,R,,north-dakota-state,central-michigan,A,44,14,0,,
2007-09-22,2007,R,,central-michigan,north-dakota-state,H,14,44,0,,
2007-09-22,2007,R,,northern-illinois,idaho,A,42,35,0,,
2007-09-22,2007,R,,idaho,northern-illinois,H,35,42,0,,
2007-09-22,2007,R,,ohio-state,northwestern,H,58,7,0,8.0,
2007-09-22,2007,R,,northwestern,ohio-state,A,7,58,0,,8.0
2007-09-22,2007,R,,oklahoma-state,texas-tech,H,49,45,0,,
2007-09-22,2007,R,,texas-tech,oklahoma-state,A,45,49,0,,
2007-09-22,2007,R,,oregon,stanford,A,55,31,0,13.0,
2007-09-22,2007,R,,stanford,oregon,H,31,55,0,,13.0
2007-09-22,2007,R,,purdue,minnesota,A,45,31,0,,
2007-09-22,2007,R,,minnesota,purdue,H,31,45,0,,
2007-09-22,2007,R,,san-diego-state,portland-state,H,52,17,0,,
2007-09-22,2007,R,,portland-state,san-diego-state,A,17,52,0,,
2007-09-22,2007,R,,san-jose-state,utah-state,A,23,20,0,,
2007-09-22,2007,R,,utah-state,san-jose-state,H,20,23,0,,
2007-09-22,2007,R,,south-florida,north-carolina,H,37,10,0,23.0,
2007-09-22,2007,R,,north-carolina,south-florida,A,10,37,0,,23.0
2007-09-22,2007,R,,southern-california,washington-state,H,47,14,0,1.0,
2007-09-22,2007,R,,washington-state,southern-california,A,14,47,0,,1.0
2007-09-22,2007,R,,syracuse,louisville,A,38,35,0,,18.0
2007-09-22,2007,R,,louisville,syracuse,H,35,38,0,18.0,
2007-09-22,2007,R,,tennessee,arkansas-state,H,48,27,0,,
2007-09-22,2007,R,,arkansas-state,tennessee,A,27,48,0,,
2007-09-22,2007,R,,texas,rice,H,58,14,0,7.0,
2007-09-22,2007,R,,rice,texas,A,14,58,0,,7.0
2007-09-22,2007,R,,texas-christian,southern-methodist,H,21,7,0,,
2007-09-22,2007,R,,southern-methodist,texas-christian,A,7,21,0,,
2007-09-22,2007,R,,texas-el-paso,texas-southern,H,52,12,0,,
2007-09-22,2007,R,,texas-southern,texas-el-paso,A,12,52,0,,
2007-09-22,2007,R,,toledo,iowa-state,H,36,35,0,,
2007-09-22,2007,R,,iowa-state,toledo,A,35,36,0,,
2007-09-22,2007,R,,troy,louisiana,A,48,31,0,,
2007-09-22,2007,R,,louisiana,troy,H,31,48,0,,
2007-09-22,2007,R,,tulane,southeastern-louisiana,H,35,27,0,,
2007-09-22,2007,R,,southeastern-louisiana,tulane,A,27,35,0,,
2007-09-22,2007,R,,ucla,washington,H,44,31,0,,
2007-09-22,2007,R,,washington,ucla,A,31,44,0,,
2007-09-22,2007,R,,virginia,georgia-tech,H,28,23,0,,
2007-09-22,2007,R,,georgia-tech,virginia,A,23,28,0,,
2007-09-22,2007,R,,virginia-tech,william-mary,H,44,3,0,17.0,
2007-09-22,2007,R,,william-mary,virginia-tech,A,3,44,0,,17.0
2007-09-22,2007,R,,wake-forest,maryland,H,31,24,0,,
2007-09-22,2007,R,,maryland,wake-forest,A,24,31,0,,
2007-09-22,2007,R,,west-virginia,east-carolina,H,48,7,0,5.0,
2007-09-22,2007,R,,east-carolina,west-virginia,A,7,48,0,,5.0
2007-09-22,2007,R,,western-michigan,central-connecticut-state,H,51,14,0,,
2007-09-22,2007,R,,central-connecticut-state,western-michigan,A,14,51,0,,
2007-09-22,2007,R,,wisconsin,iowa,H,17,13,0,9.0,
2007-09-22,2007,R,,iowa,wisconsin,A,13,17,0,,9.0
2007-09-22,2007,R,,wyoming,ohio,A,34,33,0,,
2007-09-22,2007,R,,ohio,wyoming,H,33,34,0,,
2007-09-27,2007,R,,arkansas-state,memphis,H,35,31,0,,
2007-09-27,2007,R,,memphis,arkansas-state,A,31,35,0,,
2007-09-27,2007,R,,boise-state,southern-mississippi,H,38,16,0,,
2007-09-27,2007,R,,southern-mississippi,boise-state,A,16,38,0,,
2007-09-28,2007,R,,south-florida,west-virginia,H,21,13,0,18.0,5.0
2007-09-28,2007,R,,west-virginia,south-florida,A,13,21,0,5.0,18.0
2007-09-29,2007,R,,arizona,washington-state,H,48,20,0,,
2007-09-29,2007,R,,washington-state,arizona,A,20,48,0,,
2007-09-29,2007,R,,arizona-state,stanford,A,41,3,0,23.0,
2007-09-29,2007,R,,stanford,arizona-state,H,3,41,0,,23.0
2007-09-29,2007,R,,arkansas,north-texas,H,66,7,0,,
2007-09-29,2007,R,,north-texas,arkansas,A,7,66,0,,
2007-09-29,2007,R,,army,temple,H,37,21,0,,
2007-09-29,2007,R,,temple,army,A,21,37,0,,
2007-09-29,2007,R,,auburn,florida,A,20,17,0,,4.0
2007-09-29,2007,R,,florida,auburn,H,17,20,0,4.0,
2007-09-29,2007,R,,ball-state,buffalo,H,49,14,0,,
2007-09-29,2007,R,,buffalo,ball-state,A,14,49,0,,
2007-09-29,2007,R,,boston-college,massachusetts,H,24,14,0,12.0,
2007-09-29,2007,R,,massachusetts,boston-college,A,14,24,0,,12.0
2007-09-29,2007,R,,bowling-green,western-kentucky,H,41,21,0,,
2007-09-29,2007,R,,western-kentucky,bowling-green,A,21,41,0,,
2007-09-29,2007,R,,brigham-young,new-mexico,A,31,24,0,,
2007-09-29,2007,R,,new-mexico,brigham-young,H,24,31,0,,
2007-09-29,2007,R,,california,oregon,A,31,24,0,6.0,11.0
2007-09-29,2007,R,,oregon,california,H,24,31,0,11.0,6.0
2007-09-29,2007,R,,central-florida,louisiana,H,37,19,0,,
2007-09-29,2007,R,,louisiana,central-florida,A,19,37,0,,
2007-09-29,2007,R,,central-michigan,northern-illinois,H,35,10,0,,
2007-09-29,2007,R,,northern-illinois,central-michigan,A,10,35,0,,
2007-09-29,2007,R,,cincinnati,san-diego-state,A,52,23,0,24.0,
2007-09-29,2007,R,,san-diego-state,cincinnati,H,23,52,0,,24.0
2007-09-29,2007,R,,colorado,oklahoma,H,27,24,0,,3.0
2007-09-29,2007,R,,oklahoma,colorado,A,24,27,0,3.0,
2007-09-29,2007,R,,connecticut,akron,H,44,10,0,,
2007-09-29,2007,R,,akron,connecticut,A,10,44,0,,
2007-09-29,2007,R,,east-carolina,houston,A,37,35,0,,
2007-09-29,2007,R,,houston,east-carolina,H,35,37,0,,
2007-09-29,2007,R,,florida-state,alabama,N,21,14,0,,22.0
2007-09-29,2007,R,,alabama,florida-state,N,14,21,0,22.0,
2007-09-29,2007,R,,fresno-state,louisiana-tech,H,17,6,0,,
2007-09-29,2007,R,,louisiana-tech,fresno-state,A,6,17,0,,
2007-09-29,2007,R,,georgia,mississippi,H,45,17,0,15.0,
2007-09-29,2007,R,,mississippi,georgia,A,17,45,0,,15.0
2007-09-29,2007,R,,georgia-tech,clemson,H,13,3,0,,13.0
2007-09-29,2007,R,,clemson,georgia-tech,A,3,13,0,13.0,
2007-09-29,2007,R,,hawaii,idaho,A,48,20,0,19.0,
2007-09-29,2007,R,,idaho,hawaii,H,20,48,0,,19.0
2007-09-29,2007,R,,illinois,penn-state,H,27,20,0,,21.0
2007-09-29,2007,R,,penn-state,illinois,A,20,27,0,21.0,
2007-09-29,2007,R,,indiana,iowa,A,38,20,0,,
2007-09-29,2007,R,,iowa,indiana,H,20,38,0,,
2007-09-29,2007,R,,kansas-state,texas,A,41,21,0,,7.0
2007-09-29,2007,R,,texas,kansas-state,H,21,41,0,7.0,
2007-09-29,2007,R,,kent-state,ohio,A,33,25,0,,
2007-09-29,2007,R,,ohio,kent-state,H,25,33,0,,
2007-09-29,2007,R,,kentucky,florida-atlantic,H,45,17,0,14.0,
2007-09-29,2007,R,,florida-atlantic,kentucky,A,17,45,0,,14.0
2007-09-29,2007,R,,louisiana-state,tulane,A,34,9,0,2.0,
2007-09-29,2007,R,,tulane,louisiana-state,H,9,34,0,,2.0
2007-09-29,2007,R,,louisville,north-carolina-state,A,29,10,0,,
2007-09-29,2007,R,,north-carolina-state,louisville,H,10,29,0,,
2007-09-29,2007,R,,maryland,rutgers,A,34,24,0,,10.0
2007-09-29,2007,R,,rutgers,maryland,H,24,34,0,10.0,
2007-09-29,2007,R,,miami-fl,duke,H,24,14,0,,
2007-09-29,2007,R,,duke,miami-fl,A,14,24,0,,
2007-09-29,2007,R,,miami-oh,syracuse,H,17,14,0,,
2007-09-29,2007,R,,syracuse,miami-oh,A,14,17,0,,
2007-09-29,2007,R,,michigan,northwestern,A,28,16,0,,
2007-09-29,2007,R,,northwestern,michigan,H,16,28,0,,
2007-09-29,2007,R,,middle-tennessee-state,florida-international,H,47,6,0,,
2007-09-29,2007,R,,florida-international,middle-tennessee-state,A,6,47,0,,
2007-09-29,2007,R,,navy,air-force,H,31,20,0,,
2007-09-29,2007,R,,air-force,navy,A,20,31,0,,
2007-09-29,2007,R,,nebraska,iowa-state,H,35,17,0,25.0,
2007-09-29,2007,R,,iowa-state,nebraska,A,17,35,0,,25.0
2007-09-29,2007,R,,nevada,nevada-las-vegas,H,27,20,0,,
2007-09-29,2007,R,,nevada-las-vegas,nevada,A,20,27,0,,
2007-09-29,2007,R,,new-mexico-state,arkansas-pine-bluff,H,20,17,0,,
2007-09-29,2007,R,,arkansas-pine-bluff,new-mexico-state,A,17,20,0,,
2007-09-29,2007,R,,ohio-state,minnesota,A,30,7,0,8.0,
2007-09-29,2007,R,,minnesota,ohio-state,H,7,30,0,,8.0
2007-09-29,2007,R,,oklahoma-state,sam-houston,H,39,3,0,,
2007-09-29,2007,R,,sam-houston,oklahoma-state,A,3,39,0,,
2007-09-29,2007,R,,purdue,notre-dame,H,33,19,0,,
2007-09-29,2007,R,,notre-dame,purdue,A,19,33,0,,
2007-09-29,2007,R,,san-jose-state,california-davis,H,34,14,0,,
2007-09-29,2007,R,,california-davis,san-jose-state,A,14,34,0,,
2007-09-29,2007,R,,south-carolina,mississippi-state,H,38,21,0,16.0,
2007-09-29,2007,R,,mississippi-state,south-carolina,A,21,38,0,,16.0
2007-09-29,2007,R,,southern-california,washington,A,27,24,0,1.0,
2007-09-29,2007,R,,washington,southern-california,H,24,27,0,,1.0
2007-09-29,2007,R,,texas-a-m,baylor,H,34,10,0,,
2007-09-29,2007,R,,baylor,texas-a-m,A,10,34,0,,
2007-09-29,2007,R,,texas-christian,colorado-state,H,24,12,0,,
2007-09-29,2007,R,,colorado-state,texas-christian,A,12,24,0,,
2007-09-29,2007,R,,texas-tech,northwestern-state,H,75,7,0,,
2007-09-29,2007,R,,northwestern-state,texas-tech,A,7,75,0,,
2007-09-29,2007,R,,texas-el-paso,southern-methodist,A,48,45,0,,
2007-09-29,2007,R,,southern-methodist,texas-el-paso,H,45,48,0,,
2007-09-29,2007,R,,troy,louisiana-monroe,H,24,7,0,,
2007-09-29,2007,R,,louisiana-monroe,troy,A,7,24,0,,
2007-09-29,2007,R,,tulsa,alabama-birmingham,H,38,30,0,,
2007-09-29,2007,R,,alabama-birmingham,tulsa,A,30,38,0,,
2007-09-29,2007,R,,ucla,oregon-state,A,40,14,0,,
2007-09-29,2007,R,,oregon-state,ucla,H,14,40,0,,
2007-09-29,2007,R,,utah,utah-state,H,34,18,0,,
2007-09-29,2007,R,,utah-state,utah,A,18,34,0,,
2007-09-29,2007,R,,vanderbilt,eastern-michigan,H,30,7,0,,
2007-09-29,2007,R,,eastern-michigan,vanderbilt,A,7,30,0,,
2007-09-29,2007,R,,virginia,pittsburgh,H,44,14,0,,
2007-09-29,2007,R,,pittsburgh,virginia,A,14,44,0,,
2007-09-29,2007,R,,virginia-tech,north-carolina,H,17,10,0,17.0,
2007-09-29,2007,R,,north-carolina,virginia-tech,A,10,17,0,,17.0
2007-09-29,2007,R,,western-michigan,toledo,A,42,28,0,,
2007-09-29,2007,R,,toledo,western-michigan,H,28,42,0,,
2007-09-29,2007,R,,wisconsin,michigan-state,H,37,34,0,9.0,
2007-09-29,2007,R,,michigan-state,wisconsin,A,34,37,0,,9.0
2007-10-02,2007,R,,memphis,marshall,H,24,21,0,,
2007-10-02,2007,R,,marshall,memphis,A,21,24,0,,
2007-10-03,2007,R,,rice,southern-mississippi,A,31,29,0,,
2007-10-03,2007,R,,southern-mississippi,rice,H,29,31,0,,
2007-10-04,2007,R,,south-carolina,kentucky,H,38,23,0,11.0,8.0
2007-10-04,2007,R,,kentucky,south-carolina,A,23,38,0,8.0,11.0
2007-10-05,2007,R,,utah,louisville,A,44,35,0,,
2007-10-05,2007,R,,louisville,utah,H,35,44,0,,
2007-10-06,2007,R,,air-force,nevada-las-vegas,H,31,14,0,,
2007-10-06,2007,R,,nevada-las-vegas,air-force,A,14,31,0,,
2007-10-06,2007,R,,akron,western-michigan,A,39,38,0,,
2007-10-06,2007,R,,western-michigan,akron,H,38,39,0,,
2007-10-06,2007,R,,alabama,houston,H,30,24,0,,
2007-10-06,2007,R,,houston,alabama,A,24,30,0,,
2007-10-06,2007,R,,arizona-state,washington-state,A,23,20,0,18.0,
2007-10-06,2007,R,,washington-state,arizona-state,H,20,23,0,,18.0
2007-10-06,2007,R,,arkansas,chattanooga,H,34,15,0,,
2007-10-06,2007,R,,chattanooga,arkansas,A,15,34,0,,
2007-10-06,2007,R,,army,tulane,H,20,17,0,,
2007-10-06,2007,R,,tulane,army,A,17,20,0,,
2007-10-06,2007,R,,auburn,vanderbilt,H,35,7,0,,
2007-10-06,2007,R,,vanderbilt,auburn,A,7,35,0,,
2007-10-06,2007,R,,boston-college,bowling-green,H,55,24,0,7.0,
2007-10-06,2007,R,,bowling-green,boston-college,A,24,55,0,,7.0
2007-10-06,2007,R,,buffalo,ohio,H,31,10,0,,
2007-10-06,2007,R,,ohio,buffalo,A,10,31,0,,
2007-10-06,2007,R,,central-michigan,ball-state,A,58,38,0,,
2007-10-06,2007,R,,ball-state,central-michigan,H,38,58,0,,
2007-10-06,2007,R,,cincinnati,rutgers,A,28,23,0,20.0,21.0
2007-10-06,2007,R,,rutgers,cincinnati,H,23,28,0,21.0,20.0
2007-10-06,2007,R,,colorado,baylor,A,43,23,0,,
2007-10-06,2007,R,,baylor,colorado,H,23,43,0,,
2007-10-06,2007,R,,east-carolina,central-florida,H,52,38,0,,
2007-10-06,2007,R,,central-florida,east-carolina,A,38,52,0,,
2007-10-06,2007,R,,florida-state,north-carolina-state,H,27,10,0,,
2007-10-06,2007,R,,north-carolina-state,florida-state,A,10,27,0,,
2007-10-06,2007,R,,fresno-state,nevada,A,49,41,0,,
2007-10-06,2007,R,,nevada,fresno-state,H,41,49,0,,
2007-10-06,2007,R,,hawaii,utah-state,H,52,37,0,16.0,
2007-10-06,2007,R,,utah-state,hawaii,A,37,52,0,,16.0
2007-10-06,2007,R,,illinois,wisconsin,H,31,26,0,,5.0
2007-10-06,2007,R,,wisconsin,illinois,A,26,31,0,5.0,
2007-10-06,2007,R,,indiana,minnesota,H,40,20,0,,
2007-10-06,2007,R,,minnesota,indiana,A,20,40,0,,
2007-10-06,2007,R,,kansas,kansas-state,A,30,24,0,,24.0
2007-10-06,2007,R,,kansas-state,kansas,H,24,30,0,24.0,
2007-10-06,2007,R,,louisiana,north-texas,A,38,29,0,,
2007-10-06,2007,R,,north-texas,louisiana,H,29,38,0,,
2007-10-06,2007,R,,louisiana-state,florida,H,28,24,0,1.0,9.0
2007-10-06,2007,R,,florida,louisiana-state,A,24,28,0,9.0,1.0
2007-10-06,2007,R,,louisiana-monroe,arkansas-state,H,30,13,0,,
2007-10-06,2007,R,,arkansas-state,louisiana-monroe,A,13,30,0,,
2007-10-06,2007,R,,maryland,georgia-tech,H,28,26,0,,
2007-10-06,2007,R,,georgia-tech,maryland,A,26,28,0,,
2007-10-06,2007,R,,miami-oh,kent-state,A,20,13,0,,
2007-10-06,2007,R,,kent-state,miami-oh,H,13,20,0,,
2007-10-06,2007,R,,michigan,eastern-michigan,H,33,22,0,,
2007-10-06,2007,R,,eastern-michigan,michigan,A,22,33,0,,
2007-10-06,2007,R,,mississippi,louisiana-tech,H,24,0,0,,
2007-10-06,2007,R,,louisiana-tech,mississippi,A,0,24,0,,
2007-10-06,2007,R,,mississippi-state,alabama-birmingham,H,30,13,0,,
2007-10-06,2007,R,,alabama-birmingham,mississippi-state,A,13,30,0,,
2007-10-06,2007,R,,missouri,nebraska,H,41,6,0,17.0,25.0
2007-10-06,2007,R,,nebraska,missouri,A,6,41,0,25.0,17.0
2007-10-06,2007,R,,north-carolina,miami-fl,H,33,27,0,,
2007-10-06,2007,R,,miami-fl,north-carolina,A,27,33,0,,
2007-10-06,2007,R,,northwestern,michigan-state,A,48,41,0,,
2007-10-06,2007,R,,michigan-state,northwestern,H,41,48,0,,
2007-10-06,2007,R,,notre-dame,ucla,A,20,6,0,,
2007-10-06,2007,R,,ucla,notre-dame,H,6,20,0,,
2007-10-06,2007,R,,ohio-state,purdue,A,23,7,0,4.0,23.0
2007-10-06,2007,R,,purdue,ohio-state,H,7,23,0,23.0,4.0
2007-10-06,2007,R,,oklahoma,texas,N,28,21,0,10.0,19.0
2007-10-06,2007,R,,texas,oklahoma,N,21,28,0,19.0,10.0
2007-10-06,2007,R,,oregon-state,arizona,H,31,16,0,,
2007-10-06,2007,R,,arizona,oregon-state,A,16,31,0,,
2007-10-06,2007,R,,penn-state,iowa,H,27,7,0,,
2007-10-06,2007,R,,iowa,penn-state,A,7,27,0,,
2007-10-06,2007,R,,san-diego-state,colorado-state,A,24,20,0,,
2007-10-06,2007,R,,colorado-state,san-diego-state,H,20,24,0,,
2007-10-06,2007,R,,san-jose-state,idaho,H,28,20,0,,
2007-10-06,2007,R,,idaho,san-jose-state,A,20,28,0,,
2007-10-06,2007,R,,south-florida,florida-atlantic,A,35,23,0,6.0,
2007-10-06,2007,R,,florida-atlantic,south-florida,H,23,35,0,,6.0
2007-10-06,2007,R,,stanford,southern-california,A,24,23,0,,2.0
2007-10-06,2007,R,,southern-california,stanford,H,23,24,0,2.0,
2007-10-06,2007,R,,temple,northern-illinois,H,16,15,0,,
2007-10-06,2007,R,,northern-illinois,temple,A,15,16,0,,
2007-10-06,2007,R,,tennessee,georgia,H,35,14,0,,12.0
2007-10-06,2007,R,,georgia,tennessee,A,14,35,0,12.0,
2007-10-06,2007,R,,texas-a-m,oklahoma-state,H,24,23,0,,
2007-10-06,2007,R,,oklahoma-state,texas-a-m,A,23,24,0,,
2007-10-06,2007,R,,texas-tech,iowa-state,H,42,17,0,,
2007-10-06,2007,R,,iowa-state,texas-tech,A,17,42,0,,
2007-10-06,2007,R,,texas-el-paso,tulsa,H,48,47,0,,
2007-10-06,2007,R,,tulsa,texas-el-paso,A,47,48,0,,
2007-10-06,2007,R,,toledo,liberty,H,35,34,0,,
2007-10-06,2007,R,,liberty,toledo,A,34,35,0,,
2007-10-06,2007,R,,troy,florida-international,A,34,16,0,,
2007-10-06,2007,R,,florida-international,troy,H,16,34,0,,
2007-10-06,2007,R,,virginia,middle-tennessee-state,A,23,21,0,,
2007-10-06,2007,R,,middle-tennessee-state,virginia,H,21,23,0,,
2007-10-06,2007,R,,virginia-tech,clemson,A,41,23,0,15.0,22.0
2007-10-06,2007,R,,clemson,virginia-tech,H,23,41,0,22.0,15.0
2007-10-06,2007,R,,wake-forest,duke,A,41,36,0,,
2007-10-06,2007,R,,duke,wake-forest,H,36,41,0,,
2007-10-06,2007,R,,west-virginia,syracuse,A,55,14,0,13.0,
2007-10-06,2007,R,,syracuse,west-virginia,H,14,55,0,,13.0
2007-10-06,2007,R,,wyoming,texas-christian,H,24,21,0,,
2007-10-06,2007,R,,texas-christian,wyoming,A,21,24,0,,
2007-10-07,2007,R,,boise-state,new-mexico-state,H,58,0,0,,
2007-10-07,2007,R,,new-mexico-state,boise-state,A,0,58,0,,
2007-10-10,2007,R,,navy,pittsburgh,A,48,45,0,,
2007-10-10,2007,R,,pittsburgh,navy,H,45,48,0,,
2007-10-11,2007,R,,wake-forest,florida-state,H,24,21,0,,21.0
2007-10-11,2007,R,,florida-state,wake-forest,A,21,24,0,21.0,
2007-10-12,2007,R,,hawaii,san-jose-state,A,42,35,0,16.0,
2007-10-12,2007,R,,san-jose-state,hawaii,H,35,42,0,,16.0
2007-10-13,2007,R,,air-force,colorado-state,A,45,21,0,,
2007-10-13,2007,R,,colorado-state,air-force,H,21,45,0,,
2007-10-13,2007,R,,alabama,mississippi,A,27,24,0,,
2007-10-13,2007,R,,mississippi,alabama,H,24,27,0,,
2007-10-13,2007,R,,alabama-birmingham,tulane,H,26,21,0,,
2007-10-13,2007,R,,tulane,alabama-birmingham,A,21,26,0,,
2007-10-13,2007,R,,arizona-state,washington,H,44,20,0,14.0,
2007-10-13,2007,R,,washington,arizona-state,A,20,44,0,,14.0
2007-10-13,2007,R,,arkansas-state,louisiana,H,52,21,0,,
2007-10-13,2007,R,,louisiana,arkansas-state,A,21,52,0,,
2007-10-13,2007,R,,auburn,arkansas,A,9,7,0,22.0,
2007-10-13,2007,R,,arkansas,auburn,H,7,9,0,,22.0
2007-10-13,2007,R,,ball-state,western-kentucky,H,35,12,0,,
2007-10-13,2007,R,,western-kentucky,ball-state,A,12,35,0,,
2007-10-13,2007,R,,boston-college,notre-dame,A,27,14,0,4.0,
2007-10-13,2007,R,,notre-dame,boston-college,H,14,27,0,,4.0
2007-10-13,2007,R,,brigham-young,nevada-las-vegas,A,24,14,0,,
2007-10-13,2007,R,,nevada-las-vegas,brigham-young,H,14,24,0,,
2007-10-13,2007,R,,buffalo,toledo,H,43,33,0,,
2007-10-13,2007,R,,toledo,buffalo,A,33,43,0,,
2007-10-13,2007,R,,central-michigan,army,H,47,23,0,,
2007-10-13,2007,R,,army,central-michigan,A,23,47,0,,
2007-10-13,2007,R,,east-carolina,texas-el-paso,A,45,42,0,,
2007-10-13,2007,R,,texas-el-paso,east-carolina,H,42,45,0,,
2007-10-13,2007,R,,fresno-state,idaho,A,37,24,0,,
2007-10-13,2007,R,,idaho,fresno-state,H,24,37,0,,
2007-10-13,2007,R,,georgia,vanderbilt,A,20,17,0,24.0,
2007-10-13,2007,R,,vanderbilt,georgia,H,17,20,0,,24.0
2007-10-13,2007,R,,georgia-tech,miami-fl,A,17,14,0,,
2007-10-13,2007,R,,miami-fl,georgia-tech,H,14,17,0,,
2007-10-13,2007,R,,houston,rice,H,56,48,0,,
2007-10-13,2007,R,,rice,houston,A,48,56,0,,
2007-10-13,2007,R,,iowa,illinois,H,10,6,0,,18.0
2007-10-13,2007,R,,illinois,iowa,A,6,10,0,18.0,
2007-10-13,2007,R,,kansas,baylor,H,58,10,0,20.0,
2007-10-13,2007,R,,baylor,kansas,A,10,58,0,,20.0
2007-10-13,2007,R,,kansas-state,colorado,H,47,20,0,,
2007-10-13,2007,R,,colorado,kansas-state,A,20,47,0,,
2007-10-13,2007,R,,kentucky,louisiana-state,H,43,37,0,17.0,1.0
2007-10-13,2007,R,,louisiana-state,kentucky,A,37,43,0,1.0,17.0
2007-10-13,2007,R,,louisiana-tech,new-mexico-state,H,22,21,0,,
2007-10-13,2007,R,,new-mexico-state,louisiana-tech,A,21,22,0,,
2007-10-13,2007,R,,louisville,cincinnati,A,28,24,0,,15.0
2007-10-13,2007,R,,cincinnati,louisville,H,24,28,0,15.0,
2007-10-13,2007,R,,miami-oh,bowling-green,H,47,14,0,,
2007-10-13,2007,R,,bowling-green,miami-oh,A,14,47,0,,
2007-10-13,2007,R,,michigan,purdue,H,48,21,0,,
2007-10-13,2007,R,,purdue,michigan,A,21,48,0,,
2007-10-13,2007,R,,michigan-state,indiana,H,52,27,0,,
2007-10-13,2007,R,,indiana,michigan-state,A,27,52,0,,
2007-10-13,2007,R,,middle-tennessee-state,memphis,A,21,7,0,,
2007-10-13,2007,R,,memphis,middle-tennessee-state,H,7,21,0,,
2007-10-13,2007,R,,new-mexico,wyoming,A,20,3,0,,
2007-10-13,2007,R,,wyoming,new-mexico,H,3,20,0,,
2007-10-13,2007,R,,north-texas,louisiana-monroe,H,31,21,0,,
2007-10-13,2007,R,,louisiana-monroe,north-texas,A,21,31,0,,
2007-10-13,2007,R,,northwestern,minnesota,H,49,48,0,,
2007-10-13,2007,R,,minnesota,northwestern,A,48,49,0,,
2007-10-13,2007,R,,ohio,eastern-michigan,H,48,42,0,,
2007-10-13,2007,R,,eastern-michigan,ohio,A,42,48,0,,
2007-10-13,2007,R,,ohio-state,kent-state,H,48,3,0,3.0,
2007-10-13,2007,R,,kent-state,ohio-state,A,3,48,0,,3.0
2007-10-13,2007,R,,oklahoma,missouri,H,41,31,0,6.0,11.0
2007-10-13,2007,R,,missouri,oklahoma,A,31,41,0,11.0,6.0
2007-10-13,2007,R,,oklahoma-state,nebraska,A,45,14,0,,
2007-10-13,2007,R,,nebraska,oklahoma-state,H,14,45,0,,
2007-10-13,2007,R,,oregon,washington-state,H,53,7,0,9.0,
2007-10-13,2007,R,,washington-state,oregon,A,7,53,0,,9.0
2007-10-13,2007,R,,oregon-state,california,A,31,28,0,,2.0
2007-10-13,2007,R,,california,oregon-state,H,28,31,0,2.0,
2007-10-13,2007,R,,penn-state,wisconsin,H,38,7,0,,19.0
2007-10-13,2007,R,,wisconsin,penn-state,A,7,38,0,19.0,
2007-10-13,2007,R,,rutgers,syracuse,A,38,14,0,,
2007-10-13,2007,R,,syracuse,rutgers,H,14,38,0,,
2007-10-13,2007,R,,south-carolina,north-carolina,A,21,15,0,7.0,
2007-10-13,2007,R,,north-carolina,south-carolina,H,15,21,0,,7.0
2007-10-13,2007,R,,south-florida,central-florida,H,64,12,0,5.0,
2007-10-13,2007,R,,central-florida,south-florida,A,12,64,0,,5.0
2007-10-13,2007,R,,southern-california,arizona,H,20,13,0,10.0,
2007-10-13,2007,R,,arizona,southern-california,A,13,20,0,,10.0
2007-10-13,2007,R,,southern-mississippi,southern-methodist,H,28,7,0,,
2007-10-13,2007,R,,southern-methodist,southern-mississippi,A,7,28,0,,
2007-10-13,2007,R,,temple,akron,A,24,20,0,,
2007-10-13,2007,R,,akron,temple,H,20,24,0,,
2007-10-13,2007,R,,tennessee,mississippi-state,A,33,21,0,25.0,
2007-10-13,2007,R,,mississippi-state,tennessee,H,21,33,0,,25.0
2007-10-13,2007,R,,texas,iowa-state,A,56,3,0,23.0,
2007-10-13,2007,R,,iowa-state,texas,H,3,56,0,,23.0
2007-10-13,2007,R,,texas-christian,stanford,A,38,36,0,,
2007-10-13,2007,R,,stanford,texas-christian,H,36,38,0,,
2007-10-13,2007,R,,texas-tech,texas-a-m,H,35,7,0,,
2007-10-13,2007,R,,texas-a-m,texas-tech,A,7,35,0,,
2007-10-13,2007,R,,tulsa,marshall,H,38,31,0,,
2007-10-13,2007,R,,marshall,tulsa,A,31,38,0,,
2007-10-13,2007,R,,utah,san-diego-state,H,23,7,0,,
2007-10-13,2007,R,,san-diego-state,utah,A,7,23,0,,
2007-10-13,2007,R,,virginia,connecticut,H,17,16,0,,
2007-10-13,2007,R,,connecticut,virginia,A,16,17,0,,
2007-10-13,2007,R,,virginia-tech,duke,A,43,14,0,12.0,
2007-10-13,2007,R,,duke,virginia-tech,H,14,43,0,,12.0
2007-10-13,2007,R,,western-michigan,northern-illinois,A,17,13,0,,
2007-10-13,2007,R,,northern-illinois,western-michigan,H,13,17,0,,
2007-10-14,2007,R,,boise-state,nevada,H,69,67,0,,
2007-10-14,2007,R,,nevada,boise-state,A,67,69,0,,
2007-10-18,2007,R,,rutgers,south-florida,H,30,27,0,,2.0
2007-10-18,2007,R,,south-florida,rutgers,A,27,30,0,2.0,
2007-10-18,2007,R,,utah,texas-christian,A,27,20,0,,
2007-10-18,2007,R,,texas-christian,utah,H,20,27,0,,
2007-10-19,2007,R,,connecticut,louisville,H,21,17,0,,
2007-10-19,2007,R,,louisville,connecticut,A,17,21,0,,
2007-10-19,2007,R,,northwestern,eastern-michigan,A,26,14,0,,
2007-10-19,2007,R,,eastern-michigan,northwestern,H,14,26,0,,
2007-10-20,2007,R,,air-force,wyoming,H,20,12,0,,
2007-10-20,2007,R,,wyoming,air-force,A,12,20,0,,
2007-10-20,2007,R,,alabama,tennessee,H,41,17,0,,20.0
2007-10-20,2007,R,,tennessee,alabama,A,17,41,0,20.0,
2007-10-20,2007,R,,arkansas,mississippi,A,44,8,0,,
2007-10-20,2007,R,,mississippi,arkansas,H,8,44,0,,
2007-10-20,2007,R,,ball-state,western-michigan,A,27,23,0,,
2007-10-20,2007,R,,western-michigan,ball-state,H,23,27,0,,
2007-10-20,2007,R,,boise-state,louisiana-tech,A,45,31,0,,
2007-10-20,2007,R,,louisiana-tech,boise-state,H,31,45,0,,
2007-10-20,2007,R,,bowling-green,kent-state,A,31,20,0,,
2007-10-20,2007,R,,kent-state,bowling-green,H,20,31,0,,
2007-10-20,2007,R,,brigham-young,eastern-washington,H,42,7,0,,
2007-10-20,2007,R,,eastern-washington,brigham-young,A,7,42,0,,
2007-10-20,2007,R,,central-florida,tulsa,H,44,23,0,,
2007-10-20,2007,R,,tulsa,central-florida,A,23,44,0,,
2007-10-20,2007,R,,clemson,central-michigan,H,70,14,0,,
2007-10-20,2007,R,,central-michigan,clemson,A,14,70,0,,
2007-10-20,2007,R,,colorado-state,nevada-las-vegas,A,48,23,0,,
2007-10-20,2007,R,,nevada-las-vegas,colorado-state,H,23,48,0,,
2007-10-20,2007,R,,florida,kentucky,A,45,37,0,14.0,8.0
2007-10-20,2007,R,,kentucky,florida,H,37,45,0,8.0,14.0
2007-10-20,2007,R,,florida-atlantic,louisiana,A,39,32,0,,
2007-10-20,2007,R,,louisiana,florida-atlantic,H,32,39,0,,
2007-10-20,2007,R,,fresno-state,san-jose-state,H,30,0,0,,
2007-10-20,2007,R,,san-jose-state,fresno-state,A,0,30,0,,
2007-10-20,2007,R,,georgia-tech,army,H,34,10,0,,
2007-10-20,2007,R,,army,georgia-tech,A,10,34,0,,
2007-10-20,2007,R,,houston,alabama-birmingham,A,49,10,0,,
2007-10-20,2007,R,,alabama-birmingham,houston,H,10,49,0,,
2007-10-20,2007,R,,kansas,colorado,A,19,14,0,15.0,
2007-10-20,2007,R,,colorado,kansas,H,14,19,0,,15.0
2007-10-20,2007,R,,louisiana-state,auburn,H,30,24,0,5.0,18.0
2007-10-20,2007,R,,auburn,louisiana-state,A,24,30,0,18.0,5.0
2007-10-20,2007,R,,louisiana-monroe,florida-international,H,28,14,0,,
2007-10-20,2007,R,,florida-international,louisiana-monroe,A,14,28,0,,
2007-10-20,2007,R,,memphis,rice,A,38,35,0,,
2007-10-20,2007,R,,rice,memphis,H,35,38,0,,
2007-10-20,2007,R,,miami-fl,florida-state,A,37,29,0,,
2007-10-20,2007,R,,florida-state,miami-fl,H,29,37,0,,
2007-10-20,2007,R,,michigan,illinois,A,27,17,0,24.0,
2007-10-20,2007,R,,illinois,michigan,H,17,27,0,,24.0
2007-10-20,2007,R,,middle-tennessee-state,arkansas-state,H,24,7,0,,
2007-10-20,2007,R,,arkansas-state,middle-tennessee-state,A,7,24,0,,
2007-10-20,2007,R,,missouri,texas-tech,H,41,10,0,15.0,22.0
2007-10-20,2007,R,,texas-tech,missouri,A,10,41,0,22.0,15.0
2007-10-20,2007,R,,nevada,utah-state,A,31,28,0,,
2007-10-20,2007,R,,utah-state,nevada,H,28,31,0,,
2007-10-20,2007,R,,new-mexico,san-diego-state,A,20,17,0,,
2007-10-20,2007,R,,san-diego-state,new-mexico,H,17,20,0,,
2007-10-20,2007,R,,new-mexico-state,idaho,H,45,31,0,,
2007-10-20,2007,R,,idaho,new-mexico-state,A,31,45,0,,
2007-10-20,2007,R,,north-carolina-state,east-carolina,A,34,20,0,,
2007-10-20,2007,R,,east-carolina,north-carolina-state,H,20,34,0,,
2007-10-20,2007,R,,north-dakota-state,minnesota,A,27,21,0,,
2007-10-20,2007,R,,minnesota,north-dakota-state,H,21,27,0,,
2007-10-20,2007,R,,ohio-state,michigan-state,H,24,17,0,1.0,
2007-10-20,2007,R,,michigan-state,ohio-state,A,17,24,0,,1.0
2007-10-20,2007,R,,oklahoma,iowa-state,A,17,7,0,4.0,
2007-10-20,2007,R,,iowa-state,oklahoma,H,7,17,0,,4.0
2007-10-20,2007,R,,oklahoma-state,kansas-state,H,41,39,0,,25.0
2007-10-20,2007,R,,kansas-state,oklahoma-state,A,39,41,0,25.0,
2007-10-20,2007,R,,oregon,washington,A,55,34,0,7.0,
2007-10-20,2007,R,,washington,oregon,H,34,55,0,,7.0
2007-10-20,2007,R,,penn-state,indiana,A,36,31,0,,
2007-10-20,2007,R,,indiana,penn-state,H,31,36,0,,
2007-10-20,2007,R,,pittsburgh,cincinnati,H,24,17,0,,23.0
2007-10-20,2007,R,,cincinnati,pittsburgh,A,17,24,0,23.0,
2007-10-20,2007,R,,purdue,iowa,H,31,6,0,,
2007-10-20,2007,R,,iowa,purdue,A,6,31,0,,
2007-10-20,2007,R,,southern-california,notre-dame,A,38,0,0,13.0,
2007-10-20,2007,R,,notre-dame,southern-california,H,0,38,0,,13.0
2007-10-20,2007,R,,stanford,arizona,A,21,20,0,,
2007-10-20,2007,R,,arizona,stanford,H,20,21,0,,
2007-10-20,2007,R,,syracuse,buffalo,H,20,12,0,,
2007-10-20,2007,R,,buffalo,syracuse,A,12,20,0,,
2007-10-20,2007,R,,temple,miami-oh,H,24,17,0,,
2007-10-20,2007,R,,miami-oh,temple,A,17,24,0,,
2007-10-20,2007,R,,texas,baylor,A,31,10,0,19.0,
2007-10-20,2007,R,,baylor,texas,H,10,31,0,,19.0
2007-10-20,2007,R,,texas-a-m,nebraska,A,36,14,0,,
2007-10-20,2007,R,,nebraska,texas-a-m,H,14,36,0,,
2007-10-20,2007,R,,toledo,ohio,H,43,40,0,,
2007-10-20,2007,R,,ohio,toledo,A,40,43,0,,
2007-10-20,2007,R,,troy,north-texas,H,45,7,0,,
2007-10-20,2007,R,,north-texas,troy,A,7,45,0,,
2007-10-20,2007,R,,tulane,southern-methodist,A,41,34,0,,
2007-10-20,2007,R,,southern-methodist,tulane,H,34,41,0,,
2007-10-20,2007,R,,ucla,california,H,30,21,0,,10.0
2007-10-20,2007,R,,california,ucla,A,21,30,0,10.0,
2007-10-20,2007,R,,vanderbilt,south-carolina,A,17,6,0,,6.0
2007-10-20,2007,R,,south-carolina,vanderbilt,H,6,17,0,6.0,
2007-10-20,2007,R,,virginia,maryland,A,18,17,0,,
2007-10-20,2007,R,,maryland,virginia,H,17,18,0,,
2007-10-20,2007,R,,wake-forest,navy,A,44,24,0,,
2007-10-20,2007,R,,navy,wake-forest,H,24,44,0,,
2007-10-20,2007,R,,west-virginia,mississippi-state,H,38,13,0,9.0,
2007-10-20,2007,R,,mississippi-state,west-virginia,A,13,38,0,,9.0
2007-10-20,2007,R,,western-kentucky,indiana-state,A,56,7,0,,
2007-10-20,2007,R,,indiana-state,western-kentucky,H,7,56,0,,
2007-10-20,2007,R,,wisconsin,northern-illinois,H,44,3,0,,
2007-10-20,2007,R,,northern-illinois,wisconsin,A,3,44,0,,
2007-10-21,2007,R,,southern-mississippi,marshall,A,33,24,0,,
2007-10-21,2007,R,,marshall,southern-mississippi,H,24,33,0,,
2007-10-25,2007,R,,boston-college,virginia-tech,A,14,10,0,2.0,8.0
2007-10-25,2007,R,,virginia-tech,boston-college,H,10,14,0,8.0,2.0
2007-10-25,2007,R,,new-mexico,air-force,H,34,31,0,,
2007-10-25,2007,R,,air-force,new-mexico,A,31,34,0,,
2007-10-26,2007,R,,boise-state,fresno-state,A,34,21,0,,
2007-10-26,2007,R,,fresno-state,boise-state,H,21,34,0,,
2007-10-27,2007,R,,arizona,washington,A,48,41,0,,
2007-10-27,2007,R,,washington,arizona,H,41,48,0,,
2007-10-27,2007,R,,arizona-state,california,H,31,20,0,7.0,18.0
2007-10-27,2007,R,,california,arizona-state,A,20,31,0,18.0,7.0
2007-10-27,2007,R,,arkansas,florida-international,H,58,10,0,,
2007-10-27,2007,R,,florida-international,arkansas,A,10,58,0,,
2007-10-27,2007,R,,auburn,mississippi,H,17,3,0,23.0,
2007-10-27,2007,R,,mississippi,auburn,A,3,17,0,,23.0
2007-10-27,2007,R,,buffalo,akron,H,26,10,0,,
2007-10-27,2007,R,,akron,buffalo,A,10,26,0,,
2007-10-27,2007,R,,central-michigan,kent-state,A,41,32,0,,
2007-10-27,2007,R,,kent-state,central-michigan,H,32,41,0,,
2007-10-27,2007,R,,clemson,maryland,A,30,17,0,,
2007-10-27,2007,R,,maryland,clemson,H,17,30,0,,
2007-10-27,2007,R,,colorado,texas-tech,A,31,26,0,,
2007-10-27,2007,R,,texas-tech,colorado,H,26,31,0,,
2007-10-27,2007,R,,connecticut,south-florida,H,22,15,0,,11.0
2007-10-27,2007,R,,south-florida,connecticut,A,15,22,0,11.0,
2007-10-27,2007,R,,delaware,navy,A,59,52,0,,
2007-10-27,2007,R,,navy,delaware,H,52,59,0,,
2007-10-27,2007,R,,east-carolina,alabama-birmingham,H,41,6,0,,
2007-10-27,2007,R,,alabama-birmingham,east-carolina,A,6,41,0,,
2007-10-27,2007,R,,eastern-michigan,western-michigan,H,19,2,0,,
2007-10-27,2007,R,,western-michigan,eastern-michigan,A,2,19,0,,
2007-10-27,2007,R,,florida-state,duke,H,25,6,0,,
2007-10-27,2007,R,,duke,florida-state,A,6,25,0,,
2007-10-27,2007,R,,georgia,florida,N,42,30,0,20.0,9.0
2007-10-27,2007,R,,florida,georgia,N,30,42,0,9.0,20.0
2007-10-27,2007,R,,hawaii,new-mexico-state,H,50,13,0,16.0,
2007-10-27,2007,R,,new-mexico-state,hawaii,A,13,50,0,,16.0
2007-10-27,2007,R,,houston,texas-el-paso,A,34,31,0,,
2007-10-27,2007,R,,texas-el-paso,houston,H,31,34,0,,
2007-10-27,2007,R,,illinois,ball-state,H,28,17,0,,
2007-10-27,2007,R,,ball-state,illinois,A,17,28,0,,
2007-10-27,2007,R,,iowa,michigan-state,H,34,27,0,,
2007-10-27,2007,R,,michigan-state,iowa,A,27,34,0,,
2007-10-27,2007,R,,kansas,texas-a-m,A,19,11,0,12.0,
2007-10-27,2007,R,,texas-a-m,kansas,H,11,19,0,,12.0
2007-10-27,2007,R,,kansas-state,baylor,H,51,13,0,,
2007-10-27,2007,R,,baylor,kansas-state,A,13,51,0,,
2007-10-27,2007,R,,louisiana-tech,utah-state,A,31,21,0,,
2007-10-27,2007,R,,utah-state,louisiana-tech,H,21,31,0,,
2007-10-27,2007,R,,louisiana-monroe,florida-atlantic,A,33,30,0,,
2007-10-27,2007,R,,florida-atlantic,louisiana-monroe,H,30,33,0,,
2007-10-27,2007,R,,louisville,pittsburgh,H,24,17,0,,
2007-10-27,2007,R,,pittsburgh,louisville,A,17,24,0,,
2007-10-27,2007,R,,marshall,rice,H,34,21,0,,
2007-10-27,2007,R,,rice,marshall,A,21,34,0,,
2007-10-27,2007,R,,memphis,tulane,A,28,27,0,,
2007-10-27,2007,R,,tulane,memphis,H,27,28,0,,
2007-10-27,2007,R,,michigan,minnesota,H,34,10,0,19.0,
2007-10-27,2007,R,,minnesota,michigan,A,10,34,0,,19.0
2007-10-27,2007,R,,middle-tennessee-state,north-texas,A,48,28,0,,
2007-10-27,2007,R,,north-texas,middle-tennessee-state,H,28,48,0,,
2007-10-27,2007,R,,mississippi-state,kentucky,A,31,14,0,,14.0
2007-10-27,2007,R,,kentucky,mississippi-state,H,14,31,0,14.0,
2007-10-27,2007,R,,missouri,iowa-state,H,42,28,0,13.0,
2007-10-27,2007,R,,iowa-state,missouri,A,28,42,0,,13.0
2007-10-27,2007,R,,nevada,idaho,H,37,21,0,,
2007-10-27,2007,R,,idaho,nevada,A,21,37,0,,
2007-10-27,2007,R,,north-carolina-state,virginia,H,29,24,0,,21.0
2007-10-27,2007,R,,virginia,north-carolina-state,A,24,29,0,21.0,
2007-10-27,2007,R,,ohio,bowling-green,A,38,27,0,,
2007-10-27,2007,R,,bowling-green,ohio,H,27,38,0,,
2007-10-27,2007,R,,ohio-state,penn-state,A,37,17,0,1.0,24.0
2007-10-27,2007,R,,penn-state,ohio-state,H,17,37,0,24.0,1.0
2007-10-27,2007,R,,oregon,southern-california,H,24,17,0,5.0,9.0
2007-10-27,2007,R,,southern-california,oregon,A,17,24,0,9.0,5.0
2007-10-27,2007,R,,oregon-state,stanford,H,23,6,0,,
2007-10-27,2007,R,,stanford,oregon-state,A,6,23,0,,
2007-10-27,2007,R,,purdue,northwestern,H,35,17,0,,
2007-10-27,2007,R,,northwestern,purdue,A,17,35,0,,
2007-10-27,2007,R,,tennessee,south-carolina,H,27,24,0,,15.0
2007-10-27,2007,R,,south-carolina,tennessee,A,24,27,0,15.0,
2007-10-27,2007,R,,texas,nebraska,H,28,25,0,17.0,
2007-10-27,2007,R,,nebraska,texas,A,25,28,0,,17.0
2007-10-27,2007,R,,toledo,northern-illinois,H,70,21,0,,
2007-10-27,2007,R,,northern-illinois,toledo,A,21,70,0,,
2007-10-27,2007,R,,troy,arkansas-state,A,27,0,0,,
2007-10-27,2007,R,,arkansas-state,troy,H,0,27,0,,
2007-10-27,2007,R,,tulsa,southern-methodist,H,29,23,0,,
2007-10-27,2007,R,,southern-methodist,tulsa,A,23,29,0,,
2007-10-27,2007,R,,utah,colorado-state,A,27,3,0,,
2007-10-27,2007,R,,colorado-state,utah,H,3,27,0,,
2007-10-27,2007,R,,vanderbilt,miami-oh,H,24,13,0,,
2007-10-27,2007,R,,miami-oh,vanderbilt,A,13,24,0,,
2007-10-27,2007,R,,wake-forest,north-carolina,H,37,10,0,,
2007-10-27,2007,R,,north-carolina,wake-forest,A,10,37,0,,
2007-10-27,2007,R,,washington-state,ucla,H,27,7,0,,
2007-10-27,2007,R,,ucla,washington-state,A,7,27,0,,
2007-10-27,2007,R,,west-virginia,rutgers,A,31,3,0,6.0,25.0
2007-10-27,2007,R,,rutgers,west-virginia,H,3,31,0,25.0,6.0
2007-10-27,2007,R,,western-kentucky,north-carolina-central,H,50,14,0,,
2007-10-27,2007,R,,north-carolina-central,western-kentucky,A,14,50,0,,
2007-10-27,2007,R,,wisconsin,indiana,H,33,3,0,,
2007-10-27,2007,R,,indiana,wisconsin,A,3,33,0,,
2007-10-27,2007,R,,wyoming,nevada-las-vegas,H,29,24,0,,
2007-10-27,2007,R,,nevada-las-vegas,wyoming,A,24,29,0,,
2007-10-28,2007,R,,central-florida,southern-mississippi,A,34,17,0,,
2007-10-28,2007,R,,southern-mississippi,central-florida,H,17,34,0,,
2007-11-01,2007,R,,virginia-tech,georgia-tech,A,27,3,0,11.0,
2007-11-01,2007,R,,georgia-tech,virginia-tech,H,3,27,0,,11.0
2007-11-02,2007,R,,bowling-green,akron,H,44,20,0,,
2007-11-02,2007,R,,akron,bowling-green,A,20,44,0,,
2007-11-02,2007,R,,nevada,new-mexico-state,A,40,38,0,,
2007-11-02,2007,R,,new-mexico-state,nevada,H,38,40,0,,
2007-11-02,2007,R,,ohio,temple,H,23,7,0,,
2007-11-02,2007,R,,temple,ohio,A,7,23,0,,
2007-11-03,2007,R,,air-force,army,H,30,10,0,,
2007-11-03,2007,R,,army,air-force,A,10,30,0,,
2007-11-03,2007,R,,arizona,ucla,H,34,27,0,,
2007-11-03,2007,R,,ucla,arizona,A,27,34,0,,
2007-11-03,2007,R,,arkansas,south-carolina,H,48,36,0,,23.0
2007-11-03,2007,R,,south-carolina,arkansas,A,36,48,0,23.0,
2007-11-03,2007,R,,arkansas-state,florida-international,H,27,24,0,,
2007-11-03,2007,R,,florida-international,arkansas-state,A,24,27,0,,
2007-11-03,2007,R,,auburn,tennessee-tech,H,35,3,0,19.0,
2007-11-03,2007,R,,tennessee-tech,auburn,A,3,35,0,,19.0
2007-11-03,2007,R,,boise-state,san-jose-state,H,42,7,0,21.0,
2007-11-03,2007,R,,san-jose-state,boise-state,A,7,42,0,,21.0
2007-11-03,2007,R,,brigham-young,colorado-state,H,35,16,0,,
2007-11-03,2007,R,,colorado-state,brigham-young,A,16,35,0,,
2007-11-03,2007,R,,california,washington-state,H,20,17,0,,
2007-11-03,2007,R,,washington-state,california,A,17,20,0,,
2007-11-03,2007,R,,central-florida,marshall,H,47,13,0,,
2007-11-03,2007,R,,marshall,central-florida,A,13,47,0,,
2007-11-03,2007,R,,cincinnati,south-florida,A,38,33,0,,20.0
2007-11-03,2007,R,,south-florida,cincinnati,H,33,38,0,20.0,
2007-11-03,2007,R,,clemson,duke,A,47,10,0,25.0,
2007-11-03,2007,R,,duke,clemson,H,10,47,0,,25.0
2007-11-03,2007,R,,connecticut,rutgers,H,38,19,0,16.0,
2007-11-03,2007,R,,rutgers,connecticut,A,19,38,0,,16.0
2007-11-03,2007,R,,east-carolina,memphis,A,56,40,0,,
2007-11-03,2007,R,,memphis,east-carolina,H,40,56,0,,
2007-11-03,2007,R,,florida,vanderbilt,H,49,22,0,18.0,
2007-11-03,2007,R,,vanderbilt,florida,A,22,49,0,,18.0
2007-11-03,2007,R,,florida-state,boston-college,A,27,17,0,,2.0
2007-11-03,2007,R,,boston-college,florida-state,H,17,27,0,2.0,
2007-11-03,2007,R,,fresno-state,utah-state,H,38,27,0,,
2007-11-03,2007,R,,utah-state,fresno-state,A,27,38,0,,
2007-11-03,2007,R,,georgia,troy,H,44,34,0,10.0,
2007-11-03,2007,R,,troy,georgia,A,34,44,0,,10.0
2007-11-03,2007,R,,illinois,minnesota,A,44,17,0,,
2007-11-03,2007,R,,minnesota,illinois,H,17,44,0,,
2007-11-03,2007,R,,indiana,ball-state,H,38,20,0,,
2007-11-03,2007,R,,ball-state,indiana,A,20,38,0,,
2007-11-03,2007,R,,iowa,northwestern,A,28,17,0,,
2007-11-03,2007,R,,northwestern,iowa,H,17,28,0,,
2007-11-03,2007,R,,iowa-state,kansas-state,H,31,20,0,,
2007-11-03,2007,R,,kansas-state,iowa-state,A,20,31,0,,
2007-11-03,2007,R,,kansas,nebraska,H,76,39,0,8.0,
2007-11-03,2007,R,,nebraska,kansas,A,39,76,0,,8.0
2007-11-03,2007,R,,louisiana-state,alabama,A,41,34,0,3.0,17.0
2007-11-03,2007,R,,alabama,louisiana-state,H,34,41,0,17.0,3.0
2007-11-03,2007,R,,louisiana-tech,idaho,A,28,16,0,,
2007-11-03,2007,R,,idaho,louisiana-tech,H,16,28,0,,
2007-11-03,2007,R,,miami-oh,buffalo,H,31,28,0,,
2007-11-03,2007,R,,buffalo,miami-oh,A,28,31,0,,
2007-11-03,2007,R,,michigan,michigan-state,A,28,24,0,15.0,
2007-11-03,2007,R,,michigan-state,michigan,H,24,28,0,,15.0
2007-11-03,2007,R,,middle-tennessee-state,louisiana-monroe,A,43,40,0,,
2007-11-03,2007,R,,louisiana-monroe,middle-tennessee-state,H,40,43,0,,
2007-11-03,2007,R,,mississippi,northwestern-state,H,38,31,0,,
2007-11-03,2007,R,,northwestern-state,mississippi,A,31,38,0,,
2007-11-03,2007,R,,missouri,colorado,A,55,10,0,9.0,
2007-11-03,2007,R,,colorado,missouri,H,10,55,0,,9.0
2007-11-03,2007,R,,navy,notre-dame,A,46,44,0,,
2007-11-03,2007,R,,notre-dame,navy,H,44,46,0,,
2007-11-03,2007,R,,north-carolina,maryland,H,16,13,0,,
2007-11-03,2007,R,,maryland,north-carolina,A,13,16,0,,
2007-11-03,2007,R,,north-carolina-state,miami-fl,A,19,16,0,,
2007-11-03,2007,R,,miami-fl,north-carolina-state,H,16,19,0,,
2007-11-03,2007,R,,ohio-state,wisconsin,H,38,17,0,1.0,
2007-11-03,2007,R,,wisconsin,ohio-state,A,17,38,0,,1.0
2007-11-03,2007,R,,oklahoma,texas-a-m,H,42,14,0,5.0,
2007-11-03,2007,R,,texas-a-m,oklahoma,A,14,42,0,,5.0
2007-11-03,2007,R,,oregon,arizona-state,H,35,23,0,4.0,6.0
2007-11-03,2007,R,,arizona-state,oregon,A,23,35,0,6.0,4.0
2007-11-03,2007,R,,penn-state,purdue,H,26,19,0,,
2007-11-03,2007,R,,purdue,penn-state,A,19,26,0,,
2007-11-03,2007,R,,pittsburgh,syracuse,H,20,17,0,,
2007-11-03,2007,R,,syracuse,pittsburgh,A,17,20,0,,
2007-11-03,2007,R,,rice,texas-el-paso,H,56,48,0,,
2007-11-03,2007,R,,texas-el-paso,rice,A,48,56,0,,
2007-11-03,2007,R,,san-diego-state,wyoming,H,27,24,0,,
2007-11-03,2007,R,,wyoming,san-diego-state,A,24,27,0,,
2007-11-03,2007,R,,southern-california,oregon-state,H,24,3,0,13.0,
2007-11-03,2007,R,,oregon-state,southern-california,A,3,24,0,,13.0
2007-11-03,2007,R,,southern-mississippi,alabama-birmingham,A,37,7,0,,
2007-11-03,2007,R,,alabama-birmingham,southern-mississippi,H,7,37,0,,
2007-11-03,2007,R,,tennessee,louisiana,H,59,7,0,24.0,
2007-11-03,2007,R,,louisiana,tennessee,A,7,59,0,,24.0
2007-11-03,2007,R,,texas,oklahoma-state,A,38,35,0,14.0,
2007-11-03,2007,R,,oklahoma-state,texas,H,35,38,0,,14.0
2007-11-03,2007,R,,texas-christian,new-mexico,H,37,0,0,,
2007-11-03,2007,R,,new-mexico,texas-christian,A,0,37,0,,
2007-11-03,2007,R,,texas-tech,baylor,A,38,7,0,,
2007-11-03,2007,R,,baylor,texas-tech,H,7,38,0,,
2007-11-03,2007,R,,toledo,eastern-michigan,H,52,28,0,,
2007-11-03,2007,R,,eastern-michigan,toledo,A,28,52,0,,
2007-11-03,2007,R,,tulsa,tulane,A,49,25,0,,
2007-11-03,2007,R,,tulane,tulsa,H,25,49,0,,
2007-11-03,2007,R,,virginia,wake-forest,H,17,16,0,,21.0
2007-11-03,2007,R,,wake-forest,virginia,A,16,17,0,21.0,
2007-11-03,2007,R,,washington,stanford,A,27,9,0,,
2007-11-03,2007,R,,stanford,washington,H,9,27,0,,
2007-11-03,2007,R,,western-kentucky,chattanooga,A,28,21,0,,
2007-11-03,2007,R,,chattanooga,western-kentucky,H,21,28,0,,
2007-11-04,2007,R,,houston,southern-methodist,H,38,28,0,,
2007-11-04,2007,R,,southern-methodist,houston,A,28,38,0,,
2007-11-06,2007,R,,central-michigan,western-michigan,A,34,31,0,,
2007-11-06,2007,R,,western-michigan,central-michigan,H,31,34,0,,
2007-11-07,2007,R,,akron,ohio,H,48,37,0,,
2007-11-07,2007,R,,ohio,akron,A,37,48,0,,
2007-11-08,2007,R,,brigham-young,texas-christian,H,27,22,0,,
2007-11-08,2007,R,,texas-christian,brigham-young,A,22,27,0,,
2007-11-08,2007,R,,west-virginia,louisville,H,38,31,0,6.0,
2007-11-08,2007,R,,louisville,west-virginia,A,31,38,0,,6.0
2007-11-09,2007,R,,bowling-green,eastern-michigan,A,39,32,0,,
2007-11-09,2007,R,,eastern-michigan,bowling-green,H,32,39,0,,
2007-11-09,2007,R,,rutgers,army,A,41,6,0,,
2007-11-09,2007,R,,army,rutgers,H,6,41,0,,
2007-11-10,2007,R,,air-force,notre-dame,A,41,24,0,,
2007-11-10,2007,R,,notre-dame,air-force,H,24,41,0,,
2007-11-10,2007,R,,arizona-state,ucla,A,24,20,0,9.0,
2007-11-10,2007,R,,ucla,arizona-state,H,20,24,0,,9.0
2007-11-10,2007,R,,boise-state,utah-state,A,52,0,0,19.0,
2007-11-10,2007,R,,utah-state,boise-state,H,0,52,0,,19.0
2007-11-10,2007,R,,central-florida,alabama-birmingham,A,45,31,0,,
2007-11-10,2007,R,,alabama-birmingham,central-florida,H,31,45,0,,
2007-11-10,2007,R,,cincinnati,connecticut,H,27,3,0,,16.0
2007-11-10,2007,R,,connecticut,cincinnati,A,3,27,0,16.0,
2007-11-10,2007,R,,clemson,wake-forest,H,44,10,0,20.0,
2007-11-10,2007,R,,wake-forest,clemson,A,10,44,0,,20.0
2007-11-10,2007,R,,florida,south-carolina,A,51,31,0,17.0,
2007-11-10,2007,R,,south-carolina,florida,H,31,51,0,,17.0
2007-11-10,2007,R,,florida-atlantic,arkansas-state,H,34,31,0,,
2007-11-10,2007,R,,arkansas-state,florida-atlantic,A,31,34,0,,
2007-11-10,2007,R,,georgia,auburn,H,45,20,0,10.0,18.0
2007-11-10,2007,R,,auburn,georgia,A,20,45,0,18.0,10.0
2007-11-10,2007,R,,georgia-tech,duke,A,41,24,0,,
2007-11-10,2007,R,,duke,georgia-tech,H,24,41,0,,
2007-11-10,2007,R,,hawaii,fresno-state,H,37,30,0,14.0,
2007-11-10,2007,R,,fresno-state,hawaii,A,30,37,0,,14.0
2007-11-10,2007,R,,illinois,ohio-state,A,28,21,0,,1.0
2007-11-10,2007,R,,ohio-state,illinois,H,21,28,0,1.0,
2007-11-10,2007,R,,iowa,minnesota,H,21,16,0,,
2007-11-10,2007,R,,minnesota,iowa,A,16,21,0,,
2007-11-10,2007,R,,iowa-state,colorado,H,31,28,0,,
2007-11-10,2007,R,,colorado,iowa-state,A,28,31,0,,
2007-11-10,2007,R,,kansas,oklahoma-state,A,43,28,0,5.0,
2007-11-10,2007,R,,oklahoma-state,kansas,H,28,43,0,,5.0
2007-11-10,2007,R,,kentucky,vanderbilt,A,27,20,0,24.0,
2007-11-10,2007,R,,vanderbilt,kentucky,H,20,27,0,,24.0
2007-11-10,2007,R,,louisiana,middle-tennessee-state,A,34,24,0,,
2007-11-10,2007,R,,middle-tennessee-state,louisiana,H,24,34,0,,
2007-11-10,2007,R,,louisiana-state,louisiana-tech,H,58,10,0,2.0,
2007-11-10,2007,R,,louisiana-tech,louisiana-state,A,10,58,0,,2.0
2007-11-10,2007,R,,louisiana-monroe,grambling-state,H,28,14,0,,
2007-11-10,2007,R,,grambling-state,louisiana-monroe,A,14,28,0,,
2007-11-10,2007,R,,marshall,east-carolina,H,26,7,0,,
2007-11-10,2007,R,,east-carolina,marshall,A,7,26,0,,
2007-11-10,2007,R,,maryland,boston-college,H,42,35,0,,8.0
2007-11-10,2007,R,,boston-college,maryland,A,35,42,0,8.0,
2007-11-10,2007,R,,memphis,southern-mississippi,A,29,26,0,,
2007-11-10,2007,R,,southern-mississippi,memphis,H,26,29,0,,
2007-11-10,2007,R,,michigan-state,purdue,A,48,31,0,,
2007-11-10,2007,R,,purdue,michigan-state,H,31,48,0,,
2007-11-10,2007,R,,mississippi-state,alabama,H,17,12,0,,21.0
2007-11-10,2007,R,,alabama,mississippi-state,A,12,17,0,21.0,
2007-11-10,2007,R,,missouri,texas-a-m,H,40,26,0,7.0,
2007-11-10,2007,R,,texas-a-m,missouri,A,26,40,0,,7.0
2007-11-10,2007,R,,navy,north-texas,A,74,62,0,,
2007-11-10,2007,R,,north-texas,navy,H,62,74,0,,
2007-11-10,2007,R,,nebraska,kansas-state,H,73,31,0,,
2007-11-10,2007,R,,kansas-state,nebraska,A,31,73,0,,
2007-11-10,2007,R,,new-mexico,colorado-state,H,26,23,0,,
2007-11-10,2007,R,,colorado-state,new-mexico,A,23,26,0,,
2007-11-10,2007,R,,north-carolina-state,north-carolina,H,31,27,0,,
2007-11-10,2007,R,,north-carolina,north-carolina-state,A,27,31,0,,
2007-11-10,2007,R,,northern-illinois,kent-state,H,27,20,0,,
2007-11-10,2007,R,,kent-state,northern-illinois,A,20,27,0,,
2007-11-10,2007,R,,northwestern,indiana,H,31,28,0,,
2007-11-10,2007,R,,indiana,northwestern,A,28,31,0,,
2007-11-10,2007,R,,oklahoma,baylor,H,52,21,0,4.0,
2007-11-10,2007,R,,baylor,oklahoma,A,21,52,0,,4.0
2007-11-10,2007,R,,oregon-state,washington,H,29,23,0,,
2007-11-10,2007,R,,washington,oregon-state,A,23,29,0,,
2007-11-10,2007,R,,penn-state,temple,A,31,0,0,,
2007-11-10,2007,R,,temple,penn-state,H,0,31,0,,
2007-11-10,2007,R,,rice,southern-methodist,A,43,42,0,,
2007-11-10,2007,R,,southern-methodist,rice,H,42,43,0,,
2007-11-10,2007,R,,san-diego-state,nevada-las-vegas,A,38,30,0,,
2007-11-10,2007,R,,nevada-las-vegas,san-diego-state,H,30,38,0,,
2007-11-10,2007,R,,san-jose-state,new-mexico-state,H,51,17,0,,
2007-11-10,2007,R,,new-mexico-state,san-jose-state,A,17,51,0,,
2007-11-10,2007,R,,south-florida,syracuse,A,41,10,0,,
2007-11-10,2007,R,,syracuse,south-florida,H,10,41,0,,
2007-11-10,2007,R,,southern-california,california,A,24,17,0,12.0,24.0
2007-11-10,2007,R,,california,southern-california,H,17,24,0,24.0,12.0
2007-11-10,2007,R,,tennessee,arkansas,H,34,13,0,22.0,
2007-11-10,2007,R,,arkansas,tennessee,A,13,34,0,,22.0
2007-11-10,2007,R,,texas,texas-tech,H,59,43,0,15.0,
2007-11-10,2007,R,,texas-tech,texas,A,43,59,0,,15.0
2007-11-10,2007,R,,troy,western-kentucky,A,21,17,0,,
2007-11-10,2007,R,,western-kentucky,troy,H,17,21,0,,
2007-11-10,2007,R,,tulane,texas-el-paso,H,34,19,0,,
2007-11-10,2007,R,,texas-el-paso,tulane,A,19,34,0,,
2007-11-10,2007,R,,tulsa,houston,H,56,7,0,,
2007-11-10,2007,R,,houston,tulsa,A,7,56,0,,
2007-11-10,2007,R,,utah,wyoming,H,50,0,0,,
2007-11-10,2007,R,,wyoming,utah,A,0,50,0,,
2007-11-10,2007,R,,virginia,miami-fl,A,48,0,0,23.0,
2007-11-10,2007,R,,miami-fl,virginia,H,0,48,0,,23.0
2007-11-10,2007,R,,virginia-tech,florida-state,H,40,21,0,11.0,
2007-11-10,2007,R,,florida-state,virginia-tech,A,21,40,0,,11.0
2007-11-10,2007,R,,washington-state,stanford,H,33,17,0,,
2007-11-10,2007,R,,stanford,washington-state,A,17,33,0,,
2007-11-10,2007,R,,wisconsin,michigan,H,37,21,0,,13.0
2007-11-10,2007,R,,michigan,wisconsin,A,21,37,0,13.0,
2007-11-13,2007,R,,ball-state,toledo,H,41,20,0,,
2007-11-13,2007,R,,toledo,ball-state,A,20,41,0,,
2007-11-14,2007,R,,miami-oh,akron,H,7,0,0,,
2007-11-14,2007,R,,akron,miami-oh,A,0,7,0,,
2007-11-15,2007,R,,arizona,oregon,H,34,24,0,,2.0
2007-11-15,2007,R,,oregon,arizona,A,24,34,0,2.0,
2007-11-15,2007,R,,arkansas-state,north-texas,H,31,27,0,,
2007-11-15,2007,R,,north-texas,arkansas-state,A,27,31,0,,
2007-11-16,2007,R,,eastern-michigan,central-michigan,A,48,45,0,,
2007-11-16,2007,R,,central-michigan,eastern-michigan,H,45,48,0,,
2007-11-16,2007,R,,hawaii,nevada,A,28,26,0,13.0,
2007-11-16,2007,R,,nevada,hawaii,H,26,28,0,,13.0
2007-11-17,2007,R,,air-force,san-diego-state,H,55,23,0,,
2007-11-17,2007,R,,san-diego-state,air-force,A,23,55,0,,
2007-11-17,2007,R,,arkansas,mississippi-state,H,45,31,0,,
2007-11-17,2007,R,,mississippi-state,arkansas,A,31,45,0,,
2007-11-17,2007,R,,boise-state,idaho,H,58,14,0,17.0,
2007-11-17,2007,R,,idaho,boise-state,A,14,58,0,,17.0
2007-11-17,2007,R,,boston-college,clemson,A,20,17,0,18.0,15.0
2007-11-17,2007,R,,clemson,boston-college,H,17,20,0,15.0,18.0
2007-11-17,2007,R,,bowling-green,buffalo,A,31,17,0,,
2007-11-17,2007,R,,buffalo,bowling-green,H,17,31,0,,
2007-11-17,2007,R,,brigham-young,wyoming,A,35,10,0,,
2007-11-17,2007,R,,wyoming,brigham-young,H,10,35,0,,
2007-11-17,2007,R,,central-florida,southern-methodist,A,49,20,0,,
2007-11-17,2007,R,,southern-methodist,central-florida,H,20,49,0,,
2007-11-17,2007,R,,colorado-state,georgia-southern,H,42,34,0,,
2007-11-17,2007,R,,georgia-southern,colorado-state,A,34,42,0,,
2007-11-17,2007,R,,connecticut,syracuse,H,30,7,0,25.0,
2007-11-17,2007,R,,syracuse,connecticut,A,7,30,0,,25.0
2007-11-17,2007,R,,florida,florida-atlantic,H,59,20,0,14.0,
2007-11-17,2007,R,,florida-atlantic,florida,A,20,59,0,,14.0
2007-11-17,2007,R,,florida-state,maryland,H,24,16,0,,
2007-11-17,2007,R,,maryland,florida-state,A,16,24,0,,
2007-11-17,2007,R,,georgia,kentucky,H,24,13,0,8.0,22.0
2007-11-17,2007,R,,kentucky,georgia,A,13,24,0,22.0,8.0
2007-11-17,2007,R,,georgia-tech,north-carolina,H,27,25,0,,
2007-11-17,2007,R,,north-carolina,georgia-tech,A,25,27,0,,
2007-11-17,2007,R,,houston,marshall,H,35,28,0,,
2007-11-17,2007,R,,marshall,houston,A,28,35,0,,
2007-11-17,2007,R,,illinois,northwestern,H,41,22,0,20.0,
2007-11-17,2007,R,,northwestern,illinois,A,22,41,0,,20.0
2007-11-17,2007,R,,indiana,purdue,H,27,24,0,,
2007-11-17,2007,R,,purdue,indiana,A,24,27,0,,
2007-11-17,2007,R,,kansas,iowa-state,H,45,7,0,4.0,
2007-11-17,2007,R,,iowa-state,kansas,A,7,45,0,,4.0
2007-11-17,2007,R,,louisiana,florida-international,H,38,28,0,,
2007-11-17,2007,R,,florida-international,louisiana,A,28,38,0,,
2007-11-17,2007,R,,louisiana,florida-international,A,38,28,0,,
2007-11-17,2007,R,,florida-international,louisiana,H,28,38,0,,
2007-11-17,2007,R,,louisiana-state,mississippi,A,41,24,0,1.0,
2007-11-17,2007,R,,mississippi,louisiana-state,H,24,41,0,,1.0
2007-11-17,2007,R,,louisiana-tech,san-jose-state,H,27,23,0,,
2007-11-17,2007,R,,san-jose-state,louisiana-tech,A,23,27,0,,
2007-11-17,2007,R,,louisiana-monroe,alabama,A,21,14,0,,
2007-11-17,2007,R,,alabama,louisiana-monroe,H,14,21,0,,
2007-11-17,2007,R,,memphis,alabama-birmingham,H,25,9,0,,
2007-11-17,2007,R,,alabama-birmingham,memphis,A,9,25,0,,
2007-11-17,2007,R,,michigan-state,penn-state,H,35,31,0,,
2007-11-17,2007,R,,penn-state,michigan-state,A,31,35,0,,
2007-11-17,2007,R,,missouri,kansas-state,A,49,32,0,6.0,
2007-11-17,2007,R,,kansas-state,missouri,H,32,49,0,,6.0
2007-11-17,2007,R,,navy,northern-illinois,H,35,24,0,,
2007-11-17,2007,R,,northern-illinois,navy,A,24,35,0,,
2007-11-17,2007,R,,notre-dame,duke,H,28,7,0,,
2007-11-17,2007,R,,duke,notre-dame,A,7,28,0,,
2007-11-17,2007,R,,ohio-state,michigan,A,14,3,0,7.0,23.0
2007-11-17,2007,R,,michigan,ohio-state,H,3,14,0,23.0,7.0
2007-11-17,2007,R,,oklahoma-state,baylor,A,45,14,0,,
2007-11-17,2007,R,,baylor,oklahoma-state,H,14,45,0,,
2007-11-17,2007,R,,oregon-state,washington-state,A,52,17,0,,
2007-11-17,2007,R,,washington-state,oregon-state,H,17,52,0,,
2007-11-17,2007,R,,rutgers,pittsburgh,H,20,16,0,,
2007-11-17,2007,R,,pittsburgh,rutgers,A,16,20,0,,
2007-11-17,2007,R,,south-florida,louisville,H,55,17,0,,
2007-11-17,2007,R,,louisville,south-florida,A,17,55,0,,
2007-11-17,2007,R,,southern-mississippi,texas-el-paso,A,56,30,0,,
2007-11-17,2007,R,,texas-el-paso,southern-mississippi,H,30,56,0,,
2007-11-17,2007,R,,temple,kent-state,H,24,14,0,,
2007-11-17,2007,R,,kent-state,temple,A,14,24,0,,
2007-11-17,2007,R,,tennessee,vanderbilt,H,25,24,0,19.0,
2007-11-17,2007,R,,vanderbilt,tennessee,A,24,25,0,,19.0
2007-11-17,2007,R,,texas-christian,nevada-las-vegas,H,34,10,0,,
2007-11-17,2007,R,,nevada-las-vegas,texas-christian,A,10,34,0,,
2007-11-17,2007,R,,texas-tech,oklahoma,H,34,27,0,,3.0
2007-11-17,2007,R,,oklahoma,texas-tech,A,27,34,0,3.0,
2007-11-17,2007,R,,tulane,rice,A,45,31,0,,
2007-11-17,2007,R,,rice,tulane,H,31,45,0,,
2007-11-17,2007,R,,tulsa,army,A,49,39,0,,
2007-11-17,2007,R,,army,tulsa,H,39,49,0,,
2007-11-17,2007,R,,utah,new-mexico,H,28,10,0,,
2007-11-17,2007,R,,new-mexico,utah,A,10,28,0,,
2007-11-17,2007,R,,utah-state,new-mexico-state,A,35,17,0,,
2007-11-17,2007,R,,new-mexico-state,utah-state,H,17,35,0,,
2007-11-17,2007,R,,virginia-tech,miami-fl,H,44,14,0,10.0,
2007-11-17,2007,R,,miami-fl,virginia-tech,A,14,44,0,,10.0
2007-11-17,2007,R,,wake-forest,north-carolina-state,H,38,18,0,,
2007-11-17,2007,R,,north-carolina-state,wake-forest,A,18,38,0,,
2007-11-17,2007,R,,washington,california,H,37,23,0,,
2007-11-17,2007,R,,california,washington,A,23,37,0,,
2007-11-17,2007,R,,west-virginia,cincinnati,A,28,23,0,5.0,21.0
2007-11-17,2007,R,,cincinnati,west-virginia,H,23,28,0,21.0,5.0
2007-11-17,2007,R,,western-kentucky,morehead-state,H,52,12,0,,
2007-11-17,2007,R,,morehead-state,western-kentucky,A,12,52,0,,
2007-11-17,2007,R,,western-michigan,iowa,A,28,19,0,,
2007-11-17,2007,R,,iowa,western-michigan,H,19,28,0,,
2007-11-17,2007,R,,wisconsin,minnesota,A,41,34,0,24.0,
2007-11-17,2007,R,,minnesota,wisconsin,H,34,41,0,,24.0
2007-11-20,2007,R,,troy,middle-tennessee-state,H,45,7,0,,
2007-11-20,2007,R,,middle-tennessee-state,troy,A,7,45,0,,
2007-11-22,2007,R,,southern-california,arizona-state,A,44,24,0,11.0,7.0
2007-11-22,2007,R,,arizona-state,southern-california,H,24,44,0,7.0,11.0
2007-11-23,2007,R,,arkansas,louisiana-state,A,50,48,0,,1.0
2007-11-23,2007,R,,louisiana-state,arkansas,H,48,50,0,1.0,
2007-11-23,2007,R,,bowling-green,toledo,H,37,10,0,,
2007-11-23,2007,R,,toledo,bowling-green,A,10,37,0,,
2007-11-23,2007,R,,central-michigan,akron,A,35,32,0,,
2007-11-23,2007,R,,akron,central-michigan,H,32,35,0,,
2007-11-23,2007,R,,colorado,nebraska,H,65,51,0,,
2007-11-23,2007,R,,nebraska,colorado,A,51,65,0,,
2007-11-23,2007,R,,colorado-state,wyoming,H,36,28,0,,
2007-11-23,2007,R,,wyoming,colorado-state,A,28,36,0,,
2007-11-23,2007,R,,hawaii,boise-state,H,39,27,0,14.0,17.0
2007-11-23,2007,R,,boise-state,hawaii,A,27,39,0,17.0,14.0
2007-11-23,2007,R,,mississippi-state,mississippi,H,17,14,0,,
2007-11-23,2007,R,,mississippi,mississippi-state,A,14,17,0,,
2007-11-23,2007,R,,texas-a-m,texas,H,38,30,0,,13.0
2007-11-23,2007,R,,texas,texas-a-m,A,30,38,0,13.0,
2007-11-24,2007,R,,auburn,alabama,H,17,10,0,25.0,
2007-11-24,2007,R,,alabama,auburn,A,10,17,0,,25.0
2007-11-24,2007,R,,ball-state,northern-illinois,A,27,21,0,,
2007-11-24,2007,R,,northern-illinois,ball-state,H,21,27,0,,
2007-11-24,2007,R,,boston-college,miami-fl,H,28,14,0,15.0,
2007-11-24,2007,R,,miami-fl,boston-college,A,14,28,0,,15.0
2007-11-24,2007,R,,brigham-young,utah,H,17,10,0,23.0,
2007-11-24,2007,R,,utah,brigham-young,A,10,17,0,,23.0
2007-11-24,2007,R,,buffalo,kent-state,A,30,23,0,,
2007-11-24,2007,R,,kent-state,buffalo,H,23,30,0,,
2007-11-24,2007,R,,central-florida,texas-el-paso,H,36,20,0,,
2007-11-24,2007,R,,texas-el-paso,central-florida,A,20,36,0,,
2007-11-24,2007,R,,cincinnati,syracuse,A,52,31,0,24.0,
2007-11-24,2007,R,,syracuse,cincinnati,H,31,52,0,,24.0
2007-11-24,2007,R,,clemson,south-carolina,A,23,21,0,21.0,
2007-11-24,2007,R,,south-carolina,clemson,H,21,23,0,,21.0
2007-11-24,2007,R,,east-carolina,tulane,H,35,12,0,,
2007-11-24,2007,R,,tulane,east-carolina,A,12,35,0,,
2007-11-24,2007,R,,florida,florida-state,H,45,12,0,12.0,
2007-11-24,2007,R,,florida-state,florida,A,12,45,0,,12.0
2007-11-24,2007,R,,florida-atlantic,florida-international,A,55,23,0,,
2007-11-24,2007,R,,florida-international,florida-atlantic,H,23,55,0,,
2007-11-24,2007,R,,fresno-state,kansas-state,H,45,29,0,,
2007-11-24,2007,R,,kansas-state,fresno-state,A,29,45,0,,
2007-11-24,2007,R,,georgia,georgia-tech,A,31,17,0,6.0,
2007-11-24,2007,R,,georgia-tech,georgia,H,17,31,0,,6.0
2007-11-24,2007,R,,houston,texas-southern,H,59,6,0,,
2007-11-24,2007,R,,texas-southern,houston,A,6,59,0,,
2007-11-24,2007,R,,louisiana-monroe,louisiana,A,17,11,0,,
2007-11-24,2007,R,,louisiana,louisiana-monroe,H,11,17,0,,
2007-11-24,2007,R,,marshall,alabama-birmingham,H,46,39,0,,
2007-11-24,2007,R,,alabama-birmingham,marshall,A,39,46,0,,
2007-11-24,2007,R,,maryland,north-carolina-state,A,37,0,0,,
2007-11-24,2007,R,,north-carolina-state,maryland,H,0,37,0,,
2007-11-24,2007,R,,memphis,southern-methodist,H,55,52,0,,
2007-11-24,2007,R,,southern-methodist,memphis,A,52,55,0,,
2007-11-24,2007,R,,missouri,kansas,N,36,28,0,3.0,2.0
2007-11-24,2007,R,,kansas,missouri,N,28,36,0,2.0,3.0
2007-11-24,2007,R,,new-mexico,nevada-las-vegas,H,27,6,0,,
2007-11-24,2007,R,,nevada-las-vegas,new-mexico,A,6,27,0,,
2007-11-24,2007,R,,north-carolina,duke,H,20,14,0,,
2007-11-24,2007,R,,duke,north-carolina,A,14,20,0,,
2007-11-24,2007,R,,north-texas,western-kentucky,H,27,26,0,,
2007-11-24,2007,R,,western-kentucky,north-texas,A,26,27,0,,
2007-11-24,2007,R,,notre-dame,stanford,A,21,14,0,,
2007-11-24,2007,R,,stanford,notre-dame,H,14,21,0,,
2007-11-24,2007,R,,ohio,miami-oh,H,38,29,0,,
2007-11-24,2007,R,,miami-oh,ohio,A,29,38,0,,
2007-11-24,2007,R,,oklahoma,oklahoma-state,H,49,17,0,10.0,
2007-11-24,2007,R,,oklahoma-state,oklahoma,A,17,49,0,,10.0
2007-11-24,2007,R,,san-jose-state,nevada,H,27,24,0,,
2007-11-24,2007,R,,nevada,san-jose-state,A,24,27,0,,
2007-11-24,2007,R,,south-florida,pittsburgh,A,48,37,0,,
2007-11-24,2007,R,,pittsburgh,south-florida,H,37,48,0,,
2007-11-24,2007,R,,southern-mississippi,arkansas-state,H,16,10,0,,
2007-11-24,2007,R,,arkansas-state,southern-mississippi,A,10,16,0,,
2007-11-24,2007,R,,tennessee,kentucky,A,52,50,0,19.0,
2007-11-24,2007,R,,kentucky,tennessee,H,50,52,0,,19.0
2007-11-24,2007,R,,texas-christian,san-diego-state,A,45,33,0,,
2007-11-24,2007,R,,san-diego-state,texas-christian,H,33,45,0,,
2007-11-24,2007,R,,tulsa,rice,A,48,43,0,,
2007-11-24,2007,R,,rice,tulsa,H,43,48,0,,
2007-11-24,2007,R,,ucla,oregon,H,16,0,0,,9.0
2007-11-24,2007,R,,oregon,ucla,A,0,16,0,9.0,
2007-11-24,2007,R,,utah-state,idaho,A,24,19,0,,
2007-11-24,2007,R,,idaho,utah-state,H,19,24,0,,
2007-11-24,2007,R,,virginia-tech,virginia,A,33,21,0,8.0,16.0
2007-11-24,2007,R,,virginia,virginia-tech,H,21,33,0,16.0,8.0
2007-11-24,2007,R,,wake-forest,vanderbilt,A,31,17,0,,
2007-11-24,2007,R,,vanderbilt,wake-forest,H,17,31,0,,
2007-11-24,2007,R,,washington-state,washington,A,42,35,0,,
2007-11-24,2007,R,,washington,washington-state,H,35,42,0,,
2007-11-24,2007,R,,west-virginia,connecticut,H,66,21,0,4.0,20.0
2007-11-24,2007,R,,connecticut,west-virginia,A,21,66,0,20.0,4.0
2007-11-24,2007,R,,western-michigan,temple,H,16,3,0,,
2007-11-24,2007,R,,temple,western-michigan,A,3,16,0,,
2007-11-29,2007,R,,louisville,rutgers,H,41,38,0,,
2007-11-29,2007,R,,rutgers,louisville,A,38,41,0,,
2007-11-30,2007,R,,fresno-state,new-mexico-state,A,30,23,0,,
2007-11-30,2007,R,,new-mexico-state,fresno-state,H,23,30,0,,
2007-12-01,2007,R,,arizona-state,arizona,H,20,17,0,13.0,
2007-12-01,2007,R,,arizona,arizona-state,A,17,20,0,,13.0
2007-12-01,2007,R,,brigham-young,san-diego-state,A,48,27,0,21.0,
2007-12-01,2007,R,,san-diego-state,brigham-young,H,27,48,0,,21.0
2007-12-01,2007,R,,central-florida,tulsa,H,44,25,0,,
2007-12-01,2007,R,,tulsa,central-florida,A,25,44,0,,
2007-12-01,2007,R,,central-michigan,miami-oh,N,35,10,0,,
2007-12-01,2007,R,,miami-oh,central-michigan,N,10,35,0,,
2007-12-01,2007,R,,florida-atlantic,troy,A,38,32,0,,
2007-12-01,2007,R,,troy,florida-atlantic,H,32,38,0,,
2007-12-01,2007,R,,florida-international,north-texas,H,38,19,0,,
2007-12-01,2007,R,,north-texas,florida-international,A,19,38,0,,
2007-12-01,2007,R,,hawaii,washington,H,35,28,0,11.0,
2007-12-01,2007,R,,washington,hawaii,A,28,35,0,,11.0
2007-12-01,2007,R,,louisiana-state,tennessee,N,21,14,0,5.0,14.0
2007-12-01,2007,R,,tennessee,louisiana-state,N,14,21,0,14.0,5.0
2007-12-01,2007,R,,navy,army,H,38,3,0,,
2007-12-01,2007,R,,army,navy,A,3,38,0,,
2007-12-01,2007,R,,nevada,louisiana-tech,H,49,10,0,,
2007-12-01,2007,R,,louisiana-tech,nevada,A,10,49,0,,
2007-12-01,2007,R,,oklahoma,missouri,N,38,17,0,9.0,1.0
2007-12-01,2007,R,,missouri,oklahoma,N,17,38,0,1.0,9.0
2007-12-01,2007,R,,oregon-state,oregon,A,38,31,0,,18.0
2007-12-01,2007,R,,oregon,oregon-state,H,31,38,0,18.0,
2007-12-01,2007,R,,pittsburgh,west-virginia,A,13,9,0,,2.0
2007-12-01,2007,R,,west-virginia,pittsburgh,H,9,13,0,2.0,
2007-12-01,2007,R,,southern-california,ucla,H,24,7,0,8.0,
2007-12-01,2007,R,,ucla,southern-california,A,7,24,0,,8.0
2007-12-01,2007,R,,stanford,california,H,20,13,0,,
2007-12-01,2007,R,,california,stanford,A,13,20,0,,
2007-12-01,2007,R,,virginia-tech,boston-college,N,30,16,0,6.0,12.0
2007-12-01,2007,R,,boston-college,virginia-tech,N,16,30,0,12.0,6.0
2007-12-20,2007,R,,utah,navy,N,35,32,0,,
2007-12-20,2007,R,,navy,utah,N,32,35,0,,
2007-12-21,2007,R,,florida-atlantic,memphis,N,44,27,0,,
2007-12-21,2007,R,,memphis,florida-atlantic,N,27,44,0,,
2007-12-21,2007,R,,florida-atlantic,memphis,N,44,27,0,,
2007-12-21,2007,R,,memphis,florida-atlantic,N,27,44,0,,
2007-12-22,2007,R,,brigham-young,ucla,N,17,16,0,19.0,
2007-12-22,2007,R,,ucla,brigham-young,N,16,17,0,,19.0
2007-12-22,2007,R,,cincinnati,southern-mississippi,N,31,21,0,20.0,
2007-12-22,2007,R,,southern-mississippi,cincinnati,N,21,31,0,,20.0
2007-12-22,2007,R,,new-mexico,nevada,H,23,0,0,,
2007-12-22,2007,R,,nevada,new-mexico,A,0,23,0,,
2007-12-23,2007,R,,east-carolina,boise-state,N,41,38,0,,24.0
2007-12-23,2007,R,,boise-state,east-carolina,N,38,41,0,24.0,
2007-12-26,2007,R,,purdue,central-michigan,N,51,48,0,,
2007-12-26,2007,R,,central-michigan,purdue,N,48,51,0,,
2007-12-27,2007,R,,texas,arizona-state,N,52,34,0,17.0,12.0
2007-12-27,2007,R,,arizona-state,texas,N,34,52,0,12.0,17.0
2007-12-28,2007,R,,boston-college,michigan-state,N,24,21,0,14.0,
2007-12-28,2007,R,,michigan-state,boston-college,N,21,24,0,,14.0
2007-12-28,2007,R,,oregon-state,maryland,N,21,14,0,,
2007-12-28,2007,R,,maryland,oregon-state,N,14,21,0,,
2007-12-28,2007,R,,texas-christian,houston,A,20,13,0,,
2007-12-28,2007,R,,houston,texas-christian,H,13,20,0,,
2007-12-29,2007,R,,mississippi-state,central-florida,N,10,3,0,,
2007-12-29,2007,R,,central-florida,mississippi-state,N,3,10,0,,
2007-12-29,2007,R,,penn-state,texas-a-m,N,24,17,0,,
2007-12-29,2007,R,,texas-a-m,penn-state,N,17,24,0,,
2007-12-29,2007,R,,wake-forest,connecticut,N,24,10,0,,
2007-12-29,2007,R,,connecticut,wake-forest,N,10,24,0,,
2007-12-30,2007,R,,alabama,colorado,N,30,24,0,,
2007-12-30,2007,R,,colorado,alabama,N,24,30,0,,
2007-12-31,2007,R,,auburn,clemson,N,23,20,0,22.0,15.0
2007-12-31,2007,R,,clemson,auburn,N,20,23,0,15.0,22.0
2007-12-31,2007,R,,california,air-force,N,42,36,0,,
2007-12-31,2007,R,,air-force,california,N,36,42,0,,
2007-12-31,2007,R,,fresno-state,georgia-tech,N,40,28,0,,
2007-12-31,2007,R,,georgia-tech,fresno-state,N,28,40,0,,
2007-12-31,2007,R,,kentucky,florida-state,N,35,28,0,,
2007-12-31,2007,R,,florida-state,kentucky,N,28,35,0,,
2007-12-31,2007,R,,oklahoma-state,indiana,N,49,33,0,,
2007-12-31,2007,R,,indiana,oklahoma-state,N,33,49,0,,
2007-12-31,2007,R,,oregon,south-florida,N,56,21,0,,23.0
2007-12-31,2007,R,,south-florida,oregon,N,21,56,0,23.0,
2008-01-01,2007,R,,georgia,hawaii,N,41,10,0,4.0,10.0
2008-01-01,2007,R,,hawaii,georgia,N,10,41,0,10.0,4.0
2008-01-01,2007,R,,michigan,florida,N,41,35,0,,9.0
2008-01-01,2007,R,,florida,michigan,N,35,41,0,9.0,
2008-01-01,2007,R,,missouri,arkansas,N,38,7,0,7.0,25.0
2008-01-01,2007,R,,arkansas,missouri,N,7,38,0,25.0,7.0
2008-01-01,2007,R,,southern-california,illinois,N,49,17,0,6.0,13.0
2008-01-01,2007,R,,illinois,southern-california,N,17,49,0,13.0,6.0
2008-01-01,2007,R,,tennessee,wisconsin,N,21,17,0,16.0,18.0
2008-01-01,2007,R,,wisconsin,tennessee,N,17,21,0,18.0,16.0
2008-01-01,2007,R,,texas-tech,virginia,N,31,28,0,,21.0
2008-01-01,2007,R,,virginia,texas-tech,N,28,31,0,21.0,
2008-01-02,2007,R,,west-virginia,oklahoma,N,48,28,0,11.0,3.0
2008-01-02,2007,R,,oklahoma,west-virginia,N,28,48,0,3.0,11.0
2008-01-03,2007,R,,kansas,virginia-tech,N,24,21,0,8.0,5.0
2008-01-03,2007,R,,virginia-tech,kansas,N,21,24,0,5.0,8.0
2008-01-05,2007,R,,rutgers,ball-state,N,52,30,0,,
2008-01-05,2007,R,,ball-state,rutgers,N,30,52,0,,
2008-01-06,2007,R,,tulsa,bowling-green,N,63,7,0,,
2008-01-06,2007,R,,bowling-green,tulsa,N,7,63,0,,
2008-01-07,2007,R,,louisiana-state,ohio-state,N,38,24,0,2.0,1.0
2008-01-07,2007,R,,ohio-state,louisiana-state,N,24,38,0,1.0,2.0
