source_file,window_title,team_name,dest
sportsref_download (16).xls,1995-96 Kentucky Wildcats Men's Schedule and Results | College Basketball at Sports-Reference.com - Google Chrome,Kentucky,Kentucky.xls
sportsref_download (17).xls,1995-96 Florida Gators Men's Schedule and Results | College Basketball at Sports-Reference.com - Google Chrome,Florida,Florida.xls
sportsref_download (18).xls,1995-96 Tennessee Volunteers Men's Schedule and Results | College Basketball at Sports-Reference.com - Google Chrome,Tennessee,Tennessee.xls
sportsref_download (19).xls,1995-96 Vanderbilt Commodores Men's Schedule and Results | College Basketball at Sports-Reference.com - Google Chrome,Vanderbilt,Vanderbilt.xls
sportsref_download (19).xls,1995-96 Georgia Bulldogs Men's Schedule and Results | College Basketball at Sports-Reference.com - Google Chrome,Georgia,Georgia.xls
sportsref_download (19).xls,1995-96 South Carolina Gamecocks Men's Schedule and Results | College Basketball at Sports-Reference.com - Google Chrome,South Carolina,South_Carolina.xls
sportsref_download (19).xls,1995-96 Alabama Crimson Tide Men's Schedule and Results | College Basketball at Sports-Reference.com - Google Chrome,Alabama Crimson,Alabama_Crimson.xls
sportsref_download (19).xls,1995-96 Auburn Tigers Men's Schedule and Results | College Basketball at Sports-Reference.com - Google Chrome,Auburn,Auburn.xls
sportsref_download (19).xls,1995-96 LSU Fighting Tigers Men's Schedule and Results | College Basketball at Sports-Reference.com - Google Chrome,LSU Fighting,LSU_Fighting.xls
sportsref_download (19).xls,1995-96 Mississippi State Bulldogs Men's Schedule and Results | College Basketball at Sports-Reference.com - Google Chrome,Mississippi State,Mississippi_State.xls
sportsref_download (19).xls,1995-96 Ole Miss Rebels Men's Schedule and Results | College Basketball at Sports-Reference.com - Google Chrome,Ole Miss,Ole_Miss.xls
sportsref_download (19).xls,Task Switching,Task Switching,Task_Switching.xls
sportsref_download (19).xls,1995-96 Arkansas Razorbacks Men's Schedule and Results | College Basketball at Sports-Reference.com - Google Chrome,Arkansas,Arkansas.xls
sportsref_download (19).xls,1995-96 Arizona Wildcats Men's Schedule and Results | College Basketball at Sports-Reference.com - Google Chrome,Arizona,Arizona.xls
sportsref_download (19).xls,1995-96 Arizona State Sun Devils Men's Schedule and Results | College Basketball at Sports-Reference.com - Google Chrome,Arizona State Sun,Arizona_State_Sun.xls
sportsref_download (19).xls,1995-96 Arizona State Sun Devils Men's Schedule and Results | College Basketball at Sports-Reference.com - Google Chrome,Arizona State Sun,Arizona_State_Sun_dup1785036412.xls
sportsref_download (19).xls,1995-96 Washington Huskies Men's Schedule and Results | College Basketball at Sports-Reference.com - Google Chrome,Washington,Washington.xls
sportsref_download (19).xls,1995-96 Washington State Cougars Men's Schedule and Results | College Basketball at Sports-Reference.com - Google Chrome,Washington State,Washington_State.xls
sportsref_download (19).xls,1995-96 Oregon State Beavers Men's Schedule and Results | College Basketball at Sports-Reference.com - Google Chrome,Oregon State,Oregon_State.xls
sportsref_download (19).xls,1995-96 Oregon Ducks Men's Schedule and Results | College Basketball at Sports-Reference.com - Google Chrome,Oregon,Oregon.xls
sportsref_download (19).xls,1995-96 California Golden Bears Men's Schedule and Results | College Basketball at Sports-Reference.com - Google Chrome,California Golden,California_Golden.xls
sportsref_download (19).xls,1995-96 Stanford Cardinal Men's Schedule and Results | College Basketball at Sports-Reference.com - Google Chrome,Stanford,Stanford.xls
sportsref_download (19).xls,1995-96 USC Trojans Men's Schedule and Results | College Basketball at Sports-Reference.com - Google Chrome,USC,USC.xls
sportsref_download (19).xls,1995-96 UCLA Bruins Men's Schedule and Results | College Basketball at Sports-Reference.com - Google Chrome,UCLA,UCLA.xls
sportsref_download (19).xls,Task Switching,Task Switching,Task_Switching.xls
sportsref_download (19).xls,1995-96 Akron Zips Men's Schedule and Results | College Basketball at Sports-Reference.com - Google Chrome,Akron,Akron.xls
sportsref_download (19).xls,1995-96 Alabama State Hornets Men's Schedule and Results | College Basketball at Sports-Reference.com - Google Chrome,Alabama State,Alabama_State.xls
sportsref_download (19).xls,1995-96 Alcorn State Braves Men's Schedule and Results | College Basketball at Sports-Reference.com - Google Chrome,Alcorn State,Alcorn_State.xls
sportsref_download (19).xls,1995-96 American Eagles Men's Schedule and Results | College Basketball at Sports-Reference.com - Google Chrome,American,American.xls
sportsref_download (19).xls,Task Switching,Task Switching,Task_Switching_dup1785038038.xls
sportsref_download (19).xls,Task Switching,Task Switching,Task_Switching_dup1785038052.xls
sportsref_download (19).xls,,,.xls
sportsref_download (19).xls,1995-96 Austin Peay Governors Men's Schedule and Results | College Basketball at Sports-Reference.com - Google Chrome,Austin Peay,Austin_Peay.xls
sportsref_download (19).xls,Command Prompt - python  watch_downloads.py schedules_1996/ --auto,Command Prompt - python  watch_downloads.py schedules_1996/ --auto,Command_Prompt_-_python_watch_downloadspy_schedules_1996_--auto.xls
sportsref_download (19).xls,Command Prompt - python  watch_downloads.py schedules_1996/ --auto,Command Prompt - python  watch_downloads.py schedules_1996/ --auto,Command_Prompt_-_python_watch_downloadspy_schedules_1996_--auto_dup1785038112.xls
sportsref_download (19).xls,Task Switching,Task Switching,Task_Switching_dup1785038125.xls
sportsref_download (19).xls,Command Prompt - python  watch_downloads.py schedules_1996/ --auto,Command Prompt - python  watch_downloads.py schedules_1996/ --auto,Command_Prompt_-_python_watch_downloadspy_schedules_1996_--auto_dup1785038139.xls
sportsref_download (19).xls,1995-96 Boston College Eagles Men's Schedule and Results | College Basketball at Sports-Reference.com - Google Chrome,Boston College,Boston_College.xls
sportsref_download (19).xls,1995-96 Boston University Terriers Men's Schedule and Results | College Basketball at Sports-Reference.com - Google Chrome,Boston University,Boston_University.xls
sportsref_download (19).xls,1995-96 Bowling Green Falcons Men's Schedule and Results | College Basketball at Sports-Reference.com - Google Chrome,Bowling Green,Bowling_Green.xls
sportsref_download (19).xls,1995-96 Bradley Braves Men's Schedule and Results | College Basketball at Sports-Reference.com - Google Chrome,Bradley,Bradley.xls
sportsref_download (19).xls,Task Switching,Task Switching,Task_Switching_dup1785038241.xls
sportsref_download (19).xls,1995-96 Brown Bears Men's Schedule and Results | College Basketball at Sports-Reference.com - Google Chrome,Brown,Brown.xls
sportsref_download (19).xls,1995-96 Bucknell Bison Men's Schedule and Results | College Basketball at Sports-Reference.com - Google Chrome,Bucknell,Bucknell.xls
sportsref_download (19).xls,1995-96 Buffalo Bulls Men's Schedule and Results | College Basketball at Sports-Reference.com - Google Chrome,Buffalo,Buffalo.xls
sportsref_download (19).xls,1995-96 Butler Bulldogs Men's Schedule and Results | College Basketball at Sports-Reference.com - Google Chrome,Butler,Butler.xls
sportsref_download (19).xls,1995-96 Youngstown State Penguins Men's Schedule and Results | College Basketball at Sports-Reference.com - Google Chrome,Youngstown State,Youngstown_State.xls
sportsref_download (19).xls,1995-96 Yale Bulldogs Men's Schedule and Results | College Basketball at Sports-Reference.com - Google Chrome,Yale,Yale.xls
sportsref_download (19).xls,1995-96 Xavier Musketeers Men's Schedule and Results | College Basketball at Sports-Reference.com - Google Chrome,Xavier,Xavier.xls
sportsref_download (19).xls,1995-96 Wyoming Cowboys Men's Schedule and Results | College Basketball at Sports-Reference.com - Google Chrome,Wyoming,Wyoming.xls
sportsref_download (19).xls,1995-96 Wright State Raiders Men's Schedule and Results | College Basketball at Sports-Reference.com - Google Chrome,Wright State,Wright_State.xls
sportsref_download (19).xls,1995-96 Wofford Terriers Men's Schedule and Results | College Basketball at Sports-Reference.com - Google Chrome,Wofford,Wofford.xls
sportsref_download (19).xls,1995-96 Texas Longhorns Men's Schedule and Results | College Basketball at Sports-Reference.com - Google Chrome,Texas,Texas.xls
sportsref_download (19).xls,1995-96 Texas A&M Aggies Men's Schedule and Results | College Basketball at Sports-Reference.com - Google Chrome,Texas A&M,Texas_AM.xls
sportsref_download (19).xls,1995-96 Texas Tech Red Raiders Men's Schedule and Results | College Basketball at Sports-Reference.com - Google Chrome,Texas Tech Red,Texas_Tech_Red.xls
sportsref_download (19).xls,1995-96 Oklahoma Sooners Men's Schedule and Results | College Basketball at Sports-Reference.com - Google Chrome,Oklahoma,Oklahoma.xls
sportsref_download (19).xls,1995-96 Oklahoma State Cowboys Men's Schedule and Results | College Basketball at Sports-Reference.com - Google Chrome,Oklahoma State,Oklahoma_State.xls
sportsref_download (19).xls,1995-96 Iowa State Cyclones Men's Schedule and Results | College Basketball at Sports-Reference.com - Google Chrome,Iowa State,Iowa_State.xls
sportsref_download (19).xls,1995-96 Kansas State Wildcats Men's Schedule and Results | College Basketball at Sports-Reference.com - Google Chrome,Kansas State,Kansas_State.xls
sportsref_download (19).xls,1995-96 Kansas Jayhawks Men's Schedule and Results | College Basketball at Sports-Reference.com - Google Chrome,Kansas,Kansas.xls
sportsref_download (19).xls,1995-96 Nebraska Cornhuskers Men's Schedule and Results | College Basketball at Sports-Reference.com - Google Chrome,Nebraska,Nebraska.xls
sportsref_download (19).xls,1995-96 Colorado Buffaloes Men's Schedule and Results | College Basketball at Sports-Reference.com - Google Chrome,Colorado,Colorado.xls
sportsref_download (19).xls,1995-96 Missouri Tigers Men's Schedule and Results | College Basketball at Sports-Reference.com - Google Chrome,Missouri,Missouri.xls
sportsref_download (19).xls,1995-96 Michigan Wolverines Men's Schedule and Results | College Basketball at Sports-Reference.com - Google Chrome,Michigan,Michigan.xls
sportsref_download (19).xls,1995-96 Michigan State Spartans Men's Schedule and Results | College Basketball at Sports-Reference.com - Google Chrome,Michigan State,Michigan_State.xls
sportsref_download (19).xls,1995-96 Penn State Nittany Lions Men's Schedule and Results | College Basketball at Sports-Reference.com - Google Chrome,Penn State Nittany,Penn_State_Nittany.xls
sportsref_download (19).xls,1995-96 Ohio State Buckeyes Men's Schedule and Results | College Basketball at Sports-Reference.com - Google Chrome,Ohio State,Ohio_State.xls
sportsref_download (19).xls,1995-96 Iowa Hawkeyes Men's Schedule and Results | College Basketball at Sports-Reference.com - Google Chrome,Iowa,Iowa.xls
sportsref_download (19).xls,1995-96 Illinois Fighting Illini Men's Schedule and Results | College Basketball at Sports-Reference.com - Google Chrome,Illinois Fighting,Illinois_Fighting.xls
sportsref_download (19).xls,1995-96 Indiana Hoosiers Men's Schedule and Results | College Basketball at Sports-Reference.com - Google Chrome,Indiana,Indiana.xls
sportsref_download (19).xls,1995-96 Purdue Boilermakers Men's Schedule and Results | College Basketball at Sports-Reference.com - Google Chrome,Purdue,Purdue.xls
sportsref_download (19).xls,1995-96 Northwestern Wildcats Men's Schedule and Results | College Basketball at Sports-Reference.com - Google Chrome,Northwestern,Northwestern.xls
sportsref_download (19).xls,1995-96 Wisconsin Badgers Men's Schedule and Results | College Basketball at Sports-Reference.com - Google Chrome,Wisconsin,Wisconsin.xls
sportsref_download (19).xls,1995-96 Minnesota Golden Gophers Men's Schedule and Results | College Basketball at Sports-Reference.com - Google Chrome,Minnesota Golden,Minnesota_Golden.xls
sportsref_download (19).xls,1995-96 Notre Dame Fighting Irish Men's Schedule and Results | College Basketball at Sports-Reference.com - Google Chrome,Notre Dame Fighting,Notre_Dame_Fighting.xls
sportsref_download (19).xls,1995-96 Florida State Seminoles Men's Schedule and Results | College Basketball at Sports-Reference.com - Google Chrome,Florida State,Florida_State.xls
sportsref_download (19).xls,1995-96 Georgia Tech Yellow Jackets Men's Schedule and Results | College Basketball at Sports-Reference.com - Google Chrome,Georgia Tech Yellow,Georgia_Tech_Yellow.xls
sportsref_download (19).xls,1995-96 Clemson Tigers Men's Schedule and Results | College Basketball at Sports-Reference.com - Google Chrome,Clemson,Clemson.xls
sportsref_download (19).xls,1995-96 Virginia Cavaliers Men's Schedule and Results | College Basketball at Sports-Reference.com - Google Chrome,Virginia,Virginia.xls
sportsref_download (19).xls,1995-96 Maryland Terrapins Men's Schedule and Results | College Basketball at Sports-Reference.com - Google Chrome,Maryland,Maryland.xls
sportsref_download (19).xls,1995-96 Duke Blue Devils Men's Schedule and Results | College Basketball at Sports-Reference.com - Google Chrome,Duke Blue,Duke_Blue.xls
sportsref_download (19).xls,1995-96 UNC Tar Heels Men's Schedule and Results | College Basketball at Sports-Reference.com - Google Chrome,UNC Tar,UNC_Tar.xls
sportsref_download (19).xls,1995-96 Wake Forest Demon Deacons Men's Schedule and Results | College Basketball at Sports-Reference.com - Google Chrome,Wake Forest Demon,Wake_Forest_Demon.xls
sportsref_download (19).xls,1995-96 NC State Wolfpack Men's Schedule and Results | College Basketball at Sports-Reference.com - Google Chrome,NC State,NC_State.xls
sportsref_download (19).xls,1995-96 Miami (FL) Hurricanes Men's Schedule and Results | College Basketball at Sports-Reference.com - Google Chrome,Miami (FL),Miami_FL.xls
sportsref_download (19).xls,1995-96 Virginia Tech Hokies Men's Schedule and Results | College Basketball at Sports-Reference.com - Google Chrome,Virginia Tech,Virginia_Tech.xls
sportsref_download (19).xls,1995-96 Pitt Panthers Men's Schedule and Results | College Basketball at Sports-Reference.com - Google Chrome,Pitt,Pitt.xls
sportsref_download (19).xls,1995-96 Rutgers Scarlet Knights Men's Schedule and Results | College Basketball at Sports-Reference.com - Google Chrome,Rutgers Scarlet,Rutgers_Scarlet.xls
sportsref_download (19).xls,1995-96 Temple Owls Men's Schedule and Results | College Basketball at Sports-Reference.com - Google Chrome,Temple,Temple.xls
sportsref_download (19).xls,1995-96 Syracuse Orange Men's Schedule and Results | College Basketball at Sports-Reference.com - Google Chrome,Syracuse,Syracuse.xls
sportsref_download (19).xls,1995-96 UConn Huskies Men's Schedule and Results | College Basketball at Sports-Reference.com - Google Chrome,UConn,UConn.xls
sportsref_download (19).xls,1995-96 St. John's (NY) Red Storm Men's Schedule and Results | College Basketball at Sports-Reference.com - Google Chrome,St. John's (NY) Red,St_Johns_NY_Red.xls
sportsref_download (19).xls,1995-96 Georgetown Hoyas Men's Schedule and Results | College Basketball at Sports-Reference.com - Google Chrome,Georgetown,Georgetown.xls
sportsref_download (19).xls,1995-96 Villanova Wildcats Men's Schedule and Results | College Basketball at Sports-Reference.com - Google Chrome,Villanova,Villanova.xls
sportsref_download (19).xls,1995-96 Louisville Cardinals Men's Schedule and Results | College Basketball at Sports-Reference.com - Google Chrome,Louisville,Louisville.xls
sportsref_download (19).xls,1995-96 Marquette Golden Eagles Men's Schedule and Results | College Basketball at Sports-Reference.com - Google Chrome,Marquette Golden,Marquette_Golden.xls
sportsref_download (19).xls,1995-96 Memphis Tigers Men's Schedule and Results | College Basketball at Sports-Reference.com - Google Chrome,Memphis,Memphis.xls
sportsref_download (19).xls,1995-96 Cincinnati Bearcats Men's Schedule and Results | College Basketball at Sports-Reference.com - Google Chrome,Cincinnati,Cincinnati.xls
sportsref_download (19).xls,1995-96 DePaul Blue Demons Men's Schedule and Results | College Basketball at Sports-Reference.com - Google Chrome,DePaul Blue,DePaul_Blue.xls
sportsref_download (19).xls,1995-96 Central Michigan Chippewas Men's Schedule and Results | College Basketball at Sports-Reference.com - Google Chrome,Central Michigan,Central_Michigan.xls
sportsref_download (19).xls,1995-96 Western Michigan Broncos Men's Schedule and Results | College Basketball at Sports-Reference.com - Google Chrome,Western Michigan,Western_Michigan.xls
sportsref_download (19).xls,1995-96 Eastern Michigan Eagles Men's Schedule and Results | College Basketball at Sports-Reference.com - Google Chrome,Eastern Michigan,Eastern_Michigan.xls
sportsref_download (19).xls,1995-96 Northern Illinois Huskies Men's Schedule and Results | College Basketball at Sports-Reference.com - Google Chrome,Northern Illinois,Northern_Illinois.xls
sportsref_download (19).xls,1995-96 Buffalo Bulls Men's Schedule and Results | College Basketball at Sports-Reference.com - Google Chrome,Buffalo,Buffalo_dup1785040583.xls
sportsref_download (19).xls,1995-96 Toledo Rockets Men's Schedule and Results | College Basketball at Sports-Reference.com - Google Chrome,Toledo,Toledo.xls
sportsref_download (19).xls,1995-96 Southern Illinois Salukis Men's Schedule and Results | College Basketball at Sports-Reference.com - Google Chrome,Southern Illinois,Southern_Illinois.xls
sportsref_download (19).xls,1995-96 Creighton Bluejays Men's Schedule and Results | College Basketball at Sports-Reference.com - Google Chrome,Creighton,Creighton.xls
sportsref_download (19).xls,1995-96 Davidson Wildcats Men's Schedule and Results | College Basketball at Sports-Reference.com - Google Chrome,Davidson,Davidson.xls
sportsref_download (19).xls,1995-96 VCU Rams Men's Schedule and Results | College Basketball at Sports-Reference.com - Google Chrome,VCU,VCU.xls
sportsref_download (19).xls,1995-96 Drake Bulldogs Men's Schedule and Results | College Basketball at Sports-Reference.com - Google Chrome,Drake,Drake.xls
sportsref_download (19).xls,1995-96 UNC Greensboro Spartans Men's Schedule and Results | College Basketball at Sports-Reference.com - Google Chrome,UNC Greensboro,UNC_Greensboro.xls
sportsref_download (19).xls,1995-96 UNC Wilmington Seahawks Men's Schedule and Results | College Basketball at Sports-Reference.com - Google Chrome,UNC Wilmington,UNC_Wilmington.xls
sportsref_download (19).xls,1995-96 Northern Iowa Panthers Men's Schedule and Results | College Basketball at Sports-Reference.com - Google Chrome,Northern Iowa,Northern_Iowa.xls
sportsref_download (19).xls,1995-96 Wichita State Shockers Men's Schedule and Results | College Basketball at Sports-Reference.com - Google Chrome,Wichita State,Wichita_State.xls
sportsref_download (19).xls,1995-96 Utah State Aggies Men's Schedule and Results | College Basketball at Sports-Reference.com - Google Chrome,Utah State,Utah_State.xls
sportsref_download (19).xls,1995-96 Valparaiso Beacons Men's Schedule and Results | College Basketball at Sports-Reference.com - Google Chrome,Valparaiso,Valparaiso.xls
sportsref_download (19).xls,1995-96 Tulane Green Wave Men's Schedule and Results | College Basketball at Sports-Reference.com - Google Chrome,Tulane Green,Tulane_Green.xls
sportsref_download (19).xls,1995-96 Nicholls State Colonels Men's Schedule and Results | College Basketball at Sports-Reference.com - Google Chrome,Nicholls State,Nicholls_State.xls
sportsref_download (19).xls,1995-96 Northwestern State Demons Men's Schedule and Results | College Basketball at Sports-Reference.com - Google Chrome,Northwestern State,Northwestern_State.xls
sportsref_download (19).xls,1995-96 New Mexico State Aggies Men's Schedule and Results | College Basketball at Sports-Reference.com - Google Chrome,New Mexico State,New_Mexico_State.xls
sportsref_download (19).xls,1995-96 UTEP Miners Men's Schedule and Results | College Basketball at Sports-Reference.com - Google Chrome,UTEP,UTEP.xls
sportsref_download (19).xls,1995-96 Houston Cougars Men's Schedule and Results | College Basketball at Sports-Reference.com - Google Chrome,Houston,Houston.xls
sportsref_download (19).xls,1995-96 TCU Horned Frogs Men's Schedule and Results | College Basketball at Sports-Reference.com - Google Chrome,TCU Horned,TCU_Horned.xls
sportsref_download (19).xls,1995-96 SMU Mustangs Men's Schedule and Results | College Basketball at Sports-Reference.com - Google Chrome,SMU,SMU.xls
sportsref_download (19).xls,1995-96 Rice Owls Men's Schedule and Results | College Basketball at Sports-Reference.com - Google Chrome,Rice,Rice.xls
sportsref_download (19).xls,1995-96 North Texas Mean Green Men's Schedule and Results | College Basketball at Sports-Reference.com - Google Chrome,North Texas Mean,North_Texas_Mean.xls
sportsref_download (19).xls,1995-96 UMBC Retrievers Men's Schedule and Results | College Basketball at Sports-Reference.com - Google Chrome,UMBC,UMBC.xls
sportsref_download (19).xls,1995-96 Rider Broncs Men's Schedule and Results | College Basketball at Sports-Reference.com - Google Chrome,Rider,Rider.xls
sportsref_download (19).xls,1995-96 Monmouth Hawks Men's Schedule and Results | College Basketball at Sports-Reference.com - Google Chrome,Monmouth,Monmouth.xls
sportsref_download (19).xls,1995-96 Fairfield Stags Men's Schedule and Results | College Basketball at Sports-Reference.com - Google Chrome,Fairfield,Fairfield.xls
sportsref_download (19).xls,1995-96 Hartford Hawks Men's Schedule and Results | College Basketball at Sports-Reference.com - Google Chrome,Hartford,Hartford.xls
sportsref_download (19).xls,1995-96 Hofstra Pride Men's Schedule and Results | College Basketball at Sports-Reference.com - Google Chrome,Hofstra,Hofstra.xls
sportsref_download (19).xls,1995-96 Texas State Bobcats Men's Schedule and Results | College Basketball at Sports-Reference.com - Google Chrome,Texas State,Texas_State.xls
sportsref_download (19).xls,1995-96 San Francisco Dons Men's Schedule and Results | College Basketball at Sports-Reference.com - Google Chrome,San Francisco,San_Francisco.xls
sportsref_download (19).xls,1995-96 Appalachian State Mountaineers Men's Schedule and Results | College Basketball at Sports-Reference.com - Google Chrome,Appalachian State,Appalachian_State.xls
sportsref_download (19).xls,1995-96 Arkansas State Red Wolves Men's Schedule and Results | College Basketball at Sports-Reference.com - Google Chrome,Arkansas State Red,Arkansas_State_Red.xls
sportsref_download (19).xls,1995-96 Army Black Knights Men's Schedule and Results | College Basketball at Sports-Reference.com - Google Chrome,Army Black,Army_Black.xls
sportsref_download (19).xls,1995-96 Ball State Cardinals Men's Schedule and Results | College Basketball at Sports-Reference.com - Google Chrome,Ball State,Ball_State.xls
sportsref_download (19).xls,1995-96 Baylor Bears Men's Schedule and Results | College Basketball at Sports-Reference.com - Google Chrome,Baylor,Baylor.xls
sportsref_download (19).xls,1995-96 Bethune-Cookman Wildcats Men's Schedule and Results | College Basketball at Sports-Reference.com - Google Chrome,Bethune-Cookman,Bethune-Cookman.xls
sportsref_download (19).xls,1995-96 Boise State Broncos Men's Schedule and Results | College Basketball at Sports-Reference.com - Google Chrome,Boise State,Boise_State.xls
sportsref_download (19).xls,1995-96 Boise State Broncos Men's Schedule and Results | College Basketball at Sports-Reference.com - Google Chrome,Boise State,Boise_State_dup1785041304.xls
sportsref_download (19).xls,1995-96 BYU Cougars Men's Schedule and Results | College Basketball at Sports-Reference.com - Google Chrome,BYU,BYU.xls
sportsref_download (19).xls,1995-96 Cal Poly Mustangs Men's Schedule and Results | College Basketball at Sports-Reference.com - Google Chrome,Cal Poly,Cal_Poly.xls
sportsref_download (19).xls,1995-96 Cal State Fullerton Titans Men's Schedule and Results | College Basketball at Sports-Reference.com - Google Chrome,Cal State Fullerton,Cal_State_Fullerton.xls
sportsref_download (19).xls,1995-96 Cal State Northridge Matadors Men's Schedule and Results | College Basketball at Sports-Reference.com - Google Chrome,Cal State Northridge,Cal_State_Northridge.xls
sportsref_download (19).xls,1995-96 Campbell Fighting Camels Men's Schedule and Results | College Basketball at Sports-Reference.com - Google Chrome,Campbell Fighting,Campbell_Fighting.xls
sportsref_download (19).xls,1995-96 Cornell Big Red Men's Schedule and Results | College Basketball at Sports-Reference.com - Google Chrome,Cornell Big,Cornell_Big.xls
sportsref_download (19).xls,1995-96 Columbia Lions Men's Schedule and Results | College Basketball at Sports-Reference.com - Google Chrome,Columbia,Columbia.xls
sportsref_download (19).xls,1995-96 Dartmouth Big Green Men's Schedule and Results | College Basketball at Sports-Reference.com - Google Chrome,Dartmouth Big,Dartmouth_Big.xls
sportsref_download (19).xls,1995-96 Delaware Fightin' Blue Hens Men's Schedule and Results | College Basketball at Sports-Reference.com - Google Chrome,Delaware Fightin' Blue,Delaware_Fightin_Blue.xls
sportsref_download (19).xls,1995-96 Delaware State Hornets Men's Schedule and Results | College Basketball at Sports-Reference.com - Google Chrome,Delaware State,Delaware_State.xls
sportsref_download (19).xls,1995-96 ETSU Buccaneers Men's Schedule and Results | College Basketball at Sports-Reference.com - Google Chrome,ETSU,ETSU.xls
sportsref_download (19).xls,1995-96 Eastern Illinois Panthers Men's Schedule and Results | College Basketball at Sports-Reference.com - Google Chrome,Eastern Illinois,Eastern_Illinois.xls
sportsref_download (19).xls,1995-96 FDU Knights Men's Schedule and Results | College Basketball at Sports-Reference.com - Google Chrome,FDU,FDU.xls
sportsref_download (19).xls,1995-96 Gonzaga Bulldogs Men's Schedule and Results | College Basketball at Sports-Reference.com - Google Chrome,Gonzaga,Gonzaga.xls
sportsref_download (19).xls,1995-96 Hofstra Pride Men's Schedule and Results | College Basketball at Sports-Reference.com - Google Chrome,Hofstra,Hofstra_dup1785041574.xls
sportsref_download (19).xls,1995-96 Hawaii Rainbow Warriors Men's Schedule and Results | College Basketball at Sports-Reference.com - Google Chrome,Hawaii Rainbow,Hawaii_Rainbow.xls
sportsref_download (19).xls,1995-96 Iona Gaels Men's Schedule and Results | College Basketball at Sports-Reference.com - Google Chrome,Iona,Iona.xls
sportsref_download (19).xls,1995-96 Indiana State Sycamores Men's Schedule and Results | College Basketball at Sports-Reference.com - Google Chrome,Indiana State,Indiana_State.xls
sportsref_download (19).xls,1995-96 Illinois State Redbirds Men's Schedule and Results | College Basketball at Sports-Reference.com - Google Chrome,Illinois State,Illinois_State.xls
sportsref_download (19).xls,1995-96 Jacksonville State Gamecocks Men's Schedule and Results | College Basketball at Sports-Reference.com - Google Chrome,Jacksonville State,Jacksonville_State.xls
sportsref_download (19).xls,1995-96 Jacksonville Dolphins Men's Schedule and Results | College Basketball at Sports-Reference.com - Google Chrome,Jacksonville,Jacksonville.xls
sportsref_download (19).xls,1995-96 Kent State Golden Flashes Men's Schedule and Results | College Basketball at Sports-Reference.com - Google Chrome,Kent State Golden,Kent_State_Golden.xls
sportsref_download (19).xls,1995-96 Louisiana Ragin' Cajuns Men's Schedule and Results | College Basketball at Sports-Reference.com - Google Chrome,Louisiana Ragin',Louisiana_Ragin.xls
sportsref_download (19).xls,1995-96 Louisiana–Monroe Warhawks Men's Schedule and Results | College Basketball at Sports-Reference.com - Google Chrome,Louisiana–Monroe,LouisianaMonroe.xls
sportsref_download (19).xls,1995-96 Louisiana Tech Bulldogs Men's Schedule and Results | College Basketball at Sports-Reference.com - Google Chrome,Louisiana Tech,Louisiana_Tech.xls
sportsref_download (19).xls,1995-96 Liberty Flames Men's Schedule and Results | College Basketball at Sports-Reference.com - Google Chrome,Liberty,Liberty.xls
sportsref_download (19).xls,1995-96 Lafayette Leopards Men's Schedule and Results | College Basketball at Sports-Reference.com - Google Chrome,Lafayette,Lafayette.xls
sportsref_download (19).xls,1995-96 Morehead State Eagles Men's Schedule and Results | College Basketball at Sports-Reference.com - Google Chrome,Morehead State,Morehead_State.xls
sportsref_download (19).xls,1995-96 Northern Illinois Huskies Men's Schedule and Results | College Basketball at Sports-Reference.com - Google Chrome,Northern Illinois,Northern_Illinois_dup1785041775.xls
sportsref_download (19).xls,1995-96 Ohio Bobcats Men's Schedule and Results | College Basketball at Sports-Reference.com - Google Chrome,Ohio,Ohio.xls
sportsref_download (19).xls,1995-96 Prairie View A&M Panthers Men's Schedule and Results | College Basketball at Sports-Reference.com - Google Chrome,Prairie View A&M,Prairie_View_AM.xls
sportsref_download (19).xls,1995-96 Rider Broncs Men's Schedule and Results | College Basketball at Sports-Reference.com - Google Chrome,Rider,Rider_dup1785041862.xls
sportsref_download (19).xls,1995-96 Rider Broncs Men's Schedule and Results | College Basketball at Sports-Reference.com - Google Chrome,Rider,Rider_dup1785042934.xls
sportsref_download (19).xls,1995-96 Saint Peter's Peacocks Men's Schedule and Results | College Basketball at Sports-Reference.com - Google Chrome,Saint Peter's,Saint_Peters.xls
sportsref_download (19).xls,1995-96 Siena Saints Men's Schedule and Results | College Basketball at Sports-Reference.com - Google Chrome,Siena,Siena.xls
sportsref_download (19).xls,1995-96 Saint Joseph's Hawks Men's Schedule and Results | College Basketball at Sports-Reference.com - Google Chrome,Saint Joseph's,Saint_Josephs.xls
sportsref_download (19).xls,1995-96 St. Francis Brooklyn Terriers Men's Schedule and Results | College Basketball at Sports-Reference.com - Google Chrome,St. Francis Brooklyn,St_Francis_Brooklyn.xls
sportsref_download (19).xls,1995-96 Troy Trojans Men's Schedule and Results | College Basketball at Sports-Reference.com - Google Chrome,Troy,Troy.xls
sportsref_download (19).xls,1995-96 Utah State Aggies Men's Schedule and Results | College Basketball at Sports-Reference.com - Google Chrome,Utah State,Utah_State_dup1785043037.xls
sportsref_download (19).xls,1995-96 Vermont Catamounts Men's Schedule and Results | College Basketball at Sports-Reference.com - Google Chrome,Vermont,Vermont.xls
sportsref_download (19).xls,Task Switching,Task Switching,Task_Switching.xls
sportsref_download (19).xls,1995-96 William & Mary Tribe Men's Schedule and Results | College Basketball at Sports-Reference.com - Google Chrome,William & Mary,William_Mary.xls
sportsref_download (19).xls,1995-96 Centenary (LA) Gents Men's Schedule and Results | College Basketball at Sports-Reference.com - Google Chrome,Centenary (LA),Centenary_LA.xls
sportsref_download (19).xls,1995-96 Central Connecticut Blue Devils Men's Schedule and Results | College Basketball at Sports-Reference.com - Google Chrome,Central Connecticut Blue,Central_Connecticut_Blue.xls
sportsref_download (19).xls,1995-96 Charleston Southern Buccaneers Men's Schedule and Results | College Basketball at Sports-Reference.com - Google Chrome,Charleston Southern,Charleston_Southern.xls
sportsref_download (19).xls,1995-96 Charlotte 49ers Men's Schedule and Results | College Basketball at Sports-Reference.com - Google Chrome,Charlotte,Charlotte.xls
sportsref_download (19).xls,1995-96 Chattanooga Mocs Men's Schedule and Results | College Basketball at Sports-Reference.com - Google Chrome,Chattanooga,Chattanooga.xls
sportsref_download (19).xls,1995-96 Chicago State Cougars Men's Schedule and Results | College Basketball at Sports-Reference.com - Google Chrome,Chicago State,Chicago_State.xls
sportsref_download (19).xls,1995-96 Cleveland State Vikings Men's Schedule and Results | College Basketball at Sports-Reference.com - Google Chrome,Cleveland State,Cleveland_State.xls
sportsref_download (19).xls,1995-96 Coastal Carolina Chanticleers Men's Schedule and Results | College Basketball at Sports-Reference.com - Google Chrome,Coastal Carolina,Coastal_Carolina.xls
sportsref_download (19).xls,1995-96 Colgate Raiders Men's Schedule and Results | College Basketball at Sports-Reference.com - Google Chrome,Colgate,Colgate.xls
sportsref_download (19).xls,1995-96 College of Charleston Cougars Men's Schedule and Results | College Basketball at Sports-Reference.com - Google Chrome,College of Charleston,College_of_Charleston.xls
sportsref_download (19).xls,1995-96 Colorado State Rams Men's Schedule and Results | College Basketball at Sports-Reference.com - Google Chrome,Colorado State,Colorado_State.xls
sportsref_download (19).xls,1995-96 Coppin State Eagles Men's Schedule and Results | College Basketball at Sports-Reference.com - Google Chrome,Coppin State,Coppin_State.xls
sportsref_download (19).xls,1995-96 Dayton Flyers Men's Schedule and Results | College Basketball at Sports-Reference.com - Google Chrome,Dayton,Dayton.xls
sportsref_download (19).xls,1995-96 Detroit Mercy Titans Men's Schedule and Results | College Basketball at Sports-Reference.com - Google Chrome,Detroit Mercy,Detroit_Mercy.xls
sportsref_download (19).xls,1995-96 Drexel Dragons Men's Schedule and Results | College Basketball at Sports-Reference.com - Google Chrome,Drexel,Drexel.xls
sportsref_download (19).xls,1995-96 Duquesne Dukes Men's Schedule and Results | College Basketball at Sports-Reference.com - Google Chrome,Duquesne,Duquesne.xls
sportsref_download (19).xls,1995-96 East Carolina Pirates Men's Schedule and Results | College Basketball at Sports-Reference.com - Google Chrome,East Carolina,East_Carolina.xls
sportsref_download (19).xls,1995-96 Eastern Kentucky Colonels Men's Schedule and Results | College Basketball at Sports-Reference.com - Google Chrome,Eastern Kentucky,Eastern_Kentucky.xls
sportsref_download (19).xls,1995-96 Eastern Washington Eagles Men's Schedule and Results | College Basketball at Sports-Reference.com - Google Chrome,Eastern Washington,Eastern_Washington.xls
sportsref_download (19).xls,1995-96 Evansville Purple Aces Men's Schedule and Results | College Basketball at Sports-Reference.com - Google Chrome,Evansville Purple,Evansville_Purple.xls
sportsref_download (19).xls,1995-96 Florida A&M Rattlers Men's Schedule and Results | College Basketball at Sports-Reference.com - Google Chrome,Florida A&M,Florida_AM.xls
sportsref_download (19).xls,1995-96 Florida Atlantic Owls Men's Schedule and Results | College Basketball at Sports-Reference.com - Google Chrome,Florida Atlantic,Florida_Atlantic.xls
sportsref_download (19).xls,1995-96 Florida International Panthers Men's Schedule and Results | College Basketball at Sports-Reference.com - Google Chrome,Florida International,Florida_International.xls
sportsref_download (19).xls,1995-96 Fordham Rams Men's Schedule and Results | College Basketball at Sports-Reference.com - Google Chrome,Fordham,Fordham.xls
sportsref_download (19).xls,1995-96 Fresno State Bulldogs Men's Schedule and Results | College Basketball at Sports-Reference.com - Google Chrome,Fresno State,Fresno_State.xls
sportsref_download (19).xls,1995-96 Furman Paladins Men's Schedule and Results | College Basketball at Sports-Reference.com - Google Chrome,Furman,Furman.xls
sportsref_download (19).xls,1995-96 George Mason Patriots Men's Schedule and Results | College Basketball at Sports-Reference.com - Google Chrome,George Mason,George_Mason.xls
sportsref_download (19).xls,1995-96 George Washington Revolutionaries Men's Schedule and Results | College Basketball at Sports-Reference.com - Google Chrome,George Washington,George_Washington.xls
sportsref_download (19).xls,1995-96 Georgia Southern Eagles Men's Schedule and Results | College Basketball at Sports-Reference.com - Google Chrome,Georgia Southern,Georgia_Southern.xls
sportsref_download (19).xls,1995-96 Georgia State Panthers Men's Schedule and Results | College Basketball at Sports-Reference.com - Google Chrome,Georgia State,Georgia_State.xls
sportsref_download (19).xls,1995-96 Grambling Tigers Men's Schedule and Results | College Basketball at Sports-Reference.com - Google Chrome,Grambling,Grambling.xls
sportsref_download (19).xls,1995-96 Green Bay Phoenix Men's Schedule and Results | College Basketball at Sports-Reference.com - Google Chrome,Green Bay,Green_Bay.xls
sportsref_download (19).xls,1995-96 Hampton Pirates Men's Schedule and Results | College Basketball at Sports-Reference.com - Google Chrome,Hampton,Hampton.xls
sportsref_download (19).xls,1995-96 Harvard Crimson Men's Schedule and Results | College Basketball at Sports-Reference.com - Google Chrome,Harvard,Harvard.xls
sportsref_download (19).xls,1995-96 Holy Cross Crusaders Men's Schedule and Results | College Basketball at Sports-Reference.com - Google Chrome,Holy Cross,Holy_Cross.xls
sportsref_download (19).xls,1995-96 Howard Bison Men's Schedule and Results | College Basketball at Sports-Reference.com - Google Chrome,Howard,Howard.xls
sportsref_download (19).xls,1995-96 Idaho Vandals Men's Schedule and Results | College Basketball at Sports-Reference.com - Google Chrome,Idaho,Idaho.xls
sportsref_download (19).xls,1995-96 Idaho State Bengals Men's Schedule and Results | College Basketball at Sports-Reference.com - Google Chrome,Idaho State,Idaho_State.xls
sportsref_download (19).xls,1995-96 UIC Flames Men's Schedule and Results | College Basketball at Sports-Reference.com - Google Chrome,UIC,UIC.xls
sportsref_download (19).xls,1995-96 Jackson State Tigers Men's Schedule and Results | College Basketball at Sports-Reference.com - Google Chrome,Jackson State,Jackson_State.xls
sportsref_download (19).xls,1995-96 James Madison Dukes Men's Schedule and Results | College Basketball at Sports-Reference.com - Google Chrome,James Madison,James_Madison.xls
sportsref_download (19).xls,1995-96 Kansas City Roos Men's Schedule and Results | College Basketball at Sports-Reference.com - Google Chrome,Kansas City,Kansas_City.xls
sportsref_download (19).xls,1995-96 La Salle Explorers Men's Schedule and Results | College Basketball at Sports-Reference.com - Google Chrome,La Salle,La_Salle.xls
sportsref_download (19).xls,1995-96 Lamar Cardinals Men's Schedule and Results | College Basketball at Sports-Reference.com - Google Chrome,Lamar,Lamar.xls
sportsref_download (19).xls,1995-96 Lehigh Mountain Hawks Men's Schedule and Results | College Basketball at Sports-Reference.com - Google Chrome,Lehigh Mountain,Lehigh_Mountain.xls
sportsref_download (19).xls,1995-96 Little Rock Trojans Men's Schedule and Results | College Basketball at Sports-Reference.com - Google Chrome,Little Rock,Little_Rock.xls
sportsref_download (19).xls,1995-96 Long Beach State Beach Men's Schedule and Results | College Basketball at Sports-Reference.com - Google Chrome,Long Beach State,Long_Beach_State.xls
sportsref_download (19).xls,1995-96 LIU Sharks Men's Schedule and Results | College Basketball at Sports-Reference.com - Google Chrome,LIU,LIU.xls
sportsref_download (19).xls,1995-96 LIU Sharks Men's Schedule and Results | College Basketball at Sports-Reference.com - Google Chrome,LIU,LIU_dup1785048269.xls
sportsref_download (19).xls,1995-96 Loyola (IL) Ramblers Men's Schedule and Results | College Basketball at Sports-Reference.com - Google Chrome,Loyola (IL),Loyola_IL.xls
sportsref_download (19).xls,1995-96 Loyola (MD) Greyhounds Men's Schedule and Results | College Basketball at Sports-Reference.com - Google Chrome,Loyola (MD),Loyola_MD.xls
sportsref_download (19).xls,1995-96 Loyola Marymount Lions Men's Schedule and Results | College Basketball at Sports-Reference.com - Google Chrome,Loyola Marymount,Loyola_Marymount.xls
sportsref_download (19).xls,1995-96 Maine Black Bears Men's Schedule and Results | College Basketball at Sports-Reference.com - Google Chrome,Maine Black,Maine_Black.xls
sportsref_download (19).xls,1995-96 Manhattan Jaspers Men's Schedule and Results | College Basketball at Sports-Reference.com - Google Chrome,Manhattan,Manhattan.xls
sportsref_download (19).xls,1995-96 Marist Red Foxes Men's Schedule and Results | College Basketball at Sports-Reference.com - Google Chrome,Marist Red,Marist_Red.xls
sportsref_download (19).xls,1995-96 Marshall Thundering Herd Men's Schedule and Results | College Basketball at Sports-Reference.com - Google Chrome,Marshall Thundering,Marshall_Thundering.xls
sportsref_download (19).xls,1995-96 Maryland–Eastern Shore Hawks Men's Schedule and Results | College Basketball at Sports-Reference.com - Google Chrome,Maryland–Eastern Shore,MarylandEastern_Shore.xls
sportsref_download (19).xls,1995-96 UMass Minutemen Men's Schedule and Results | College Basketball at Sports-Reference.com - Google Chrome,UMass,UMass.xls
sportsref_download (19).xls,1995-96 McNeese Cowboys Men's Schedule and Results | College Basketball at Sports-Reference.com - Google Chrome,McNeese,McNeese.xls
sportsref_download (19).xls,1995-96 Mercer Bears Men's Schedule and Results | College Basketball at Sports-Reference.com - Google Chrome,Mercer,Mercer.xls
sportsref_download (19).xls,1995-96 Miami (OH) RedHawks Men's Schedule and Results | College Basketball at Sports-Reference.com - Google Chrome,Miami (OH),Miami_OH.xls
sportsref_download (19).xls,1995-96 Middle Tennessee Blue Raiders Men's Schedule and Results | College Basketball at Sports-Reference.com - Google Chrome,Middle Tennessee Blue,Middle_Tennessee_Blue.xls
sportsref_download (19).xls,1995-96 Milwaukee Panthers Men's Schedule and Results | College Basketball at Sports-Reference.com - Google Chrome,Milwaukee,Milwaukee.xls
sportsref_download (19).xls,1995-96 Mississippi Valley State Delta Devils Men's Schedule and Results | College Basketball at Sports-Reference.com - Google Chrome,Mississippi Valley State Delta,Mississippi_Valley_State_Delta.xls
sportsref_download (19).xls,1995-96 Missouri State Bears Men's Schedule and Results | College Basketball at Sports-Reference.com - Google Chrome,Missouri State,Missouri_State.xls
sportsref_download (19).xls,1995-96 Montana Grizzlies Men's Schedule and Results | College Basketball at Sports-Reference.com - Google Chrome,Montana,Montana.xls
sportsref_download (19).xls,1995-96 Montana State Bobcats Men's Schedule and Results | College Basketball at Sports-Reference.com - Google Chrome,Montana State,Montana_State.xls
sportsref_download (19).xls,1995-96 Morgan State Bears Men's Schedule and Results | College Basketball at Sports-Reference.com - Google Chrome,Morgan State,Morgan_State.xls
sportsref_download (19).xls,1995-96 Mount St. Mary's Mountaineers Men's Schedule and Results | College Basketball at Sports-Reference.com - Google Chrome,Mount St. Mary's,Mount_St_Marys.xls
sportsref_download (19).xls,1995-96 Murray State Racers Men's Schedule and Results | College Basketball at Sports-Reference.com - Google Chrome,Murray State,Murray_State.xls
sportsref_download (19).xls,1995-96 Navy Midshipmen Men's Schedule and Results | College Basketball at Sports-Reference.com - Google Chrome,Navy,Navy.xls
sportsref_download (19).xls,1995-96 UNLV Rebels Men's Schedule and Results | College Basketball at Sports-Reference.com - Google Chrome,UNLV,UNLV.xls
sportsref_download (19).xls,1995-96 Nevada Wolf Pack Men's Schedule and Results | College Basketball at Sports-Reference.com - Google Chrome,Nevada Wolf,Nevada_Wolf.xls
sportsref_download (19).xls,1995-96 New Hampshire Wildcats Men's Schedule and Results | College Basketball at Sports-Reference.com - Google Chrome,New Hampshire,New_Hampshire.xls
sportsref_download (19).xls,1995-96 New Mexico Lobos Men's Schedule and Results | College Basketball at Sports-Reference.com - Google Chrome,New Mexico,New_Mexico.xls
sportsref_download (19).xls,1995-96 New Orleans Privateers Men's Schedule and Results | College Basketball at Sports-Reference.com - Google Chrome,New Orleans,New_Orleans.xls
sportsref_download (19).xls,1995-96 Niagara Purple Eagles Men's Schedule and Results | College Basketball at Sports-Reference.com - Google Chrome,Niagara Purple,Niagara_Purple.xls
sportsref_download (19).xls,1995-96 North Carolina A&T Aggies Men's Schedule and Results | College Basketball at Sports-Reference.com - Google Chrome,North Carolina A&T,North_Carolina_AT.xls
sportsref_download (19).xls,1995-96 Northeastern Huskies Men's Schedule and Results | College Basketball at Sports-Reference.com - Google Chrome,Northeastern,Northeastern.xls
sportsref_download (19).xls,1995-96 Northeastern Illinois Golden Eagles Men's Schedule and Results | College Basketball at Sports-Reference.com - Google Chrome,Northeastern Illinois Golden,Northeastern_Illinois_Golden.xls
sportsref_download (19).xls,1995-96 Northern Arizona Lumberjacks Men's Schedule and Results | College Basketball at Sports-Reference.com - Google Chrome,Northern Arizona,Northern_Arizona.xls
sportsref_download (19).xls,1995-96 Old Dominion Monarchs Men's Schedule and Results | College Basketball at Sports-Reference.com - Google Chrome,Old Dominion,Old_Dominion.xls
sportsref_download (19).xls,1995-96 Oral Roberts Golden Eagles Men's Schedule and Results | College Basketball at Sports-Reference.com - Google Chrome,Oral Roberts Golden,Oral_Roberts_Golden.xls
sportsref_download (19).xls,1995-96 Pacific Tigers Men's Schedule and Results | College Basketball at Sports-Reference.com - Google Chrome,Pacific,Pacific.xls
sportsref_download (19).xls,1995-96 Penn Quakers Men's Schedule and Results | College Basketball at Sports-Reference.com - Google Chrome,Penn,Penn.xls
sportsref_download (19).xls,1995-96 Pepperdine Waves Men's Schedule and Results | College Basketball at Sports-Reference.com - Google Chrome,Pepperdine,Pepperdine.xls
sportsref_download (19).xls,1995-96 Portland Pilots Men's Schedule and Results | College Basketball at Sports-Reference.com - Google Chrome,Portland,Portland.xls
sportsref_download (19).xls,1995-96 Princeton Tigers Men's Schedule and Results | College Basketball at Sports-Reference.com - Google Chrome,Princeton,Princeton.xls
sportsref_download (19).xls,1995-96 Providence Friars Men's Schedule and Results | College Basketball at Sports-Reference.com - Google Chrome,Providence,Providence.xls
sportsref_download (19).xls,1995-96 Radford Highlanders Men's Schedule and Results | College Basketball at Sports-Reference.com - Google Chrome,Radford,Radford.xls
sportsref_download (19).xls,1995-96 Rhode Island Rams Men's Schedule and Results | College Basketball at Sports-Reference.com - Google Chrome,Rhode Island,Rhode_Island.xls
sportsref_download (19).xls,1995-96 Richmond Spiders Men's Schedule and Results | College Basketball at Sports-Reference.com - Google Chrome,Richmond,Richmond.xls
sportsref_download (19).xls,1995-96 Robert Morris Colonials Men's Schedule and Results | College Basketball at Sports-Reference.com - Google Chrome,Robert Morris,Robert_Morris.xls
sportsref_download (19).xls,1995-96 Sacramento State Hornets Men's Schedule and Results | College Basketball at Sports-Reference.com - Google Chrome,Sacramento State,Sacramento_State.xls
sportsref_download (19).xls,1995-96 Saint Francis (PA) Red Flash Men's Schedule and Results | College Basketball at Sports-Reference.com - Google Chrome,Saint Francis (PA) Red,Saint_Francis_PA_Red.xls
sportsref_download (19).xls,1995-96 Saint Louis Billikens Men's Schedule and Results | College Basketball at Sports-Reference.com - Google Chrome,Saint Louis,Saint_Louis.xls
sportsref_download (19).xls,1995-96 Saint Mary's Gaels Men's Schedule and Results | College Basketball at Sports-Reference.com - Google Chrome,Saint Mary's,Saint_Marys.xls
sportsref_download (19).xls,1995-96 Sam Houston Bearkats Men's Schedule and Results | College Basketball at Sports-Reference.com - Google Chrome,Sam Houston,Sam_Houston.xls
sportsref_download (19).xls,1995-96 Samford Bulldogs Men's Schedule and Results | College Basketball at Sports-Reference.com - Google Chrome,Samford,Samford.xls
sportsref_download (19).xls,1995-96 San Diego Toreros Men's Schedule and Results | College Basketball at Sports-Reference.com - Google Chrome,San Diego,San_Diego.xls
sportsref_download (19).xls,1995-96 San Diego State Aztecs Men's Schedule and Results | College Basketball at Sports-Reference.com - Google Chrome,San Diego State,San_Diego_State.xls
sportsref_download (19).xls,1995-96 San Jose State Spartans Men's Schedule and Results | College Basketball at Sports-Reference.com - Google Chrome,San Jose State,San_Jose_State.xls
sportsref_download (19).xls,1995-96 Santa Clara Broncos Men's Schedule and Results | College Basketball at Sports-Reference.com - Google Chrome,Santa Clara,Santa_Clara.xls
sportsref_download (19).xls,1995-96 Seton Hall Pirates Men's Schedule and Results | College Basketball at Sports-Reference.com - Google Chrome,Seton Hall,Seton_Hall.xls
sportsref_download (19).xls,1995-96 South Alabama Jaguars Men's Schedule and Results | College Basketball at Sports-Reference.com - Google Chrome,South Alabama,South_Alabama.xls
sportsref_download (19).xls,1995-96 South Carolina State Bulldogs Men's Schedule and Results | College Basketball at Sports-Reference.com - Google Chrome,South Carolina State,South_Carolina_State.xls
sportsref_download (19).xls,1995-96 South Florida Bulls Men's Schedule and Results | College Basketball at Sports-Reference.com - Google Chrome,South Florida,South_Florida.xls
sportsref_download (19).xls,1995-96 Southeast Missouri State Redhawks Men's Schedule and Results | College Basketball at Sports-Reference.com - Google Chrome,Southeast Missouri State,Southeast_Missouri_State.xls
sportsref_download (19).xls,1995-96 Southeastern Louisiana Lions Men's Schedule and Results | College Basketball at Sports-Reference.com - Google Chrome,Southeastern Louisiana,Southeastern_Louisiana.xls
sportsref_download (19).xls,1995-96 Southern Jaguars Men's Schedule and Results | College Basketball at Sports-Reference.com - Google Chrome,Southern,Southern.xls
sportsref_download (19).xls,1995-96 Southern Miss Golden Eagles Men's Schedule and Results | College Basketball at Sports-Reference.com - Google Chrome,Southern Miss Golden,Southern_Miss_Golden.xls
sportsref_download (19).xls,1995-96 Southern Utah Thunderbirds Men's Schedule and Results | College Basketball at Sports-Reference.com - Google Chrome,Southern Utah,Southern_Utah.xls
sportsref_download (19).xls,1995-96 St. Bonaventure Bonnies Men's Schedule and Results | College Basketball at Sports-Reference.com - Google Chrome,St. Bonaventure,St_Bonaventure.xls
sportsref_download (19).xls,1995-96 Stephen F. Austin Lumberjacks Men's Schedule and Results | College Basketball at Sports-Reference.com - Google Chrome,Stephen F. Austin,Stephen_F_Austin.xls
sportsref_download (19).xls,1995-96 Stetson Hatters Men's Schedule and Results | College Basketball at Sports-Reference.com - Google Chrome,Stetson,Stetson.xls
sportsref_download (19).xls,1995-96 Tennessee State Tigers Men's Schedule and Results | College Basketball at Sports-Reference.com - Google Chrome,Tennessee State,Tennessee_State.xls
sportsref_download (19).xls,1995-96 Tennessee Tech Golden Eagles Men's Schedule and Results | College Basketball at Sports-Reference.com - Google Chrome,Tennessee Tech Golden,Tennessee_Tech_Golden.xls
sportsref_download (19).xls,1995-96 UT Martin Skyhawks Men's Schedule and Results | College Basketball at Sports-Reference.com - Google Chrome,UT Martin,UT_Martin.xls
sportsref_download (19).xls,1995-96 Texas Southern Tigers Men's Schedule and Results | College Basketball at Sports-Reference.com - Google Chrome,Texas Southern,Texas_Southern.xls
sportsref_download (19).xls,1995-96 Texas–Rio Grande Valley Vaqueros Men's Schedule and Results | College Basketball at Sports-Reference.com - Google Chrome,Texas–Rio Grande Valley,TexasRio_Grande_Valley.xls
sportsref_download (19).xls,1995-96 The Citadel Bulldogs Men's Schedule and Results | College Basketball at Sports-Reference.com - Google Chrome,The Citadel,The_Citadel.xls
sportsref_download (19).xls,1995-96 Towson Tigers Men's Schedule and Results | College Basketball at Sports-Reference.com - Google Chrome,Towson,Towson.xls
sportsref_download (19).xls,1995-96 Tulsa Golden Hurricane Men's Schedule and Results | College Basketball at Sports-Reference.com - Google Chrome,Tulsa Golden,Tulsa_Golden.xls
sportsref_download (19).xls,1995-96 UAB Blazers Men's Schedule and Results | College Basketball at Sports-Reference.com - Google Chrome,UAB,UAB.xls
sportsref_download (19).xls,1995-96 UC Irvine Anteaters Men's Schedule and Results | College Basketball at Sports-Reference.com - Google Chrome,UC Irvine,UC_Irvine.xls
sportsref_download (19).xls,1995-96 UC Santa Barbara Gauchos Men's Schedule and Results | College Basketball at Sports-Reference.com - Google Chrome,UC Santa Barbara,UC_Santa_Barbara.xls
sportsref_download (19).xls,1995-96 UCF Knights Men's Schedule and Results | College Basketball at Sports-Reference.com - Google Chrome,UCF,UCF.xls
sportsref_download (19).xls,1995-96 UNC Asheville Bulldogs Men's Schedule and Results | College Basketball at Sports-Reference.com - Google Chrome,UNC Asheville,UNC_Asheville.xls
sportsref_download (19).xls,1995-96 UT Arlington Mavericks Men's Schedule and Results | College Basketball at Sports-Reference.com - Google Chrome,UT Arlington,UT_Arlington.xls
sportsref_download (19).xls,Task Switching,Task Switching,Task_Switching.xls
sportsref_download (19).xls,1995-96 Utah Utes Men's Schedule and Results | College Basketball at Sports-Reference.com - Google Chrome,Utah,Utah.xls
sportsref_download (19).xls,1995-96 UTSA Roadrunners Men's Schedule and Results | College Basketball at Sports-Reference.com - Google Chrome,UTSA,UTSA.xls
sportsref_download (19).xls,1995-96 VMI Keydets Men's Schedule and Results | College Basketball at Sports-Reference.com - Google Chrome,VMI,VMI.xls
sportsref_download (19).xls,1995-96 Wagner Seahawks Men's Schedule and Results | College Basketball at Sports-Reference.com - Google Chrome,Wagner,Wagner.xls
sportsref_download (19).xls,1995-96 Weber State Wildcats Men's Schedule and Results | College Basketball at Sports-Reference.com - Google Chrome,Weber State,Weber_State.xls
sportsref_download (19).xls,1995-96 West Virginia Mountaineers Men's Schedule and Results | College Basketball at Sports-Reference.com - Google Chrome,West Virginia,West_Virginia.xls
sportsref_download (19).xls,1995-96 Western Carolina Catamounts Men's Schedule and Results | College Basketball at Sports-Reference.com - Google Chrome,Western Carolina,Western_Carolina.xls
sportsref_download (19).xls,1995-96 Western Illinois Leathernecks Men's Schedule and Results | College Basketball at Sports-Reference.com - Google Chrome,Western Illinois,Western_Illinois.xls
sportsref_download (19).xls,1995-96 Western Kentucky Hilltoppers Men's Schedule and Results | College Basketball at Sports-Reference.com - Google Chrome,Western Kentucky,Western_Kentucky.xls
sportsref_download (19).xls,1995-96 Winthrop Eagles Men's Schedule and Results | College Basketball at Sports-Reference.com - Google Chrome,Winthrop,Winthrop.xls
